feature,avg_fi,stat,embedding_num
2000,0.007413655783812988,std,976
1817,0.007398797733486602,std,793
875,0.006800373532403782,mean,875
939,0.0063215839570563755,mean,939
174,0.006277225092879056,mean,174
986,0.00626432685637988,mean,986
1490,0.005708061323059902,std,466
560,0.005692746429622068,mean,560
308,0.005570924853220138,mean,308
698,0.005494730171376545,mean,698
586,0.005371515507418512,mean,586
344,0.005357248922259814,mean,344
1275,0.005142888396713582,std,251
403,0.004986561696449678,mean,403
615,0.004948041176093318,mean,615
122,0.004874509295917752,mean,122
415,0.004746189958607774,mean,415
139,0.004662643208376484,mean,139
181,0.004627698878015304,mean,181
619,0.004572065263641872,mean,619
1841,0.004325208923969432,std,817
768,0.004308188757074582,mean,768
1271,0.004277134227656804,std,247
742,0.004266778787208804,mean,742
108,0.004255475634911506,mean,108
1190,0.00423829926537165,std,166
151,0.004189114407207738,mean,151
119,0.00412925143246692,mean,119
1641,0.004111499331486994,std,617
1885,0.0040248596713481225,std,861
906,0.004003816012746988,mean,906
778,0.00393829539814678,mean,778
885,0.003931893051887822,mean,885
283,0.003856410265886462,mean,283
600,0.003791464781916646,mean,600
948,0.003765793350062192,mean,948
514,0.003690941708438458,mean,514
314,0.003633743397960536,mean,314
1535,0.003623781716690532,std,511
165,0.00361496263127494,mean,165
973,0.0035498823919452,mean,973
2041,0.003543636471063496,std,1017
210,0.0035362878240592782,mean,210
197,0.003491750702931738,mean,197
1185,0.00348139260361374,std,161
1083,0.0034794062630094202,std,59
621,0.00346166793603132,mean,621
828,0.00340466070546273,mean,828
68,0.003387526275049638,mean,68
161,0.003349148466446258,mean,161
1268,0.00333248352363381,std,244
1557,0.003316962796472768,std,533
1997,0.003245180726447804,std,973
430,0.00321937972273976,mean,430
949,0.003165807121707798,mean,949
1133,0.003156294092409398,std,109
1942,0.003074699061357686,std,918
641,0.00307458617915431,mean,641
667,0.003024863786958564,mean,667
284,0.003023311967439958,mean,284
1809,0.00296900587129121,std,785
1524,0.00292312788262388,std,500
36,0.002810991594292914,mean,36
191,0.002798504309726624,mean,191
1903,0.002751478486111064,std,879
883,0.002706530804744074,mean,883
1089,0.002705467101215926,std,65
185,0.002687366013341472,mean,185
766,0.002626335303394424,mean,766
4,0.002625102860013368,mean,4
352,0.0026105931876878458,mean,352
1591,0.002594901532667198,std,567
562,0.002558451271754152,mean,562
1017,0.002556805955222204,mean,1017
1792,0.002541442320345804,std,768
1807,0.002540841604281566,std,783
517,0.002531177190327406,mean,517
91,0.0025182127038216,mean,91
694,0.002473489263716834,mean,694
976,0.002421923496019008,mean,976
1960,0.00240033594936266,std,936
968,0.002394962767078476,mean,968
548,0.0023707318634043142,mean,548
546,0.002361984144861578,mean,546
129,0.00236054438455893,mean,129
240,0.00235543848888869,mean,240
1179,0.002343726411978204,std,155
581,0.002340342455607776,mean,581
984,0.0023400784613761003,mean,984
441,0.00232015638675584,mean,441
954,0.00230965340798279,mean,954
930,0.0022892869704068818,mean,930
938,0.002277262716676838,mean,938
639,0.002266935678238402,mean,639
1009,0.00222792116152599,mean,1009
353,0.002221158146999644,mean,353
1562,0.002214164123185506,std,538
800,0.002195936939659606,mean,800
166,0.002195312970349946,mean,166
827,0.002177817790144042,mean,827
155,0.00214705909889265,mean,155
267,0.002115958191223334,mean,267
1590,0.002110219364606454,std,566
647,0.002107072030298782,mean,647
1541,0.002104698110548364,std,517
1657,0.00208888605117109,std,633
1390,0.0020657429464547,std,366
656,0.002065577920504704,mean,656
1954,0.0020602916854605,std,930
551,0.002030489225736054,mean,551
1941,0.001998470314440328,std,917
734,0.0019940518129645942,mean,734
637,0.001988060893208714,mean,637
333,0.001974516837565854,mean,333
746,0.00197176907996277,mean,746
316,0.001958274147397272,mean,316
180,0.0019411915563279979,mean,180
1793,0.001922058401697212,std,769
1845,0.001904008144617842,std,821
969,0.001903532800290226,mean,969
1121,0.001895648387044578,std,97
1630,0.001886362662703542,std,606
534,0.001855945212188552,mean,534
2007,0.001844985980901534,std,983
703,0.0018295571757320141,mean,703
2026,0.00181587956588988,std,1002
1412,0.001786083184531326,std,388
638,0.00178411142221716,mean,638
989,0.0017756339747188,mean,989
321,0.001769080011808044,mean,321
947,0.00175915044845031,mean,947
192,0.001732858564844494,mean,192
1996,0.00170811159705791,std,972
1048,0.0016980548826689781,std,24
59,0.001695770743988632,mean,59
380,0.001677071173642114,mean,380
135,0.0016600337314208319,mean,135
1837,0.00164779270487197,std,813
157,0.0016462230856034,mean,157
602,0.001640504551332884,mean,602
1644,0.001634488480992796,std,620
219,0.00163217978535442,mean,219
795,0.001630707483202026,mean,795
907,0.001628413762911086,mean,907
250,0.001625172793253068,mean,250
582,0.001623862459314036,mean,582
779,0.001621520486838886,mean,779
1764,0.00160076570158483,std,740
1871,0.001594628529307812,std,847
99,0.001592335039530368,mean,99
341,0.001577588128982712,mean,341
792,0.001571360344165774,mean,792
306,0.001565837636333988,mean,306
679,0.0015639849416376,mean,679
112,0.001558735895825644,mean,112
1122,0.001553159515982836,std,98
1400,0.001540153109684588,std,376
46,0.001535675582305112,mean,46
1581,0.001532499696946336,std,557
1513,0.001528299192227226,std,489
343,0.001527576046023644,mean,343
404,0.001522037865010884,mean,404
563,0.001512059915644088,mean,563
1682,0.001511156535277444,std,658
275,0.0014867542432480721,mean,275
437,0.001486347543265284,mean,437
670,0.001479791218239072,mean,670
1449,0.001476711783665296,std,425
1236,0.0014707117650925759,std,212
1716,0.001462663031787224,std,692
852,0.00146132980707727,mean,852
1600,0.001446287162819854,std,576
1068,0.001440916001524948,std,44
1418,0.00143928654262491,std,394
1424,0.00143885487474695,std,400
699,0.001427589429851552,mean,699
881,0.001422261211357394,mean,881
351,0.001417559784298096,mean,351
1685,0.00141185106144114,std,661
1005,0.001402340135756842,mean,1005
238,0.001396283065337396,mean,238
822,0.00139299408820352,mean,822
1708,0.001377136961672264,std,684
1198,0.001364950684746166,std,174
1460,0.0013617713127153,std,436
470,0.001348628213886942,mean,470
1650,0.0013428270263322,std,626
866,0.0013406570899362,mean,866
1624,0.0013301767421935579,std,600
1722,0.001327279832896806,std,698
1264,0.001310324480800658,std,240
1711,0.001269432433596184,std,687
1399,0.001261878017052778,std,375
229,0.0012544131375028921,mean,229
1486,0.001253841922223294,std,462
836,0.00124892160381121,mean,836
1294,0.001241566451244604,std,270
668,0.0012358143776153101,mean,668
776,0.001230585595941184,mean,776
37,0.001227505348588666,mean,37
1950,0.00122490483431178,std,926
256,0.001224784736882528,mean,256
1956,0.001223310510226464,std,932
365,0.0012055995150995161,mean,365
1827,0.0012054219431730639,std,803
592,0.001204603083430886,mean,592
1308,0.0012015026561466619,std,284
1507,0.001199214584204934,std,483
1438,0.001187660410650958,std,414
843,0.00118011789898681,mean,843
416,0.001178192536664452,mean,416
841,0.001176409983072146,mean,841
657,0.00117495617358805,mean,657
288,0.001169668068260918,mean,288
1131,0.001169635373548184,std,107
1113,0.00116464766566291,std,89
1350,0.001164625458605914,std,326
913,0.00115908380613873,mean,913
1371,0.001139546197505884,std,347
224,0.0011257993581071499,mean,224
1820,0.001124825956981456,std,796
2025,0.00112153984862119,std,1001
25,0.001117169040206804,mean,25
245,0.00109441035396094,mean,245
933,0.001092467849989428,mean,933
327,0.001092083325896708,mean,327
1145,0.00109104959790269,std,121
1715,0.001076380971616306,std,691
259,0.0010744473164132741,mean,259
1559,0.00106922510910041,std,535
683,0.001064816879068658,mean,683
750,0.001064477198444502,mean,750
1388,0.001064475428457712,std,364
76,0.001059428996820514,mean,76
1249,0.00105790672180041,std,225
1283,0.001057386363095324,std,259
1422,0.001052271972602118,std,398
1587,0.001051145936770454,std,563
1105,0.001051140193749618,std,81
1550,0.001050928499684534,std,526
612,0.001048078005412682,mean,612
1873,0.001047949334557116,std,849
914,0.001044820551245076,mean,914
1825,0.0010439093756316,std,801
1586,0.001025145502942888,std,562
501,0.0010217288159813601,mean,501
1149,0.001014228526098334,std,125
433,0.00101091907186293,mean,433
237,0.001010096505519862,mean,237
1024,0.00100803207428468,std,0
1247,0.00100794982753697,std,223
258,0.00100164944023138,mean,258
692,0.001000615382352204,mean,692
1574,9.92469951254608e-4,std,550
577,9.90335347536212e-4,mean,577
1405,9.89971286564028e-4,std,381
1349,9.8490510155554e-4,std,325
272,9.81039147841298e-4,mean,272
1246,9.769789592079339e-4,std,222
417,9.75850291358756e-4,mean,417
1564,9.70705280021124e-4,std,540
106,9.67810144679192e-4,mean,106
871,9.62997035115428e-4,mean,871
328,9.62540168562982e-4,mean,328
1391,9.60793105380432e-4,std,367
1047,9.60783865888884e-4,std,23
100,9.60659815516406e-4,mean,100
544,9.59067186328182e-4,mean,544
184,9.575134091857181e-4,mean,184
861,9.57362097236348e-4,mean,861
141,9.57098190315176e-4,mean,141
1056,9.5670709297288e-4,std,32
249,9.550912705626701e-4,mean,249
499,9.51270509672512e-4,mean,499
1022,9.500312614272e-4,mean,1022
408,9.47512284022288e-4,mean,408
1704,9.47298576470898e-4,std,680
1762,9.440450737209361e-4,std,738
412,9.40127598712828e-4,mean,412
1948,9.3860846777855e-4,std,924
300,9.3689013475612e-4,mean,300
2010,9.34532238790822e-4,std,986
190,9.32700063755772e-4,mean,190
1301,9.26548380178938e-4,std,277
952,9.25447756406888e-4,mean,952
1667,9.18781589652656e-4,std,643
1544,9.13950594528028e-4,std,520
1152,9.12404962633754e-4,std,128
1731,9.06344406220632e-4,std,707
1352,9.02877542552246e-4,std,328
817,8.9848802221178e-4,mean,817
820,8.98020986756864e-4,mean,820
45,8.9363730423114e-4,mean,45
1832,8.931314634663059e-4,std,808
1225,8.90842001204938e-4,std,201
1175,8.876617254757e-4,std,151
1002,8.78877567309602e-4,mean,1002
1106,8.70270982635752e-4,std,82
2044,8.64073784148576e-4,std,1020
1515,8.61373067850778e-4,std,491
20,8.61068761080242e-4,mean,20
1814,8.60200150381308e-4,std,790
1576,8.56095981756532e-4,std,552
1303,8.48807182259472e-4,std,279
148,8.43552072934844e-4,mean,148
188,8.40891551785482e-4,mean,188
1201,8.35402188941544e-4,std,177
1186,8.3493738487491e-4,std,162
704,8.333713630613279e-4,mean,704
223,8.29850570208702e-4,mean,223
1932,8.20202001987182e-4,std,908
1539,8.18874264826708e-4,std,515
1448,8.16316605800632e-4,std,424
1598,8.136081412415021e-4,std,574
1162,8.0918636995779e-4,std,138
541,8.02636875190202e-4,mean,541
375,8.00967082697182e-4,mean,375
1911,7.9767079554169e-4,std,887
1223,7.96490337003462e-4,std,199
93,7.87465199124486e-4,mean,93
627,7.77624742183898e-4,mean,627
1334,7.6890933379828e-4,std,310
126,7.66174738666328e-4,mean,126
1681,7.66127132861908e-4,std,657
1010,7.65900336978728e-4,mean,1010
587,7.64962488416362e-4,mean,587
63,7.62265889008472e-4,mean,63
1605,7.61619753048264e-4,std,581
521,7.56916900976034e-4,mean,521
117,7.5149436422509e-4,mean,117
770,7.5149348971545e-4,mean,770
732,7.47619100124858e-4,mean,732
456,7.47295005554058e-4,mean,456
49,7.46513387684872e-4,mean,49
1620,7.4491013612762e-4,std,596
712,7.436560129221201e-4,mean,712
113,7.38982035539138e-4,mean,113
847,7.38336630934372e-4,mean,847
1205,7.3364801512102e-4,std,181
1553,7.29651428362554e-4,std,529
1786,7.29580359338996e-4,std,762
1777,0.00072834530910493005,std,753
589,7.24993315885758e-4,mean,589
290,7.22848540509268e-4,mean,290
956,7.21912387030818e-4,mean,956
1293,7.20164288069586e-4,std,269
95,7.19792971232812e-4,mean,95
1978,7.180709617705899e-4,std,954
823,7.1549422817922e-4,mean,823
1725,7.11323483563196e-4,std,701
1723,7.10947508185372e-4,std,699
1346,7.09928956647768e-4,std,322
1305,7.07714987199244e-4,std,281
2035,7.06693196578134e-4,std,1011
1891,7.03667760755438e-4,std,867
696,7.014886288434159e-4,mean,696
571,6.98521352414756e-4,mean,571
1833,6.97040753012532e-4,std,809
1718,6.964599790661501e-4,std,694
1940,6.95611727520678e-4,std,916
325,6.85682829514832e-4,mean,325
1025,6.8317675170952e-4,std,1
654,6.717472941696e-4,mean,654
1230,6.70104686818758e-4,std,206
945,6.6732351322949e-4,mean,945
1319,6.66959588670452e-4,std,295
1366,6.6382254994446e-4,std,342
381,6.57807299966654e-4,mean,381
428,6.57386102524862e-4,mean,428
1165,6.56832410546992e-4,std,141
1759,6.55773679620848e-4,std,735
1472,6.53852690099176e-4,std,448
1135,6.51696802461828e-4,std,111
43,6.51253855113332e-4,mean,43
1367,6.45433887541916e-4,std,343
293,6.43543631055122e-4,mean,293
573,6.43029138876892e-4,mean,573
1139,6.42309518239898e-4,std,115
1209,6.42041507958632e-4,std,185
1881,6.40949203438272e-4,std,857
606,6.39669520927398e-4,mean,606
921,6.36904879348676e-4,mean,921
130,6.36846764118056e-4,mean,130
796,6.36812237946574e-4,mean,796
461,6.36564018530702e-4,mean,461
1384,6.36506873893504e-4,std,360
1618,6.321289430672959e-4,std,594
281,6.31514836998068e-4,mean,281
342,6.3066008477264e-4,mean,342
505,6.30194597746628e-4,mean,505
150,6.29753429215432e-4,mean,150
1536,6.29316643945398e-4,std,512
789,6.25761719921124e-4,mean,789
890,6.254626427692461e-4,mean,890
154,6.24151075091838e-4,mean,154
655,6.22742339944202e-4,mean,655
2005,6.22342787173884e-4,std,981
1368,6.20779370726022e-4,std,344
808,6.203814153707919e-4,mean,808
9,6.18661921397318e-4,mean,9
378,6.17782577567414e-4,mean,378
1721,6.17326110546124e-4,std,697
550,6.16878693157166e-4,mean,550
598,6.12598684316916e-4,mean,598
345,6.12364772966928e-4,mean,345
1407,6.07409347739486e-4,std,383
772,6.06979504176644e-4,mean,772
998,6.04426862261228e-4,mean,998
1662,6.03478546254072e-4,std,638
421,5.971510569387979e-4,mean,421
729,5.96312678638156e-4,mean,729
1132,5.945608640627e-4,std,108
1791,5.94129102918632e-4,std,767
844,5.93861620379458e-4,mean,844
663,5.92266322172896e-4,mean,663
691,5.91295507636282e-4,mean,691
1579,5.912120443415519e-4,std,555
714,5.91109883475514e-4,mean,714
251,5.9071293745507e-4,mean,251
474,5.90577308609554e-4,mean,474
651,5.88876233847932e-4,mean,651
1245,5.88360542936922e-4,std,221
1829,5.87359048770126e-4,std,805
876,5.86493736491804e-4,mean,876
920,5.84345579508534e-4,mean,920
966,5.75967616557726e-4,mean,966
1552,5.73045755707126e-4,std,528
561,5.70987688474282e-4,mean,561
936,5.69378727658452e-4,mean,936
708,5.68978943623558e-4,mean,708
646,5.66379734178034e-4,mean,646
414,5.663761725042461e-4,mean,414
596,5.64460298205534e-4,mean,596
418,5.63204516054108e-4,mean,418
935,5.62258547630392e-4,mean,935
1813,5.6204782657684e-4,std,789
834,5.60910765649916e-4,mean,834
338,5.6047453995683e-4,mean,338
1729,5.59100286008778e-4,std,705
360,5.57809064256098e-4,mean,360
1634,5.56817375345778e-4,std,610
1761,5.5454787255628e-4,std,737
662,5.51531116422548e-4,mean,662
62,5.50803707406296e-4,mean,62
1732,5.4553124913671e-4,std,708
419,5.44575037047158e-4,mean,419
504,5.4287692245122e-4,mean,504
247,5.40618044478304e-4,mean,247
739,5.4004866481069e-4,mean,739
980,5.39962223240818e-4,mean,980
1421,5.3968649931182e-4,std,397
1153,5.34442244882564e-4,std,129
1503,5.3386488425129e-4,std,479
597,5.29292955463546e-4,mean,597
1343,5.2580828684319e-4,std,319
1611,5.21591662295566e-4,std,587
1542,5.21283494391838e-4,std,518
486,5.20340258625156e-4,mean,486
719,5.19603688611314e-4,mean,719
1278,5.1649984314349e-4,std,254
3,5.13356194775172e-4,mean,3
1913,5.12852938945594e-4,std,889
453,5.1100610781707e-4,mean,453
411,5.0959128622777e-4,mean,411
519,5.088983802419859e-4,mean,519
1169,5.070542290713499e-4,std,145
1973,5.033068924387e-4,std,949
1415,5.0158240376435e-4,std,391
1713,4.98859951048012e-4,std,689
310,4.97797488411952e-4,mean,310
1898,4.94962557434124e-4,std,874
1588,4.946691959373201e-4,std,564
1740,4.94392223278966e-4,std,716
495,4.93536370983538e-4,mean,495
356,4.933505401413961e-4,mean,356
1589,4.9207061825573e-4,std,565
1984,4.87810596021878e-4,std,960
1808,4.8765273519736597e-4,std,784
233,4.79546285884662e-4,mean,233
1220,4.7844511717438e-4,std,196
54,4.78336152600938e-4,mean,54
552,4.77216632037706e-4,mean,552
1867,4.75168965852488e-4,std,843
173,4.7504644558265803e-4,mean,173
886,4.74129107044922e-4,mean,886
1052,4.74029149414696e-4,std,28
1706,4.73046623567814e-4,std,682
204,4.72577041898436e-4,mean,204
503,4.71687846644534e-4,mean,503
1701,4.71309115752278e-4,std,677
1863,4.7078993358157e-4,std,839
431,4.69750905545708e-4,mean,431
178,4.67479960601406e-4,mean,178
1046,4.6745277361994803e-4,std,22
1931,4.65786152954876e-4,std,907
771,4.65511413015106e-4,mean,771
672,4.65410683061194e-4,mean,672
636,4.6508259368511996e-4,mean,636
230,4.64456655987724e-4,mean,230
955,4.64183812785346e-4,mean,955
171,4.6106500985311597e-4,mean,171
198,4.5913084028741797e-4,mean,198
1923,4.56244949751642e-4,std,899
348,4.5488763836915e-4,mean,348
400,4.52959457404524e-4,mean,400
727,4.51947166342642e-4,mean,727
1496,4.50518837569016e-4,std,472
479,4.50435391717662e-4,mean,479
1069,4.49423288685376e-4,std,45
825,4.4932787411551404e-4,mean,825
1468,4.47994325815376e-4,std,444
652,4.475681528217e-4,mean,652
1816,4.4592383228431404e-4,std,792
1193,4.44818522796842e-4,std,169
1572,4.4332250582542203e-4,std,548
1215,4.4298561714624e-4,std,191
1900,4.41397851561692e-4,std,876
567,4.4122552020590803e-4,mean,567
793,4.4019750592848e-4,mean,793
489,4.393750779585989e-4,mean,489
1062,4.3755426872749e-4,std,38
47,4.37549648512962e-4,mean,47
1300,4.3732119509085e-4,std,276
304,4.36744964636104e-4,mean,304
1100,4.34303374492614e-4,std,76
1879,4.34062752585774e-4,std,855
1987,4.3374039423203e-4,std,963
392,4.3305961224998597e-4,mean,392
1944,4.32993826996416e-4,std,920
755,4.30530527007168e-4,mean,755
513,4.29870295419042e-4,mean,513
791,4.2972642337088e-4,mean,791
555,4.2959137719031e-4,mean,555
1044,4.2927857710588e-4,std,20
1907,4.28235314201126e-4,std,883
1331,4.27834544208446e-4,std,307
1860,4.25809345717668e-4,std,836
803,4.256001817482e-4,mean,803
1144,4.25583853535598e-4,std,120
686,4.22452081329484e-4,mean,686
649,4.21635644878946e-4,mean,649
1148,4.2124713172409e-4,std,124
1082,4.2124364541707197e-4,std,58
2001,4.20349950256702e-4,std,977
1689,4.194265598841201e-4,std,665
1847,4.17376826783448e-4,std,823
92,4.16323660308068e-4,mean,92
346,4.15892671539156e-4,mean,346
1995,4.15021482082086e-4,std,971
1616,4.13736229334374e-4,std,592
167,4.13487162170896e-4,mean,167
1992,4.13042443094582e-4,std,968
1118,4.12670126702002e-4,std,94
214,4.12253612830808e-4,mean,214
292,4.11225018186698e-4,mean,292
1556,4.10833654222126e-4,std,532
962,4.1037882529131e-4,mean,962
1414,4.10196117586992e-4,std,390
73,4.08719007323102e-4,mean,73
1875,4.08455016490038e-4,std,851
1866,4.07276244847268e-4,std,842
1487,4.0695138396055e-4,std,463
878,4.06784650954672e-4,mean,878
594,4.05787445167356e-4,mean,594
765,4.0570513254305603e-4,mean,765
762,4.03073271764076e-4,mean,762
81,4.021185761572e-4,mean,81
802,4.01958621550954e-4,mean,802
2033,4.01663405704564e-4,std,1009
1299,3.99409651475638e-4,std,275
1474,3.98783975579654e-4,std,450
41,3.98508347014772e-4,mean,41
786,3.97929299622364e-4,mean,786
132,3.96616027109268e-4,mean,132
528,3.96450383493064e-4,mean,528
1023,3.94585072183738e-4,mean,1023
193,3.9350290744986e-4,mean,193
1835,3.92431602674746e-4,std,811
1608,3.9240649942225413e-4,std,584
1295,3.92263389269786e-4,std,271
1819,3.91501056969902e-4,std,795
407,3.91292165589944e-4,mean,407
1897,3.91124455618702e-4,std,873
56,3.90722349104386e-4,mean,56
158,3.9067279539180803e-4,mean,158
925,3.8976990970417797e-4,mean,925
629,3.89724311721296e-4,mean,629
445,3.8951107168068e-4,mean,445
1909,3.8947395868412003e-4,std,885
536,3.88208966027054e-4,mean,536
1256,3.85729493931046e-4,std,232
769,3.85282401095506e-4,mean,769
1097,3.84335280803356e-4,std,73
202,3.8346033386504e-4,mean,202
207,3.83407483035726e-4,mean,207
888,3.83179753710352e-4,mean,888
196,3.8189471491237e-4,mean,196
1432,3.80311116393188e-4,std,408
254,3.7950681282008e-4,mean,254
1376,3.79274949399094e-4,std,352
1389,3.78094012412036e-4,std,365
481,3.77983982324684e-4,mean,481
2021,3.76890882592646e-4,std,997
1445,3.7668506004714204e-4,std,421
1533,3.7602747224380604e-4,std,509
246,3.72268514950674e-4,mean,246
1320,3.72008269512958e-4,std,296
2024,3.7199001989584e-4,std,1000
241,3.69420788775658e-4,mean,241
1831,3.68283592696824e-4,std,807
711,3.6664010248363003e-4,mean,711
70,3.66180716946326e-4,mean,70
1332,3.65583637680626e-4,std,308
1039,3.6491768048677e-4,std,15
849,3.638953722424942e-4,mean,849
821,3.6290855385688e-4,mean,821
1643,3.6286761587075403e-4,std,619
653,3.62578686338792e-4,mean,653
874,3.61766777813864e-4,mean,874
1011,3.61463281897778e-4,mean,1011
5,3.59344201043662e-4,mean,5
374,3.58873368277022e-4,mean,374
937,3.5746913065107e-4,mean,937
873,3.56937533828932e-4,mean,873
1207,3.56867026439646e-4,std,183
1296,3.56766727775054e-4,std,272
1257,3.5614399091913e-4,std,233
588,3.53940386930292e-4,mean,588
1222,3.53798217803344e-4,std,198
397,3.51761187997738e-4,mean,397
199,3.51362721962504e-4,mean,199
1664,3.50889109578204e-4,std,640
1458,3.5033974035538e-4,std,434
1061,3.47478673273348e-4,std,37
1756,3.4723762212013e-4,std,732
1794,3.4652226467335597e-4,std,770
1387,3.46267359564398e-4,std,363
870,3.45462005034042e-4,mean,870
590,3.43179718131624e-4,mean,590
1993,3.43169118831654e-4,std,969
145,3.42938894311012e-4,mean,145
235,3.41261322479354e-4,mean,235
1287,3.40188472479474e-4,std,263
1314,3.37823448322342e-4,std,290
1561,3.37760674804744e-4,std,537
334,3.35676592386232e-4,mean,334
186,3.35342483377468e-4,mean,186
1659,3.3370890600792515e-4,std,635
1254,3.33110437696752e-4,std,230
200,3.32282879711658e-4,mean,200
88,3.3207839520216e-4,mean,88
359,3.3177055706918397e-4,mean,359
142,3.3176844558997e-4,mean,142
382,3.31714164753282e-4,mean,382
813,3.3154061442062e-4,mean,813
218,3.31469397649324e-4,mean,218
405,3.3143859071327596e-4,mean,405
780,3.30232930436574e-4,mean,780
1006,3.28682906073184e-4,mean,1006
1475,3.26244582871426e-4,std,451
1998,3.258521137771891e-4,std,974
1435,3.23392099997022e-4,std,411
759,3.22787938058584e-4,mean,759
1377,3.2258415127774e-4,std,353
1566,3.22207636241726e-4,std,542
1013,3.22163195625104e-4,mean,1013
1527,3.1963025130562e-4,std,503
831,3.16762559542156e-4,mean,831
1517,3.15840523217192e-4,std,493
1070,3.14248246275278e-4,std,46
1003,3.14176745209916e-4,mean,1003
1312,3.13371332582596e-4,std,288
1914,3.13336924802368e-4,std,890
1436,3.12533272181206e-4,std,412
1402,3.12298642550744e-4,std,378
1041,3.12281380018632e-4,std,17
1771,3.11800766468432e-4,std,747
616,3.1143858636923e-4,mean,616
879,3.09923571277262e-4,mean,879
1518,3.09161824248724e-4,std,494
1970,3.0882431333295634e-4,std,946
1780,3.08801998914204e-4,std,756
86,3.08478617370532e-4,mean,86
807,3.0699763373938e-4,mean,807
1571,3.0595944678625997e-4,std,547
1311,3.0553803541897e-4,std,287
1666,3.050236624082233e-4,std,642
1178,3.0500125123958003e-4,std,154
295,3.04910980151838e-4,mean,295
369,3.0411819172395e-4,mean,369
2020,3.04050418941528e-4,std,996
593,3.02779453372956e-4,mean,593
1385,3.02085618024158e-4,std,361
426,3.02033113783862e-4,mean,426
2034,3.0044278793372e-4,std,1010
1859,3.0018083698714397e-4,std,835
545,2.98568468806822e-4,mean,545
1733,2.98536201346436e-4,std,709
530,2.98260016189986e-4,mean,530
28,2.9812719686012003e-4,mean,28
1064,2.96846234171506e-4,std,40
775,2.958836816765474e-4,mean,775
1622,2.95698545263418e-4,std,598
361,2.94567832519134e-4,mean,361
845,2.9232928340429203e-4,mean,845
911,2.90963905788084e-4,mean,911
35,2.90610908888718e-4,mean,35
1852,2.89625421073536e-4,std,828
1110,2.89549915242948e-4,std,86
261,2.89399255778754e-4,mean,261
115,2.89118783775596e-4,mean,115
1735,2.8767319381837797e-4,std,711
977,2.87639066820438e-4,mean,977
1116,2.87412967762492e-4,std,92
533,2.87317550758368e-4,mean,533
443,2.87024282614856e-4,mean,443
1431,2.86935741669204e-4,std,407
1613,2.86888390499056e-4,std,589
1788,2.86513167527174e-4,std,764
1751,2.84389312600742e-4,std,727
761,2.84353852909786e-4,mean,761
1917,2.84328966230162e-4,std,893
702,2.82317091481322e-4,mean,702
1639,2.82030859854664e-4,std,615
1315,2.81837718900812e-4,std,291
1943,2.81688480330364e-4,std,919
1051,2.81573565767258e-4,std,27
1836,2.81527888911596e-4,std,812
1065,2.81424752648758e-4,std,41
1637,2.81162441618022e-4,std,613
810,2.80897380180562e-4,mean,810
1074,2.8052803513398323e-4,std,50
322,2.80494895016094e-4,mean,322
395,2.80373960087772e-4,mean,395
1348,2.80270459880508e-4,std,324
1262,2.79972378466686e-4,std,238
1951,2.79362647783156e-4,std,927
877,2.7850464594844e-4,mean,877
1077,2.7778808931611603e-4,std,53
311,2.7764691238622597e-4,mean,311
1365,2.77332841210422e-4,std,341
296,2.7688549360066597e-4,mean,296
1905,2.76287778090488e-4,std,881
678,2.76192387498454e-4,mean,678
1001,2.75875855494656e-4,mean,1001
128,2.75420737576742e-4,mean,128
51,2.74590358779872e-4,mean,51
1459,2.74465813142766e-4,std,435
1625,2.7420302009809e-4,std,601
1067,2.7411909447198e-4,std,43
633,2.73933848083936e-4,mean,633
860,2.738771915111452e-4,mean,860
1444,2.7354454447339803e-4,std,420
355,2.72687246113738e-4,mean,355
756,2.71177681796146e-4,mean,756
981,2.71152633040884e-4,mean,981
809,2.69974398511134e-4,mean,809
1154,2.69606026551666e-4,std,130
156,2.66638666909712e-4,mean,156
282,2.66215733052126e-4,mean,282
675,2.65352488669068e-4,mean,675
1604,2.6488401522552403e-4,std,580
730,2.64803819988636e-4,mean,730
832,2.64587438059378e-4,mean,832
1994,2.64275569228132e-4,std,970
492,2.6421324487261e-4,mean,492
1427,2.64093964488966e-4,std,403
1750,2.63135132496148e-4,std,726
262,2.63102289437674e-4,mean,262
163,2.628828613293304e-4,mean,163
1953,2.62759242106004e-4,std,929
187,2.62666320216004e-4,mean,187
1045,2.62073839311894e-4,std,21
2003,2.58808419343688e-4,std,979
1757,2.58763132085644e-4,std,733
1355,2.58373951949376e-4,std,331
390,2.57812204316344e-4,mean,390
136,0.00025761772518427247,mean,136
716,2.57374695666724e-4,mean,716
409,2.564710513796e-4,mean,409
8,2.5646562265104e-4,mean,8
1330,2.56105775916208e-4,std,306
1619,2.55956870972394e-4,std,595
690,2.5580217206823397e-4,mean,690
811,2.55241600702532e-4,mean,811
1782,2.5489934538632067e-4,std,758
901,2.5385131946141997e-4,mean,901
2019,2.536417995868083e-4,std,995
1443,2.5363274709263e-4,std,419
838,2.52808044731772e-4,mean,838
1938,2.5206003592536e-4,std,914
465,2.51186337187546e-4,mean,465
468,2.50150836953372e-4,mean,468
889,2.49886690808378e-4,mean,889
1325,2.4962587629494997e-4,std,301
1028,2.4943672225061924e-4,std,4
454,2.489329646960815e-4,mean,454
713,2.48883065696484e-4,mean,713
1803,2.48693644081664e-4,std,779
1787,2.48167361396982e-4,std,763
1359,2.47697861269186e-4,std,335
1107,2.47383582987292e-4,std,83
507,2.47188329844948e-4,mean,507
1241,2.46559325717274e-4,std,217
422,2.46544099306618e-4,mean,422
273,2.4648179879952e-4,mean,273
826,2.46468646061672e-4,mean,826
1429,2.45835553320168e-4,std,405
635,2.45719158100554e-4,mean,635
2045,2.45379194526664e-4,std,1021
337,2.45184085433864e-4,mean,337
1401,2.45113363129976e-4,std,377
114,2.44716156779336e-4,mean,114
140,2.445505824237e-4,mean,140
215,2.44446063056248e-4,mean,215
1478,2.43324277907508e-4,std,454
447,2.4330291108771e-4,mean,447
767,2.42437484489328e-4,mean,767
858,2.42022452337894e-4,mean,858
1985,2.41706937688616e-4,std,961
1426,2.4032763887070602e-4,std,402
1986,2.400780857354955e-4,std,962
176,2.3806929399203199e-4,mean,176
78,2.37515560438688e-4,mean,78
1610,2.3749327989505144e-4,std,586
1656,2.37445344797656e-4,std,632
1805,2.37283560417322e-4,std,781
1773,2.3701366993058e-4,std,749
1856,2.36945754051538e-4,std,832
89,2.3656105738788e-4,mean,89
1795,2.36438166084274e-4,std,771
736,2.3623243376357e-4,mean,736
842,2.3622909223994002e-4,mean,842
931,2.36181349616642e-4,mean,931
265,2.3616944112429635e-4,mean,265
1413,2.36037340335994e-4,std,389
462,2.36001713907442e-4,mean,462
1261,2.35885454272268e-4,std,237
997,2.35153158475394e-4,mean,997
1156,2.34883370644972e-4,std,132
226,2.3373408157143798e-4,mean,226
1210,2.33289487895054e-4,std,186
203,2.329951929380743e-4,mean,203
1939,2.32510227515532e-4,std,915
1509,2.32331747454716e-4,std,485
1026,2.32081810587928e-4,std,2
812,2.3121186786706304e-4,mean,812
894,2.308794581130063e-4,mean,894
1775,2.30627025911804e-4,std,751
1347,2.30526925645658e-4,std,323
97,2.30236405609304e-4,mean,97
1329,2.301608622996267e-4,std,305
17,2.29101234504832e-4,mean,17
751,2.29066434363554e-4,mean,751
367,2.2889959583310602e-4,mean,367
477,2.27871677216908e-4,mean,477
626,2.27727105375264e-4,mean,626
205,2.2745967414371972e-4,mean,205
631,2.2601699843191202e-4,mean,631
620,2.2550665012028e-4,mean,620
951,2.2510978388660428e-4,mean,951
475,2.2493828257777798e-4,mean,475
1543,2.24413991037702e-4,std,519
358,2.23858739380966e-4,mean,358
1872,2.22993099981638e-4,std,848
458,2.22961218897876e-4,mean,458
1516,2.22807366200474e-4,std,492
1115,2.2252876750078802e-4,std,91
349,2.21988598997422e-4,mean,349
388,2.21974205569826e-4,mean,388
387,2.214671301865e-4,mean,387
524,2.2136450797141798e-4,mean,524
864,2.2122792940954e-4,mean,864
1601,2.20548305003708e-4,std,577
1239,2.202808369323569e-4,std,215
585,2.1996157575829213e-4,mean,585
266,2.19568026474068e-4,mean,266
707,2.1936353837419e-4,mean,707
1342,2.19324208430604e-4,std,318
1480,2.1881168475939e-4,std,456
818,2.1830491873131e-4,mean,818
175,2.1801804738673597e-4,mean,175
1703,2.17812436851408e-4,std,679
1420,2.17811618150946e-4,std,396
854,2.1703097361638e-4,mean,854
1676,2.16893237027468e-4,std,652
363,2.16667817166458e-4,mean,363
1784,2.16428167003614e-4,std,760
527,2.16286933657694e-4,mean,527
1749,2.16128374347944e-4,std,725
764,2.14739621113046e-4,mean,764
1919,2.1432158573313e-4,std,895
1019,2.14272482344142e-4,mean,1019
558,2.14226875846178e-4,mean,558
488,2.1409203757737799e-4,mean,488
526,2.140382999996401e-4,mean,526
116,2.13775253785366e-4,mean,116
1569,2.13190964649502e-4,std,545
1184,2.1311899603341998e-4,std,160
336,2.1298085216404e-4,mean,336
607,2.12862036975462e-4,mean,607
1799,2.12732853725324e-4,std,775
160,2.11901924453334e-4,mean,160
1109,2.11794006780196e-4,std,85
584,2.11058898341368e-4,mean,584
211,2.105943939021627e-4,mean,211
55,2.10356689501478e-4,mean,55
697,2.1010272373096601e-4,mean,697
1020,2.09605286164264e-4,mean,1020
1741,2.0894800599194303e-4,std,717
1071,2.0845567978976202e-4,std,47
170,2.08407064258986e-4,mean,170
1730,2.08210513857492e-4,std,706
1843,2.07897350199744e-4,std,819
1398,2.0734834649839198e-4,std,374
329,2.07122464176428e-4,mean,329
1018,2.06824640119348e-4,mean,1018
376,2.0624879935061198e-4,mean,376
1137,2.06185858822052e-4,std,113
313,2.05058638342256e-4,mean,313
1218,2.04586363455392e-4,std,194
1626,2.0447115367716e-4,std,602
1102,2.0393630344563e-4,std,78
1592,2.0351880468306e-4,std,568
452,2.0346493047461e-4,mean,452
221,2.033748815889444e-4,mean,221
740,2.03225556230088e-4,mean,740
1540,2.0298501281239365e-4,std,516
38,2.02964800023318e-4,mean,38
1101,2.02756431509692e-4,std,77
1671,2.0259107180741e-4,std,647
763,2.0238695458369444e-4,mean,763
1555,2.0198913392877402e-4,std,531
1465,2.01900268126602e-4,std,441
302,2.01829441597548e-4,mean,302
225,2.00520130585042e-4,mean,225
1767,2.00409575897024e-4,std,743
1181,2.0040698075123205e-4,std,157
1981,2.00249911283716e-4,std,957
623,2.0019128407165857e-4,mean,623
1755,2.0018875264141126e-4,std,731
1138,2.00043028542354e-4,std,114
1869,1.9973436926117e-4,std,845
1473,1.99433527551214e-4,std,449
682,1.9909810629979e-4,mean,682
2027,1.988048947987e-4,std,1003
523,1.98729775466036e-4,mean,523
899,1.98629002425568e-4,mean,899
494,1.98516802680888e-4,mean,494
829,1.98508977688918e-4,mean,829
1099,1.9749532877523396e-4,std,75
1849,1.97363469278402e-4,std,825
23,1.9723627168016523e-4,mean,23
643,1.9689409094587754e-4,mean,643
1050,1.9637262419163642e-4,std,26
30,1.96185545578668e-4,mean,30
1727,1.9591832168847632e-4,std,703
354,1.955550173314701e-4,mean,354
1183,1.953715068932336e-4,std,159
324,1.9523256416492999e-4,mean,324
1410,1.9520178895283402e-4,std,386
798,1.95173012947506e-4,mean,798
701,1.94930199733348e-4,mean,701
1623,1.945022348988072e-4,std,599
2009,1.94002679166292e-4,std,985
1665,1.9379027754576575e-4,std,641
1126,1.9370206496855996e-4,std,102
1906,1.93518014354722e-4,std,882
1768,1.93334211956716e-4,std,744
614,1.93157692662268e-4,mean,614
624,1.9292843077924125e-4,mean,624
950,1.9287761591379492e-4,mean,950
946,1.9268913256278801e-4,mean,946
923,1.9235482056737e-4,mean,923
350,1.92048667566982e-4,mean,350
735,1.91921379703248e-4,mean,735
833,1.91693687184686e-4,mean,833
749,1.9114904388155198e-4,mean,749
1119,1.9088434251425e-4,std,95
884,1.9073768046792863e-4,mean,884
255,1.90707580024668e-4,mean,255
1304,1.90346340659396e-4,std,280
1233,1.90269394059816e-4,std,209
961,1.89495798797436e-4,mean,961
1451,1.890811701621718e-4,std,427
1265,1.8897735742167e-4,std,241
1989,1.8891338603122402e-4,std,965
1361,1.8882623699299e-4,std,337
924,1.8858877098448e-4,mean,924
143,1.88039490651958e-4,mean,143
1870,1.87715090644218e-4,std,846
162,1.87639509616476e-4,mean,162
15,1.87424097425062e-4,mean,15
1327,1.8732592553520199e-4,std,303
917,1.8710752718555668e-4,mean,917
1339,1.8675010689732377e-4,std,315
1614,1.8667092727780066e-4,std,590
450,1.862920579670458e-4,mean,450
1269,1.8577517269723434e-4,std,245
724,1.85756830733408e-4,mean,724
509,1.8550161012724e-4,mean,509
1146,1.85344828154106e-4,std,122
1476,1.8530474775934816e-4,std,452
318,1.85015828521706e-4,mean,318
278,1.8468932934133757e-4,mean,278
540,1.84573755690778e-4,mean,540
383,1.83894286555046e-4,mean,383
2039,1.83771817415738e-4,std,1015
104,1.83675962357038e-4,mean,104
535,1.8363555029638e-4,mean,535
904,1.8345174385894645e-4,mean,904
1273,1.8289286631948e-4,std,249
634,1.8283235225676e-4,mean,634
1098,1.82606735778136e-4,std,74
1670,1.8242781387895602e-4,std,646
855,1.81976093291606e-4,mean,855
1288,1.81841088900888e-4,std,264
471,1.81469111742148e-4,mean,471
537,1.81288377045524e-4,mean,537
2043,1.8120998295242252e-4,std,1019
362,1.81182660189248e-4,mean,362
1163,1.8046492530459e-4,std,139
1194,1.80435039580262e-4,std,170
928,1.80423215416318e-4,mean,928
1455,1.8030570633140628e-4,std,431
960,1.7989931381801998e-4,mean,960
985,1.79279572240656e-4,mean,985
995,1.7908522878381e-4,mean,995
1934,1.7842572801894001e-4,std,910
236,1.78377666506954e-4,mean,236
1534,1.77596668518758e-4,std,510
466,1.77594410311714e-4,mean,466
1180,1.7721781811592399e-4,std,156
869,1.76970109955254e-4,mean,869
515,1.7693542516233172e-4,mean,515
919,1.7625319488453496e-4,mean,919
1434,1.7579387860245266e-4,std,410
14,1.7537123857844282e-4,mean,14
958,1.75322303137726e-4,mean,958
1379,1.7528137853638e-4,std,355
853,1.7526495370910882e-4,mean,853
467,1.7514268261233445e-4,mean,467
220,1.7491737294138e-4,mean,220
1464,1.74618335910608e-4,std,440
1822,1.74567417204634e-4,std,798
1085,1.74538753084236e-4,std,61
1187,1.7444014622836743e-4,std,163
1378,1.744207877561454e-4,std,354
434,1.74287544083686e-4,mean,434
1447,1.740203020767669e-4,std,423
52,1.73931070906434e-4,mean,52
1326,1.735929550238139e-4,std,302
1603,1.7337607185027e-4,std,579
34,1.73292659288768e-4,mean,34
1333,1.7215330566370754e-4,std,309
1030,1.7210147144167595e-4,std,6
263,1.71928328940758e-4,mean,263
895,1.71028398775718e-4,mean,895
231,1.7082406648994e-4,mean,231
1446,1.7072571461704015e-4,std,422
1765,1.7072283917489488e-4,std,741
252,1.7070269760573601e-4,mean,252
1419,1.7051034217750198e-4,std,395
1501,1.7005263581325037e-4,std,477
1323,1.69560723016108e-4,std,299
232,1.6955728623332876e-4,mean,232
1977,1.6950745827896607e-4,std,953
1014,1.69479492443062e-4,mean,1014
857,1.6944929231929747e-4,mean,857
814,1.694387339653681e-4,mean,814
65,1.6875989923764278e-4,mean,65
85,1.6848601184595748e-4,mean,85
1519,1.680939129886189e-4,std,495
40,1.6795630276737e-4,mean,40
1227,1.6753126895649692e-4,std,203
908,1.67046701457286e-4,mean,908
1654,1.666200967237808e-4,std,630
897,1.6657732658877537e-4,mean,897
1267,1.6643712162219503e-4,std,243
1910,1.6597823965949044e-4,std,886
1086,1.6578055996542e-4,std,62
159,1.65727297693852e-4,mean,159
959,1.6570517117776097e-4,mean,959
722,1.65556325283164e-4,mean,722
862,1.6522630773360217e-4,mean,862
1279,1.64800610665848e-4,std,255
1531,1.64471576075468e-4,std,507
944,1.64313152837042e-4,mean,944
1411,1.64086794530806e-4,std,387
285,1.6393093439592618e-4,mean,285
1143,1.6329871960126395e-4,std,119
209,1.6328642182565119e-4,mean,209
109,1.63168477453164e-4,mean,109
671,1.6304129892966528e-4,mean,671
1492,1.628563594428141e-4,std,468
1494,1.6275548767615843e-4,std,470
2013,1.61768848446054e-4,std,989
1655,1.61646053231368e-4,std,631
758,1.6147182541582155e-4,mean,758
661,1.61311356157178e-4,mean,661
1463,1.6102490443891377e-4,std,439
794,1.6095929499865172e-4,mean,794
1450,1.60947714257168e-4,std,426
1707,1.60778097971244e-4,std,683
16,1.6060192770649874e-4,mean,16
575,1.6042192310072504e-4,mean,575
111,1.6020111853014464e-4,mean,111
819,1.60129523325626e-4,mean,819
557,1.5965044229423848e-4,mean,557
706,1.5955251932044822e-4,mean,706
1177,1.5931722182827e-4,std,153
856,1.58975867341874e-4,mean,856
979,1.5889527117273307e-4,mean,979
689,1.58037242649924e-4,mean,689
1886,1.5800659836334377e-4,std,862
1615,1.57880420251782e-4,std,591
1582,1.5762741924404999e-4,std,558
484,1.5758955359247568e-4,mean,484
595,1.5744548862445582e-4,mean,595
963,1.57370366851154e-4,mean,963
1961,1.569152523759353e-4,std,937
1922,1.568464471445233e-4,std,898
50,1.5678111266934056e-4,mean,50
1597,1.5669420575885684e-4,std,573
1753,1.56349654516136e-4,std,729
846,1.56341639493392e-4,mean,846
2038,1.5617497396917606e-4,std,1014
315,1.55761162123316e-4,mean,315
72,1.5564792518708273e-4,mean,72
717,1.55568317813422e-4,mean,717
916,1.5542027305905312e-4,mean,916
975,1.5525995743631105e-4,mean,975
2002,1.55243567928568e-4,std,978
1912,1.5521298631958759e-4,std,888
1081,1.5443583267709524e-4,std,57
401,1.54193500163518e-4,mean,401
1955,1.5398256148649824e-4,std,931
1712,1.5377392448528423e-4,std,688
410,1.53360210195252e-4,mean,410
1878,1.5323908236243583e-4,std,854
1770,1.5308773736642144e-4,std,746
972,1.5306979210133074e-4,mean,972
934,1.5305349576201518e-4,mean,934
124,1.5285674462850302e-4,mean,124
941,1.5285225190219236e-4,mean,941
900,1.5277850110931792e-4,mean,900
681,1.5254233926948163e-4,mean,681
1226,1.5250668716218716e-4,std,202
695,1.5238087752371605e-4,mean,695
1547,1.52274989401594e-4,std,523
684,1.5183002139667432e-4,mean,684
1058,1.51489852964202e-4,std,34
164,1.5142966029793318e-4,mean,164
1853,1.51379813915908e-4,std,829
101,1.5131630691827568e-4,mean,101
385,1.5095874105886358e-4,mean,385
1491,1.509559927886049e-4,std,467
6,1.5094633986972313e-4,mean,6
201,1.5089262105161594e-4,mean,201
79,1.507392328491509e-4,mean,79
1372,1.50435374678744e-4,std,348
1049,1.501271595610567e-4,std,25
303,1.5000298837924283e-4,mean,303
1798,1.4984580622419145e-4,std,774
867,1.4959627318633967e-4,mean,867
339,1.4855622893961254e-4,mean,339
1212,1.4802161594990444e-4,std,188
2036,1.48011016433628e-4,std,1012
518,1.4767608163483278e-4,mean,518
1042,1.4734452135451998e-4,std,18
835,1.4732288463002765e-4,mean,835
1645,1.46991244759387e-4,std,621
1461,1.468844085978478e-4,std,437
386,1.4673487911527e-4,mean,386
1035,1.463207838016055e-4,std,11
384,1.4554544574105517e-4,mean,384
1318,1.4543435779070419e-4,std,294
522,1.4539099548234013e-4,mean,522
1456,1.45291782557548e-4,std,432
788,1.45145697403134e-4,mean,788
632,1.450123453167625e-4,mean,632
74,1.4438048306365721e-4,mean,74
309,1.4423683396091812e-4,mean,309
967,1.440445627440473e-4,mean,967
317,1.4380094989377505e-4,mean,317
1824,1.4361582969415e-4,std,800
891,1.434977083156546e-4,mean,891
1844,1.4334394624139604e-4,std,820
892,1.432351936032747e-4,mean,892
783,1.4289513687325801e-4,mean,783
77,1.4278397457340782e-4,mean,77
19,1.42705549854574e-4,mean,19
754,1.42524754863826e-4,mean,754
1669,1.425134918806332e-4,std,645
1532,1.4240068682929555e-4,std,508
1705,1.4217840365963422e-4,std,681
1621,1.4166265901867999e-4,std,597
1199,1.4133485981105673e-4,std,175
217,1.4100230295562233e-4,mean,217
915,1.4098600433023851e-4,mean,915
287,1.4071691615373627e-4,mean,287
753,1.3977188798226225e-4,mean,753
1672,1.396702762629978e-4,std,648
909,0.00013959120243871659,mean,909
645,1.3956193269452295e-4,mean,645
1691,1.3949376160168208e-4,std,667
463,1.3940884214705434e-4,mean,463
1380,1.393771653275774e-4,std,356
993,1.393202982544952e-4,mean,993
1344,1.3914050744239689e-4,std,320
549,1.39045905781096e-4,mean,549
39,1.3893231795338604e-4,mean,39
1580,1.3892952319385799e-4,std,556
1337,1.3888929612013612e-4,std,313
53,1.381740994276217e-4,mean,53
570,1.3789857315821136e-4,mean,570
1452,1.3783551912459327e-4,std,428
32,1.3753610592682797e-4,mean,32
1857,1.3731160676402155e-4,std,833
107,1.3729870023877484e-4,mean,107
1790,1.3725767272288153e-4,std,766
1292,1.3684427575467211e-4,std,268
1521,1.3672307284622e-4,std,497
1219,1.3669905469925698e-4,std,195
738,1.366286586020028e-4,mean,738
502,1.3639363117227726e-4,mean,502
902,1.363756636949409e-4,mean,902
87,1.3632759428262747e-4,mean,87
319,1.36069103155539e-4,mean,319
168,1.3595839856743366e-4,mean,168
1558,1.3555372052350133e-4,std,534
508,1.3554025324309917e-4,mean,508
1946,1.3525619530102058e-4,std,922
1678,1.35240943712316e-4,std,654
1276,1.3521179412280467e-4,std,252
1565,1.3497315221234278e-4,std,541
1899,1.3466380355366998e-4,std,875
1031,1.346064967626151e-4,std,7
153,1.341686025622202e-4,mean,153
531,1.3415812901697036e-4,mean,531
144,1.3392381366905725e-4,mean,144
332,1.3389386671736888e-4,mean,332
1673,1.3299855084394568e-4,std,649
1990,1.326934142118719e-4,std,966
1404,1.326781523886374e-4,std,380
510,1.32651688229788e-4,mean,510
424,1.3261565477297137e-4,mean,424
1255,1.3260214906116521e-4,std,231
1710,1.320578353276143e-4,std,686
1034,1.3162567493352429e-4,std,10
1174,1.3119032890944706e-4,std,150
1120,1.3116574846125734e-4,std,96
149,1.3093371753941644e-4,mean,149
611,1.3071777885882656e-4,mean,611
1975,1.297055795069785e-4,std,951
312,1.296295093637239e-4,mean,312
1442,1.2951586495067027e-4,std,418
664,1.2934101089227495e-4,mean,664
1647,1.2927896224319764e-4,std,623
942,1.2926670945606131e-4,mean,942
782,1.291646359680849e-4,mean,782
1211,1.289585090749973e-4,std,187
1834,1.2893362262615373e-4,std,810
1949,1.288004400599683e-4,std,925
700,1.2865098546810554e-4,mean,700
731,1.2855295034948e-4,mean,731
910,1.2840800617592576e-4,mean,910
971,1.283475346909275e-4,mean,971
1266,1.2822321730302755e-4,std,242
1505,1.281626582486759e-4,std,481
990,1.2784547204875118e-4,mean,990
506,1.2738471174060422e-4,mean,506
1631,1.2731048620678016e-4,std,607
640,1.2714948987738365e-4,mean,640
1150,1.2690311218284083e-4,std,126
868,1.2679883052033576e-4,mean,868
705,1.2665225426030028e-4,mean,705
280,1.2643496987714287e-4,mean,280
1901,1.2635213833609146e-4,std,877
75,1.2631949942959206e-4,mean,75
1328,1.2627544606543643e-4,std,304
294,1.25788068320118e-4,mean,294
1724,1.257845531308455e-4,std,700
1653,1.2568722621795887e-4,std,629
1752,1.2530575862421708e-4,std,728
1439,1.2501178415058378e-4,std,415
413,1.2499636026016566e-4,mean,413
94,1.2492436910551349e-4,mean,94
271,1.248673563609035e-4,mean,271
1612,1.2445309268794668e-4,std,588
2047,1.2419410127410908e-4,std,1023
291,1.2398773948027e-4,mean,291
1182,1.230586918717159e-4,std,158
432,1.22452790706691e-4,mean,432
366,1.223586931917005e-4,mean,366
1403,1.222261495792603e-4,std,379
728,1.2209847956925826e-4,mean,728
859,1.22036736521346e-4,mean,859
1111,1.2199720086230885e-4,std,87
1537,1.2165110588705244e-4,std,513
1338,1.2153055181740921e-4,std,314
1889,1.213970082765182e-4,std,865
1157,1.213924381558526e-4,std,133
1746,1.2129281459693612e-4,std,722
1356,1.2126998198611861e-4,std,332
389,1.209720544509373e-4,mean,389
978,1.2095063246198712e-4,mean,978
1693,1.2089363834110977e-4,std,669
1804,1.2089362891834211e-4,std,780
1441,1.2077430835762335e-4,std,417
1284,1.2072455705995756e-4,std,260
1648,1.2069345714844875e-4,std,624
1043,1.2069310659345907e-4,std,19
801,1.2050644503772691e-4,mean,801
1200,1.2049269241490788e-4,std,176
737,1.2036094549943251e-4,mean,737
1316,1.20334818533668e-4,std,292
1272,1.1999531570412616e-4,std,248
1160,1.1998946718273605e-4,std,136
547,1.1973695489772069e-4,mean,547
1781,1.1973028295215795e-4,std,757
982,1.1969686498864892e-4,mean,982
305,1.1946205709040588e-4,mean,305
335,1.1928048705492799e-4,mean,335
1363,1.1927255534462087e-4,std,339
1508,1.1925874267371411e-4,std,484
243,1.1918920351165204e-4,mean,243
1596,1.1917917843818145e-4,std,572
2037,1.1908006488954246e-4,std,1013
743,1.1901246715784525e-4,mean,743
1633,1.1889967590274254e-4,std,609
1188,1.1888740810765825e-4,std,164
1548,1.1879077392586127e-4,std,524
1454,1.1864514817409692e-4,std,430
929,1.1861400434688723e-4,mean,929
1469,1.1833931935472288e-4,std,445
1213,1.179554890237017e-4,std,189
2022,1.178775180179727e-4,std,998
1090,1.17834111358054e-4,std,66
298,1.1781385073211655e-4,mean,298
1962,1.1769664897320175e-4,std,938
480,1.1767427354662773e-4,mean,480
493,1.1750173948016978e-4,mean,493
394,1.1732162470909605e-4,mean,394
347,1.1731193427701043e-4,mean,347
994,1.1724646148432365e-4,mean,994
1523,1.1717844908528833e-4,std,499
402,1.1705563186936945e-4,mean,402
1453,1.170452393297955e-4,std,429
1702,1.1700013335378328e-4,std,678
625,1.1672631931137046e-4,mean,625
277,1.163661654282261e-4,mean,277
565,1.1605066472191162e-4,mean,565
529,1.1589377743331922e-4,mean,529
943,1.157912030132903e-4,mean,943
1846,1.1577514448773644e-4,std,822
1972,1.1564173165665406e-4,std,948
1789,1.1562304298883883e-4,std,765
1512,1.155303946084343e-4,std,488
1737,1.1542571090082375e-4,std,713
0,1.1540736036979104e-4,mean,0
680,1.1534667764260924e-4,mean,680
1112,1.1503250825886102e-4,std,88
1373,1.1501620629200629e-4,std,349
790,1.1501153173388782e-4,mean,790
1686,1.1478000089243688e-4,std,662
1635,1.1473266342750029e-4,std,611
7,1.1456398029089488e-4,mean,7
757,1.1450576388336824e-4,mean,757
179,1.1449505288483237e-4,mean,179
721,1.1445762655271614e-4,mean,721
27,1.1382105888614284e-4,mean,27
301,1.1354433658200978e-4,mean,301
1675,1.1350607314532806e-4,std,651
269,1.1328683889817936e-4,mean,269
1743,1.1281684490942919e-4,std,719
133,1.1277026977194771e-4,mean,133
1394,1.1270904863561783e-4,std,370
439,1.1270016770752689e-4,mean,439
1433,1.126994670166409e-4,std,409
927,1.1251805249841155e-4,mean,927
2030,1.1247747200179365e-4,std,1006
1123,1.1245159297044774e-4,std,99
1801,1.1215176249420603e-4,std,777
610,1.1198691858999271e-4,mean,610
805,1.1193428740808589e-4,mean,805
326,1.119322032406261e-4,mean,326
1862,1.1177362642241531e-4,std,838
1321,1.1174404995144538e-4,std,297
1502,1.1135780354711621e-4,std,478
1114,1.1111145082027415e-4,std,90
18,1.1090019561412676e-4,mean,18
970,1.1088455041425445e-4,mean,970
816,1.1084727695850355e-4,mean,816
1850,1.1079259978180637e-4,std,826
1774,1.1074173771498567e-4,std,750
83,1.1042321870727318e-4,mean,83
1695,1.1038189806884338e-4,std,671
96,1.099079253765544e-4,mean,96
777,1.0986500282490271e-4,mean,777
1477,1.0977578933518559e-4,std,453
1583,1.0971094791528884e-4,std,559
1260,1.0966818325807651e-4,std,236
1525,1.0966679419546414e-4,std,501
1495,1.0951332347489164e-4,std,471
648,1.0932001045597002e-4,mean,648
1861,1.0930131196192166e-4,std,837
2017,1.0912975265675283e-4,std,993
1012,1.0904910852599835e-4,mean,1012
60,1.0899228408373457e-4,mean,60
1,1.0878808890627626e-4,mean,1
1602,1.087596443211728e-4,std,578
264,1.0855522337170902e-4,mean,264
299,1.0848255253821219e-4,mean,299
26,1.0823552700251607e-4,mean,26
1309,1.0822861153036963e-4,std,285
1091,1.081222594052637e-4,std,67
1520,1.0804618607535073e-4,std,496
1959,1.078178495446683e-4,std,935
1887,1.0760825796442133e-4,std,863
42,1.0760490802459728e-4,mean,42
1840,1.0749581861072593e-4,std,816
1167,1.0749223391188888e-4,std,143
57,1.0748412539014166e-4,mean,57
24,1.0732231267394903e-4,mean,24
1748,1.0727432361897781e-4,std,724
127,1.0725436179942823e-4,mean,127
69,1.0718648957785457e-4,mean,69
887,1.0708101605893957e-4,mean,887
1530,1.069761468023815e-4,std,506
449,1.065896464539767e-4,mean,449
918,1.0642051173338347e-4,mean,918
279,1.0621099059640723e-4,mean,279
1967,1.0612134717076865e-4,std,943
940,1.0595346351850702e-4,mean,940
1663,1.0591681378029053e-4,std,639
1037,1.0577901799436855e-4,std,13
1884,1.0572624398303435e-4,std,860
903,1.055743043407809e-4,mean,903
1617,1.0556137140068546e-4,std,593
1228,1.0536342809333704e-4,std,204
617,1.0508354186932966e-4,mean,617
1470,1.0493824596046268e-4,std,446
1573,1.0491302568605488e-4,std,549
487,1.048350202292203e-4,mean,487
824,1.0482802593433308e-4,mean,824
815,1.0476906023667894e-4,mean,815
1694,1.0473091115200983e-4,std,670
84,1.0458771355061687e-4,mean,84
1197,1.0446220681601871e-4,std,173
460,1.0433840826983033e-4,mean,460
1075,1.0382365676899719e-4,std,51
773,1.0374045716538421e-4,mean,773
123,1.0353457642382935e-4,mean,123
1493,1.0333866451206058e-4,std,469
1161,1.0320568727687115e-4,std,137
579,1.0316916473062686e-4,mean,579
2018,1.0315239182693481e-4,std,994
1575,1.0309558006408772e-4,std,551
1661,1.0294655668637075e-4,std,637
1500,1.0280765373287123e-4,std,476
1214,1.0279726323385058e-4,std,190
1016,1.0256630530928163e-4,mean,1016
169,1.023869475984451e-4,mean,169
1880,1.0236275886177747e-4,std,856
1076,1.023318445184824e-4,std,52
1080,1.022660483528885e-4,std,56
194,1.0195004865539403e-4,mean,194
1159,1.0192885904830271e-4,std,135
1357,1.019287409115466e-4,std,333
1313,1.0187787049667297e-4,std,289
1430,1.0182412281626153e-4,std,406
1437,1.017201391595409e-4,std,413
134,1.01592579968414e-4,mean,134
1130,1.0149001165220786e-4,std,106
1263,1.0144336195207973e-4,std,239
896,1.014429900462494e-4,mean,896
1297,1.013252365296292e-4,std,273
307,1.0124375897081798e-4,mean,307
2023,1.0122027795664207e-4,std,999
1471,1.0121474288103095e-4,std,447
1563,1.0113344612380067e-4,std,539
992,1.0090743953574881e-4,mean,992
1692,1.0074966211249816e-4,std,668
693,1.0069545750525736e-4,mean,693
1776,1.0058469189367838e-4,std,752
669,1.0053589143966683e-4,mean,669
1243,1.0043224461796785e-4,std,219
1609,1.0040380111727567e-4,std,585
2008,1.0036079981232548e-4,std,984
444,1.0022664338909153e-4,mean,444
710,1.0001797018637858e-4,mean,710
1466,1.0001756550355398e-4,std,442
2012,9.984416706288974e-5,std,988
1982,9.981404237893289e-5,std,958
658,9.970176255863507e-5,mean,658
2011,9.96996141222978e-5,std,987
177,9.960428859891381e-5,mean,177
1877,9.929913861059357e-5,std,853
1234,9.926320128506876e-5,std,210
748,9.9177023280343e-5,mean,748
1393,9.897085203807357e-5,std,369
1425,9.86983969006966e-5,std,401
2015,9.868348883143084e-5,std,991
618,9.852369723261789e-5,mean,618
1196,9.852279542581376e-5,std,172
1758,9.839880190307841e-5,std,734
996,9.827978818255217e-5,mean,996
677,9.81449837996991e-5,mean,677
785,9.80884030306166e-5,mean,785
1021,9.802352865092012e-5,mean,1021
1351,9.79196311681008e-5,std,327
1506,9.790498859464002e-5,std,482
580,9.78979917296239e-5,mean,580
1307,9.788257113245866e-5,std,283
438,9.779549225458695e-5,mean,438
965,9.777385158898009e-5,mean,965
1467,9.774734833437875e-5,std,443
987,9.774082546881794e-5,mean,987
2040,9.717338099397339e-5,std,1016
1815,9.712381706739364e-5,std,791
511,9.688874067423215e-5,mean,511
1649,9.68857725341048e-5,std,625
898,9.685192502978066e-5,mean,898
1291,9.678351728242062e-5,std,267
248,9.67081981401034e-5,mean,248
628,9.664118801757296e-5,mean,628
500,9.662301985234374e-5,mean,500
1546,9.660944830910304e-5,std,522
1000,9.653305942793422e-5,mean,1000
1763,9.650501740240392e-5,std,739
1189,9.62529138714818e-5,std,165
1242,9.617340717252054e-5,std,218
1584,9.616087392296065e-5,std,560
1698,9.614283349910902e-5,std,674
752,9.599505735303899e-5,mean,752
212,9.590307531062385e-5,mean,212
1128,9.56732723165729e-5,std,104
880,9.562785371162456e-5,mean,880
21,9.555402773096225e-5,mean,21
448,9.544491079405887e-5,mean,448
105,9.528759543162032e-5,mean,105
497,9.52823811960095e-5,mean,497
608,9.506221767022416e-5,mean,608
12,9.496700219132362e-5,mean,12
745,9.495336422847718e-5,mean,745
364,9.492216019124022e-5,mean,364
242,9.485072922647352e-5,mean,242
1281,9.476088165738612e-5,std,257
1578,9.455415614442832e-5,std,554
182,9.448589430540133e-5,mean,182
1738,9.405686023620984e-5,std,714
1217,9.405011587044832e-5,std,193
1409,9.400678176171963e-5,std,385
1926,9.39981055508726e-5,std,902
1054,9.391427688635133e-5,std,30
1736,9.382410281881183e-5,std,712
604,9.381363275659405e-5,mean,604
1238,9.376725750937678e-5,std,214
1306,9.366305435997482e-5,std,282
1362,9.36494314428221e-5,std,338
983,9.33148687592295e-5,mean,983
830,9.310352415098563e-5,mean,830
1979,9.305753136651975e-5,std,955
1658,9.301507209676385e-5,std,634
2028,9.301312767585395e-5,std,1004
1640,9.291231627324439e-5,std,616
1570,9.278035768117506e-5,std,546
1232,9.272526320848546e-5,std,208
1968,9.257968255415127e-5,std,944
10,9.241220643328451e-5,mean,10
1252,9.235531671286436e-5,std,228
1094,9.235423940323746e-5,std,70
1514,9.224923085972641e-5,std,490
80,9.219702256987057e-5,mean,80
1963,9.214150336994903e-5,std,939
2046,9.194059809122377e-5,std,1022
478,9.187562937250578e-5,mean,478
603,9.18194934454868e-5,mean,603
1298,9.175543979086473e-5,std,274
1029,9.173515920417463e-5,std,5
48,9.158902632086807e-5,mean,48
2032,9.134214602526236e-5,std,1008
1988,9.123071209573564e-5,std,964
1088,9.09782864232285e-5,std,64
195,9.053199004728975e-5,mean,195
2031,9.048394866840018e-5,std,1007
61,9.047443651143407e-5,mean,61
423,9.040238375417779e-5,mean,423
1971,9.039310457231734e-5,std,947
988,9.034268878746794e-5,mean,988
850,9.03002305957716e-5,mean,850
228,9.028804405633902e-5,mean,228
1936,9.025218770006811e-5,std,912
216,9.016374493625683e-5,mean,216
591,9.011758319961144e-5,mean,591
1904,9.001361654843837e-5,std,880
138,8.999792242799781e-5,mean,138
496,8.999689305861627e-5,mean,496
1883,8.994641377428497e-5,std,859
1253,8.977213109786682e-5,std,229
1155,8.966792394160567e-5,std,131
744,8.962347450909047e-5,mean,744
991,8.96010642142061e-5,mean,991
566,8.946914326311197e-5,mean,566
1585,8.918414043843206e-5,std,561
1124,8.908633971044664e-5,std,100
1015,8.90674039333949e-5,mean,1015
525,8.902377632456426e-5,mean,525
429,8.895743284916528e-5,mean,429
406,8.890654875279777e-5,mean,406
98,8.890342301136418e-5,mean,98
469,8.888309140309956e-5,mean,469
797,8.88475717905288e-5,mean,797
227,8.879610463898414e-5,mean,227
1224,8.872228709970896e-5,std,200
253,8.868254415865079e-5,mean,253
1375,8.861875878816705e-5,std,351
1428,8.855390617293637e-5,std,404
1087,8.851687682799513e-5,std,63
379,8.827686204289431e-5,mean,379
125,8.757285104142781e-5,mean,125
276,8.75209968732559e-5,mean,276
760,8.750951198972814e-5,mean,760
642,8.750197843973665e-5,mean,642
1895,8.746701393226416e-5,std,871
58,8.745268314577922e-5,mean,58
1203,8.737159931174453e-5,std,179
1117,8.734263405347546e-5,std,93
1340,8.726598971188475e-5,std,316
1896,8.721800847156461e-5,std,872
1134,8.718456987306024e-5,std,110
520,8.71164380262433e-5,mean,520
1699,8.706315552628471e-5,std,675
872,8.670156770401452e-5,mean,872
1063,8.663924136661774e-5,std,39
110,8.658895760389504e-5,mean,110
1908,8.640639845726928e-5,std,884
1322,8.640574316719626e-5,std,298
323,8.624255381741972e-5,mean,323
213,8.613532517160091e-5,mean,213
183,8.612266519042867e-5,mean,183
372,8.602838909014783e-5,mean,372
1747,8.579798714760413e-5,std,723
1528,8.575346082665264e-5,std,504
270,8.567496135429441e-5,mean,270
1952,8.556722951624018e-5,std,928
851,8.552989353660805e-5,mean,851
1096,8.531154323035833e-5,std,72
490,8.517785253985334e-5,mean,490
1248,8.506169625256768e-5,std,224
1772,8.499276122139987e-5,std,748
1335,8.484377205206358e-5,std,311
1484,8.462132738212174e-5,std,460
1108,8.457231915702839e-5,std,84
1778,8.445176780524832e-5,std,754
234,8.435760676817552e-5,mean,234
152,8.43328618160647e-5,mean,152
1642,8.425387090797639e-5,std,618
1302,8.416796726793549e-5,std,278
1947,8.396351766901664e-5,std,923
102,8.39484346714637e-5,mean,102
1136,8.392805402221028e-5,std,112
1690,8.379804684970273e-5,std,666
2,8.379690277021441e-5,mean,2
1606,8.375973095777546e-5,std,582
609,8.371698638476569e-5,mean,609
330,8.353386513803707e-5,mean,330
787,8.325311567856991e-5,mean,787
1769,8.321810147679084e-5,std,745
391,8.313976078425477e-5,mean,391
435,8.304983297627767e-5,mean,435
427,8.29443307177667e-5,mean,427
1173,8.291548505807235e-5,std,149
1999,8.287235104418579e-5,std,975
371,8.2696231190791e-5,mean,371
1754,8.268427534025878e-5,std,730
1821,8.264189386422306e-5,std,797
1567,8.26252031061891e-5,std,543
286,8.259161342670637e-5,mean,286
1057,8.251799721498482e-5,std,33
482,8.250362579939243e-5,mean,482
33,8.2501764503744e-5,mean,33
485,8.231660356963831e-5,mean,485
22,8.218858154610356e-5,mean,22
2042,8.206063502424064e-5,std,1018
82,8.20174375591444e-5,mean,82
804,8.177172122872167e-5,mean,804
1545,8.168292653308315e-5,std,521
172,8.167172209448827e-5,mean,172
784,8.161015699318841e-5,mean,784
1812,8.149433502609908e-5,std,788
1481,8.14796496351498e-5,std,457
1595,8.134594304273101e-5,std,571
553,8.132036034971133e-5,mean,553
2004,8.126522795894156e-5,std,980
1055,8.120019922594471e-5,std,31
64,8.11827907975225e-5,mean,64
1974,8.1102022608583e-5,std,950
320,8.088969268890041e-5,mean,320
932,8.078835142617985e-5,mean,932
1483,8.078311888039618e-5,std,459
1929,8.070854357196268e-5,std,905
1742,8.062770577760231e-5,std,718
1958,8.062425248773709e-5,std,934
538,8.048614622963367e-5,mean,538
1719,8.027010420157212e-5,std,695
260,8.009020636463773e-5,mean,260
1280,8.003523728744313e-5,std,256
1628,7.985066207853066e-5,std,604
673,7.984609749409675e-5,mean,673
1237,7.978827223703434e-5,std,213
1549,7.974953266008737e-5,std,525
718,7.974514493762805e-5,mean,718
720,7.963250201445725e-5,mean,720
1383,7.958708767676297e-5,std,359
2014,7.948175057875232e-5,std,990
1677,7.890644785641892e-5,std,653
1479,7.886593035387148e-5,std,455
848,7.885832918319837e-5,mean,848
1191,7.881788308155386e-5,std,167
1072,7.875447488429223e-5,std,48
912,7.872212168113504e-5,mean,912
569,7.858637787683428e-5,mean,569
368,7.849083910972553e-5,mean,368
613,7.844302378776242e-5,mean,613
1497,7.827931675858864e-5,std,473
464,7.79292797244346e-5,mean,464
1538,7.788291366781129e-5,std,514
393,7.786702890637896e-5,mean,393
1864,7.785071636269698e-5,std,840
436,7.784061795011988e-5,mean,436
599,7.778840652608902e-5,mean,599
1360,7.745625638690601e-5,std,336
1125,7.734441622474363e-5,std,101
542,7.726629774545427e-5,mean,542
601,7.712531116124044e-5,mean,601
665,7.707102944364661e-5,mean,665
451,7.695226566407152e-5,mean,451
31,7.694808441562278e-5,mean,31
121,7.684801531953262e-5,mean,121
1882,7.683130934013484e-5,std,858
1916,7.676055934177392e-5,std,892
1059,7.672066273748293e-5,std,35
1838,7.670949464337075e-5,std,814
922,7.603437896607397e-5,mean,922
957,7.59701531992356e-5,mean,957
1166,7.587442592746421e-5,std,142
1599,7.579880962387031e-5,std,575
1370,7.57913886719937e-5,std,346
999,7.577838539023e-5,mean,999
44,7.565456839501385e-5,mean,44
1696,7.552440929370145e-5,std,672
398,7.543437991404739e-5,mean,398
1983,7.542902331086954e-5,std,959
29,7.541603473202848e-5,mean,29
331,7.5329306576405e-5,mean,331
532,7.531922081912393e-5,mean,532
1797,7.527380438386499e-5,std,773
1865,7.521116083192385e-5,std,841
1004,7.520026443120463e-5,mean,1004
476,7.514606670084465e-5,mean,476
1259,7.502050703290971e-5,std,235
1353,7.495635681376964e-5,std,329
1920,7.482148494447217e-5,std,896
512,7.466746365407546e-5,mean,512
1717,7.453233029273549e-5,std,693
297,7.449078246366585e-5,mean,297
1172,7.43263661818684e-5,std,148
1395,7.404847936731942e-5,std,371
1632,7.404111950129837e-5,std,608
1842,7.403800914365479e-5,std,818
1289,7.4006245710396e-5,std,265
1406,7.386998245870458e-5,std,382
1345,7.382350657396683e-5,std,321
709,7.377914389045517e-5,mean,709
1679,7.3671536256677e-5,std,655
1700,7.351710996453395e-5,std,676
1921,7.346590277401006e-5,std,897
725,7.338999430519827e-5,mean,725
1890,7.336536721487965e-5,std,866
1594,7.322055156215704e-5,std,570
1140,7.319974450412315e-5,std,116
1687,7.293069068970138e-5,std,663
1092,7.265423774980136e-5,std,68
1734,7.257506613191115e-5,std,710
516,7.254258503095938e-5,mean,516
1127,7.214575610366035e-5,std,103
1785,7.210900358592702e-5,std,761
340,7.209418236344599e-5,mean,340
425,7.204675732129692e-5,mean,425
1511,7.202085044263547e-5,std,487
1038,7.180218035111199e-5,std,14
1568,7.165426149155768e-5,std,544
1066,7.150739043966822e-5,std,42
373,7.147859200920114e-5,mean,373
1526,7.147778260775825e-5,std,502
189,7.132304135766546e-5,mean,189
66,7.118318383848107e-5,mean,66
1504,7.110033052791334e-5,std,480
1084,7.109218636420252e-5,std,60
1290,7.086255753884047e-5,std,266
1033,7.084084512384304e-5,std,9
1310,7.08356777420435e-5,std,286
1522,7.07618752993391e-5,std,498
559,7.06962863665753e-5,mean,559
1168,7.064921681131575e-5,std,144
1282,7.050060353454835e-5,std,258
882,7.039049330667294e-5,mean,882
1482,7.03340327133612e-5,std,458
1818,7.028149528858367e-5,std,794
2029,7.017442765081296e-5,std,1005
576,6.992794550748177e-5,mean,576
1593,6.988301758346162e-5,std,569
715,6.98058585866963e-5,mean,715
131,6.941658207420681e-5,mean,131
222,6.925896486699069e-5,mean,222
357,6.923601891251993e-5,mean,357
556,6.914117870347438e-5,mean,556
781,6.908660792103604e-5,mean,781
1927,6.898559001184308e-5,std,903
370,6.89829389135898e-5,mean,370
839,6.889020096344849e-5,mean,839
1381,6.847376291710738e-5,std,357
574,6.841820595436005e-5,mean,574
1093,6.82141162402204e-5,std,69
1800,6.818452652677496e-5,std,776
1170,6.808781134978858e-5,std,146
274,6.792383282746417e-5,mean,274
1408,6.775970141496565e-5,std,384
688,6.73923624404916e-5,mean,688
1874,6.736925532700444e-5,std,850
1440,6.710846205835136e-5,std,416
1783,6.704344159383098e-5,std,759
11,6.702557998217739e-5,mean,11
459,6.688196064990553e-5,mean,459
674,6.664035067180057e-5,mean,674
1171,6.66321875803995e-5,std,147
568,6.659037029504826e-5,mean,568
491,6.657444055353625e-5,mean,491
774,6.649965247868308e-5,mean,774
799,6.64617164537639e-5,mean,799
1888,6.621038779774307e-5,std,864
733,6.580366915997571e-5,mean,733
71,6.563620055171768e-5,mean,71
1251,6.559556376144889e-5,std,227
1976,6.540769889089731e-5,std,952
440,6.529328881995664e-5,mean,440
1392,6.526426752571239e-5,std,368
1806,6.513166168719909e-5,std,782
146,6.510107442439491e-5,mean,146
1646,6.502244535178142e-5,std,622
1935,6.490714181554473e-5,std,911
1204,6.481458661055927e-5,std,180
120,6.481351752717203e-5,mean,120
953,6.479334007656545e-5,mean,953
1945,6.471900401547047e-5,std,921
446,6.46966257458434e-5,mean,446
1032,6.468279480768835e-5,std,8
13,6.453493190592226e-5,mean,13
1396,6.441802296931272e-5,std,372
244,6.433566857955921e-5,mean,244
1462,6.430284871719048e-5,std,438
837,6.427138509202846e-5,mean,837
239,6.426580626135898e-5,mean,239
1369,6.393553197529836e-5,std,345
1354,6.382504350716545e-5,std,330
1141,6.373227411695374e-5,std,117
554,6.343541846916708e-5,mean,554
1386,6.330502299120454e-5,std,362
1192,6.32921386818104e-5,std,168
1858,6.301429554778518e-5,std,834
905,6.28417286228055e-5,mean,905
1397,6.270118743569066e-5,std,373
865,6.261779824927446e-5,mean,865
1868,6.26030976963674e-5,std,844
578,6.240596326863293e-5,mean,578
1638,6.229677484794502e-5,std,614
747,6.208722570526706e-5,mean,747
1854,6.207531722700517e-5,std,830
1244,6.200323528288182e-5,std,220
926,6.193717955710478e-5,mean,926
1826,6.18225049383604e-5,std,802
1966,6.18085811611492e-5,std,942
1151,6.158466472257773e-5,std,127
1382,6.156776427826585e-5,std,358
1937,6.15666695174189e-5,std,913
137,6.147960928381555e-5,mean,137
1902,6.129796357384951e-5,std,878
268,6.119391420347552e-5,mean,268
687,6.118986624834809e-5,mean,687
1627,6.089659250303039e-5,std,603
1510,6.079831449514663e-5,std,486
1176,6.0779375976810586e-5,std,152
1709,6.065493407639132e-5,std,685
1680,6.052918126118282e-5,std,656
472,6.051731246621962e-5,mean,472
1674,6.048783535787676e-5,std,650
1848,6.047440179140076e-5,std,824
840,6.045499897187887e-5,mean,840
118,6.0344434755064947e-5,mean,118
1851,6.022248416301638e-5,std,827
90,6.0056501588552196e-5,mean,90
1964,5.9689217941017315e-5,std,940
1745,5.960963243596614e-5,std,721
1142,5.9552628609855306e-05,std,118
539,5.9431036613048775e-5,mean,539
1250,5.933269623630172e-5,std,226
1129,5.918819879546442e-5,std,105
1855,5.9159902551940805e-5,std,831
605,5.904147019688548e-5,mean,605
1231,5.903360322630054e-5,std,207
723,5.89800997514561e-5,mean,723
399,5.845725809618017e-5,mean,399
1930,5.841035643847894e-5,std,906
1036,5.791187493615753e-5,std,12
1893,5.775980439914797e-5,std,869
1726,5.7644879713519376e-5,std,702
455,5.7594516835504154e-5,mean,455
103,5.7521542875167285e-5,mean,103
1008,5.7460239427578745e-5,mean,1008
289,5.7453139910856786e-5,mean,289
543,5.741056840022811e-5,mean,543
964,5.731820721323491e-5,mean,964
1728,5.7235789313008634e-5,std,704
1040,5.7002158269673084e-5,std,16
1796,5.6993443268368606e-5,std,772
1957,5.686608323205472e-5,std,933
1766,5.682306858830267e-5,std,742
1969,5.680741104711881e-5,std,945
1457,5.6770510533164125e-5,std,433
1147,5.6564456313583466e-5,std,123
1529,5.650424427971618e-5,std,505
893,5.64438727586432e-5,mean,893
676,5.631117884589998e-5,mean,676
1894,5.616032199992163e-5,std,870
208,5.611385061574099e-5,mean,208
644,5.595666888151761e-5,mean,644
1892,5.571360881713744e-5,std,868
1221,5.5535663028128626e-5,std,197
1652,5.547570869450799e-5,std,628
1918,5.533121148054892e-5,std,894
659,5.510165950209785e-5,mean,659
1668,5.5053119034300526e-5,std,644
1802,5.49042550337204e-5,std,778
1714,5.488194722069115e-5,std,690
1358,5.4399245768721596e-5,std,334
2006,5.430088885690499e-5,std,982
1027,5.427051585542221e-5,std,3
1925,5.408550360999266e-5,std,901
806,5.3897743575459475e-5,mean,806
1779,5.3706379030245704e-5,std,755
583,5.339731167063957e-5,mean,583
1928,5.317594177361777e-5,std,904
1980,5.3101064243786986e-5,std,956
1915,5.298364901058254e-5,std,891
1164,5.2780126020186006e-5,std,140
666,5.270172117065486e-5,mean,666
420,5.2662008136401294e-5,mean,420
1991,5.232337182230196e-5,std,967
630,5.2146949314269696e-5,mean,630
1739,5.2114915650209744e-5,std,715
1760,5.201961467076167e-5,std,736
377,5.2000849446901846e-5,mean,377
1828,5.19733090562886e-5,std,804
1744,5.177728865176848e-5,std,720
498,5.1608326512866235e-5,mean,498
1258,5.155930094857207e-5,std,234
863,5.153289175340649e-5,mean,863
726,5.142359580771071e-5,mean,726
457,5.1080670317421096e-5,mean,457
1683,5.078274235104304e-5,std,659
1060,5.0752397922666075e-5,std,36
1488,5.0595070344672076e-5,std,464
572,5.051111564411209e-5,mean,572
1078,5.0260938142106144e-5,std,54
1195,5.024230577583372e-5,std,171
396,5.021298889165132e-5,mean,396
1965,4.97200893131841e-5,std,941
1499,4.968140541773286e-5,std,475
1688,4.9650610935314274e-5,std,664
1876,4.951102697235345e-5,std,852
1270,4.93479631933044e-5,std,246
442,4.9305460028292366e-5,mean,442
1660,4.9194820793589864e-5,std,636
1374,4.915887254976077e-5,std,350
1924,4.910707440005579e-5,std,900
1158,4.89576765744224e-5,std,134
564,4.893971339630285e-5,mean,564
650,4.8783945338264636e-5,mean,650
1811,4.861427148414597e-5,std,787
1416,4.847354254071881e-5,std,392
1324,4.8458140192749387e-5,std,300
1636,4.840145215495463e-5,std,612
1104,4.829571203444635e-5,std,80
1720,4.806050966273627e-5,std,696
1560,4.8003518178533015e-5,std,536
147,4.7990038045069834e-5,mean,147
1933,4.796136393103647e-5,std,909
1364,4.7395719878869856e-5,std,340
2016,4.7246591324368954e-5,std,992
1216,4.715494620216251e-5,std,192
1240,4.701286297819649e-5,std,216
1830,4.670197795435953e-5,std,806
257,4.657943278609612e-5,mean,257
622,4.651277985459512e-5,mean,622
1206,4.65059138270412e-5,std,182
1053,4.640618219637812e-5,std,29
1095,4.631848473315035e-5,std,71
1285,4.619817309084897e-5,std,261
1007,4.576405178849364e-5,mean,1007
473,4.571885550119023e-5,mean,473
1208,4.564058038458169e-5,std,184
1697,4.5376247100265685e-5,std,673
1607,4.52833325465259e-5,std,583
1277,4.526133566244941e-5,std,253
1079,4.524475835137973e-5,std,55
1417,4.520327296252858e-5,std,393
1229,4.428664131738478e-5,std,205
1839,4.4052004711101874e-5,std,815
1073,4.403160700652595e-5,std,49
1336,4.3909110263956585e-5,std,312
1423,4.3869280545514604e-5,std,399
1286,4.3864461256636136e-5,std,262
1651,4.3627158326775526e-5,std,627
1341,4.344617545825885e-5,std,317
1317,4.328237307879433e-5,std,293
1629,4.26757051286088e-5,std,605
741,4.26232979254478e-5,mean,741
483,4.2621233705524365e-5,mean,483
1551,4.2461380439122295e-5,std,527
974,4.24343378822779e-5,mean,974
1202,4.1765965412213826e-5,std,178
1485,4.148708615336584e-5,std,461
67,4.147082962616292e-5,mean,67
1274,4.083503468698941e-5,std,250
1498,3.9992055250132776e-5,std,474
1489,3.9887711043993784e-5,std,465
1823,3.892986976498167e-5,std,799
1554,3.854638290711201e-5,std,530
1103,3.852539919498596e-5,std,79
1235,3.788117387417496e-5,std,211
206,3.646650500840067e-5,mean,206
660,3.583883622241157e-5,mean,660
1684,3.454712769200507e-5,std,660
1810,3.286556041948433e-5,std,786
685,3.223959476932457e-5,mean,685
1577,2.7507323916192828e-5,std,553
NA,0,std,NA
