trait,avg_fi,stat,embedding_num,n_human,spearman_human,abs_spearman_human,spearman_human_r2,pearson_human,pearson_human_r2,n_exg,spearman_exg,abs_spearman_exg,spearman_exg_r2,pearson_exg,pearson_exg_r2,severity_lm_r2_human_exg,n_severity_lm,residual_fraction_after_human_exg
embedding_std_976,0.007742750883886799,std,976,598,0.6004031423257108,0.6004031423257108,0.3604839333145877,0.6324896491914958,0.40004315633438137,961,0.6409356976986859,0.6409356976986859,0.4107985685845012,0.7187779628247352,0.5166417598424764,0.5959920953137718,598,0.40400790468622816
embedding_std_552,0.00615925112607436,std,552,598,0.6686775402116548,0.6686775402116548,0.44712965278350925,0.6474067632516528,0.4191355171039816,961,0.628208329155872,0.628208329155872,0.3946457048208124,0.5036318972535172,0.2536450879311773,0.4459649072036168,598,0.5540350927963832
embedding_std_930,0.0058143524280894,std,930,598,0.6389658233878469,0.6389658233878469,0.4082773234577092,0.6484268064827698,0.42045732336544345,961,0.6415147225680059,0.6415147225680059,0.4115411392715056,0.6255373114336673,0.3912969279956609,0.5184886847474091,598,0.48151131525259094
embedding_mean_637,0.0057791248409312,mean,637,598,-0.6337934496398083,0.6337934496398083,0.40169413680632826,-0.6452382483769887,0.4163323971686046,961,-0.630011809342266,0.630011809342266,0.39691487991071567,-0.5705754466659068,0.325556340337999,0.4798273654537246,598,0.5201726345462754
embedding_std_918,0.005620736567495081,std,918,598,0.595012282053947,0.595012282053947,0.3540396157950457,0.6155329914312434,0.37888086354029515,961,0.591060267735664,0.591060267735664,0.34935224009575483,0.6074959217871496,0.3690512949880186,0.4742215111941447,598,0.5257784888058553
embedding_std_383,0.0055686257865546806,std,383,598,0.639372955500436,0.639372955500436,0.40879777622536256,0.6028713084268692,0.36345381452432524,961,0.6054913306325806,0.6054913306325806,0.3666197514712131,0.48086965246783625,0.23123562266453762,0.39212329136164725,598,0.6078767086383527
embedding_mean_586,0.005524847582736399,mean,586,598,-0.6095543999633213,0.6095543999633213,0.37155656651464464,-0.6275294656826912,0.3937932303000039,961,-0.6521161390806277,0.6521161390806277,0.42525545884942456,-0.6621131779623752,0.43839386043143597,0.5335582371094287,598,0.46644176289057127
embedding_mean_968,0.004998900826398001,mean,968,598,0.5787173986324887,0.5787173986324887,0.33491382747995485,0.5992815013326319,0.3591383178394933,961,0.5772405857374271,0.5772405857374271,0.3332066938224879,0.5685933435749517,0.3232983903577431,0.44615919429409545,598,0.5538408057059045
embedding_mean_886,0.0047711330905166,mean,886,598,0.6564403855760267,0.6564403855760267,0.4309139798152026,0.6267857085669989,0.39286032446383484,961,0.5713241647550625,0.5713241647550625,0.32641130123306983,0.4333924189876547,0.18782898883597082,0.4093318101613215,598,0.5906681898386785
embedding_mean_656,0.00468892133393488,mean,656,598,0.5149357204974695,0.5149357204974695,0.26515879624424804,0.5180903429093724,0.26841760341595106,961,0.5247328379692393,0.5247328379692393,0.27534455124325197,0.4588191007008315,0.21051496716791973,0.3002301148098574,598,0.6997698851901426
embedding_mean_698,0.00457931822401208,mean,698,598,-0.43113368023211773,0.43113368023211773,0.18587625023048995,-0.5101690200262935,0.26027242899458863,961,-0.6257931503245845,0.6257931503245845,0.391617066993168,-0.6564567208510937,0.4309354263505708,0.4805867919993124,598,0.5194132080006876
embedding_mean_210,0.0044734171214531795,mean,210,598,0.5728547273451163,0.5728547273451163,0.32816253864164757,0.6150717597347617,0.37831326962321643,961,0.6650398477414227,0.6650398477414227,0.4422779990839346,0.6544910728706809,0.4283585644674149,0.5223593739212538,598,0.47764062607874624
embedding_mean_836,0.00427122751918676,mean,836,598,-0.612817388795536,0.612817388795536,0.3755451520101792,-0.631352190047138,0.39860558787731754,961,-0.5923577269355291,0.5923577269355291,0.3508876766602269,-0.556436592893283,0.3096216819106851,0.458337654683468,598,0.541662345316532
embedding_std_968,0.004217086690758039,std,968,598,0.6204592372125909,0.6204592372125909,0.38496966504243013,0.6068686509299265,0.36828955948150893,961,0.6073894991907274,0.6073894991907274,0.3689220037271626,0.5033133679282531,0.25332434633528106,0.4071025712822782,598,0.5928974287177218
embedding_std_132,0.00406403905617524,std,132,598,0.5502382169954052,0.5502382169954052,0.3027620954422826,0.5190568337641133,0.2694199966772263,961,0.4548344985041928,0.4548344985041928,0.20687442102956055,0.3843501108994139,0.14772500774839176,0.27991923861648704,598,0.720080761383513
embedding_mean_37,0.003996934474745301,mean,37,598,0.5483669804333576,0.5483669804333576,0.30070634522959844,0.5551822024494744,0.3082272779166491,961,0.5763798213847123,0.5763798213847123,0.3322136984994729,0.522158517969063,0.2726495178876483,0.36803376567483337,598,0.6319662343251666
embedding_mean_68,0.00391362470553596,mean,68,598,-0.5407282803866271,0.5407282803866271,0.29238707320987883,-0.5479984496601904,0.3003023008299722,961,-0.6199060465008739,0.6199060465008739,0.38428350648834364,-0.5473781700523419,0.29962286104985053,0.37748164231480064,598,0.6225183576851994
embedding_std_687,0.0038244243711411602,std,687,598,0.527812822407579,0.527812822407579,0.27858637549785453,0.5749884931322561,0.33061176723450253,961,0.6435923873145164,0.6435923873145164,0.41421116100919847,0.6408920810179682,0.410742659511542,0.46795157144742605,598,0.532048428552574
embedding_std_793,0.0038158247463138998,std,793,598,0.47040617171133553,0.47040617171133553,0.2212819663841145,0.5128448559229314,0.2630098462466123,961,0.6276643104545468,0.6276643104545468,0.3939624866183818,0.6649503634828535,0.442158985895979,0.4665895920324854,598,0.5334104079675146
embedding_mean_165,0.0038091259430950404,mean,165,598,-0.4181761350015129,0.4181761350015129,0.17487127988480355,-0.5114341655166,0.26156490565766105,961,-0.5279203564382379,0.5279203564382379,0.2786999027418761,-0.6214938791404997,0.386254641809106,0.4552573939413658,598,0.5447426060586342
embedding_mean_582,0.0037810981317638803,mean,582,598,-0.6033891073855427,0.6033891073855427,0.36407841491152204,-0.605760622725952,0.36694593204533316,961,-0.636419831041493,0.636419831041493,0.40503020134288253,-0.5264550763161069,0.27715494737899793,0.4159587635526055,598,0.5840412364473945
embedding_std_821,0.00371100747990526,std,821,598,0.5916163663032362,0.5916163663032362,0.350009924877845,0.6178947149836308,0.38179387880470234,961,0.6555893959029262,0.6555893959029262,0.4297974560203637,0.6397782613323431,0.40931622367343584,0.5120670764331106,598,0.48793292356688944
embedding_mean_108,0.0036590210815776202,mean,108,598,-0.5449107263439968,0.5449107263439968,0.2969276996847422,-0.5412805596672992,0.2929846442737446,961,-0.6087249087814846,0.6087249087814846,0.3705460145710267,-0.5656424953705361,0.319951432569007,0.39150555729555503,598,0.608494442704445
embedding_mean_119,0.0035790956060098604,mean,119,598,0.5274635135966865,0.5274635135966865,0.2782177581757619,0.5832958235787375,0.3402340178043977,961,0.5611066769364046,0.5611066769364046,0.31484070290261473,0.6419532410537623,0.4121039636994298,0.4996759675744813,598,0.5003240324255187
embedding_mean_989,0.00355634267011408,mean,989,598,0.5655599685897794,0.5655599685897794,0.31985807807127226,0.5725832019944783,0.32785152320624955,961,0.6617389378176743,0.6617389378176743,0.43789842182406385,0.570472640411457,0.32543903345801944,0.4168106839450092,598,0.5831893160549908
embedding_std_839,0.0035403639128004,std,839,598,0.6041615034976718,0.6041615034976718,0.36501112230856736,0.5796416130952583,0.33598439963167315,961,0.601733342780086,0.601733342780086,0.3620830158132964,0.5107796785001489,0.2608958799687155,0.37670329964554083,598,0.6232967003544592
embedding_mean_514,0.00350004099755086,mean,514,598,0.568593403968193,0.568593403968193,0.32329845903613674,0.5839481656474143,0.34099546016297994,961,0.6030205191716234,0.6030205191716234,0.3636337465420142,0.5445576180329669,0.29654299935773865,0.4174097234266113,598,0.5825902765733887
embedding_mean_546,0.00342607082019504,mean,546,598,0.6214674948277219,0.6214674948277219,0.38622184712744456,0.6397849582424927,0.40932479279334816,961,0.6434157407012415,0.6434157407012415,0.41398381538212725,0.6042624648048877,0.36513312637207807,0.4929975091394291,598,0.5070024908605709
embedding_std_606,0.00341576636217244,std,606,598,0.4928851549047451,0.4928851549047451,0.24293577592547458,0.5629925602383821,0.31696062288376825,961,0.5580144248668457,0.5580144248668457,0.3113800983594766,0.5888358627707302,0.3467276732849502,0.4344890351611883,598,0.5655109648388117
embedding_mean_984,0.0033798426514469403,mean,984,598,-0.574036707417099,0.574036707417099,0.3295181414622641,-0.5809128951566732,0.337459791759308,961,-0.626082397407353,0.626082397407353,0.39197916834333874,-0.56265547902111,0.31658118807247476,0.4150636127794196,598,0.5849363872205804
embedding_mean_792,0.0033790165274641204,mean,792,598,-0.6212520160388206,0.6212520160388206,0.38595406743229904,-0.6351347218763321,0.40339611493292576,961,-0.6325992809876417,0.6325992809876417,0.4001818503060813,-0.5966741019571374,0.3560199839463564,0.4913450301542698,598,0.5086549698457302
embedding_std_981,0.00337681457715214,std,981,598,-0.5494286837028967,0.5494286837028967,0.3018718784754977,-0.505142323347053,0.25516876683645867,961,-0.524205940380399,0.524205940380399,0.27479186793009847,-0.42112342339768566,0.17734493773418641,0.2754781351488138,598,0.7245218648511862
embedding_std_270,0.00333795490075938,std,270,598,0.5594109593480077,0.5594109593480077,0.3129406214386583,0.5953525182965091,0.35444462104199526,961,0.6433675142625795,0.6433675142625795,0.4139217584084105,0.5859218192571441,0.3433043782816015,0.4444057804236856,598,0.5555942195763144
embedding_std_594,0.0033329859006610597,std,594,598,0.6150297524773639,0.6150297524773639,0.3782615964323675,0.6051524926214245,0.3662095393259232,961,0.5642756883785809,0.5642756883785809,0.3184070524951213,0.49406248236875605,0.24409773648437738,0.40049162060609766,598,0.5995083793939023
embedding_mean_437,0.0033238540580468197,mean,437,598,-0.5642794200798915,0.5642794200798915,0.3184112639256987,-0.5985846957985661,0.3583036380442619,961,-0.6006994371632861,0.6006994371632861,0.3608398138082887,-0.5918891008359355,0.3503327076883722,0.458132083867539,598,0.541867916132461
embedding_mean_901,0.00329081910694188,mean,901,598,-0.5604031067917934,0.5604031067917934,0.3140516421018942,-0.5633917341762096,0.3174102461380768,961,-0.5458957870840762,0.5458957870840762,0.298002210356143,-0.4621680157585778,0.213599274790221,0.34277726967181044,598,0.6572227303281896
embedding_mean_129,0.00327963861153844,mean,129,598,0.5101697220258802,0.5101697220258802,0.2602731452719638,0.5376871292872805,0.28910744900119667,961,0.593142688534547,0.593142688534547,0.3518182489619906,0.5460434393753897,0.2981634376849049,0.3684871684047938,598,0.6315128315952062
embedding_std_567,0.0032420286417575795,std,567,598,0.4799890945988434,0.4799890945988434,0.23038953093381745,0.5309294079235554,0.2818860361980571,961,0.6047899261469911,0.6047899261469911,0.365770854768883,0.5944135334097391,0.353327448700651,0.4008754159514337,598,0.5991245840485663
embedding_mean_930,0.0032380581538511604,mean,930,598,0.4097375127988,0.4097375127988,0.1678848293945468,0.46250148591952905,0.21390762447777234,961,0.4223704016291862,0.4223704016291862,0.17839675617240006,0.47796427019922466,0.22844984358707743,0.27799916902534516,598,0.7220008309746548
embedding_std_983,0.0032284379875344,std,983,598,0.5585975772218696,0.5585975772218696,0.31203125327814263,0.5923813291445179,0.3509156391190257,961,0.6203982691890487,0.6203982691890487,0.3848940124127674,0.6084820996934701,0.3702504656473741,0.464190306673017,598,0.535809693326983
embedding_mean_139,0.00322831291899044,mean,139,598,-0.3853560456974036,0.3853560456974036,0.14849928195553944,-0.4807324348958909,0.23110367396093198,961,-0.5278558471962513,0.5278558471962513,0.27863179541927224,-0.607940209633523,0.36959129848925193,0.40415537741903196,598,0.595844622580968
embedding_std_166,0.0032259904926633803,std,166,598,0.4904332351513394,0.4904332351513394,0.240524758141009,0.5805810629435889,0.33707437064870754,961,0.6073194598125068,0.6073194598125068,0.368836926266955,0.6643521897198086,0.44136383198550455,0.5312677239649899,598,0.4687322760350101
embedding_mean_214,0.0032109168378189204,mean,214,598,0.6062071844217665,0.6062071844217665,0.3674871504445656,0.6058425610150316,0.3670452087372523,961,0.609783686490222,0.609783686490222,0.3718361443096053,0.512969918048269,0.2631381368224478,0.40612922921709704,598,0.593870770782903
embedding_std_82,0.0032047767652352995,std,82,598,0.5771524946620537,0.5771524946620537,0.33310500209463184,0.5706544760379655,0.3256465310221649,961,0.636496025907539,0.636496025907539,0.4051271909960905,0.5102262654120807,0.260330841916359,0.37353051287302563,598,0.6264694871269744
embedding_mean_109,0.0031193407957559203,mean,109,598,-0.5893571913713616,0.5893571913713616,0.3473418990211397,-0.5403183352724792,0.29194390343162324,961,-0.5238001953665976,0.5238001953665976,0.27436664466608585,-0.3737436331518658,0.13968430332155646,0.2974117249310263,598,0.7025882750689737
embedding_mean_734,0.00309466225298,mean,734,598,0.5493037651154977,0.5493037651154977,0.3017346263700619,0.5276274558531655,0.2783907321700841,961,0.5217096855603749,0.5217096855603749,0.2721809960075052,0.4760101857592015,0.22658569694650954,0.3166838081395541,598,0.6833161918604459
embedding_std_517,0.00307947541853534,std,517,598,0.5198837907531296,0.5198837907531296,0.27027915588784385,0.5563254314646079,0.3094979856942821,961,0.5338072439241008,0.5338072439241008,0.28495017366584446,0.5518042514403152,0.3044879319076066,0.38994622199102114,598,0.6100537780089789
