trait1,trait2,spearman,abs_spearman
embedding_std_552,embedding_mean_214,0.8517525461443559,0.8517525461443559
embedding_mean_637,embedding_mean_437,0.8447207142610382,0.8447207142610382
embedding_mean_637,embedding_mean_901,0.8420631626740953,0.8420631626740953
embedding_std_930,embedding_mean_637,-0.8399573469651417,0.8399573469651417
embedding_std_383,embedding_mean_109,-0.8357739881997169,0.8357739881997169
embedding_std_552,embedding_std_930,0.832279699282279,0.832279699282279
embedding_mean_637,embedding_mean_214,-0.8280384363397827,0.8280384363397827
embedding_std_930,embedding_mean_214,0.8265744172787958,0.8265744172787958
embedding_std_552,embedding_mean_582,-0.8260109112697754,0.8260109112697754
embedding_std_552,embedding_std_132,0.8244881226803259,0.8244881226803259
embedding_mean_637,embedding_mean_546,-0.8226318492985144,0.8226318492985144
embedding_std_82,embedding_mean_109,-0.8211680161528654,0.8211680161528654
embedding_mean_586,embedding_mean_437,0.820326282770198,0.820326282770198
embedding_std_552,embedding_mean_637,-0.8187512181679983,0.8187512181679983
embedding_mean_586,embedding_mean_214,-0.8176229993904005,0.8176229993904005
embedding_mean_546,embedding_mean_214,0.8085690677846646,0.8085690677846646
embedding_std_552,embedding_std_968,0.80012531369833,0.80012531369833
embedding_mean_582,embedding_mean_514,-0.799419815695027,0.799419815695027
embedding_mean_637,embedding_mean_210,-0.7982462842791546,0.7982462842791546
embedding_mean_68,embedding_mean_514,-0.7969018561043679,0.7969018561043679
embedding_mean_210,embedding_mean_437,-0.7923836874772634,0.7923836874772634
embedding_std_552,embedding_std_383,0.7904885206067547,0.7904885206067547
embedding_std_383,embedding_std_82,0.7885559915138775,0.7885559915138775
embedding_std_976,embedding_std_930,0.7878556247739016,0.7878556247739016
embedding_std_930,embedding_mean_792,-0.7874106144407271,0.7874106144407271
embedding_std_552,embedding_mean_792,-0.7863793893850725,0.7863793893850725
embedding_std_930,embedding_mean_546,0.7860053108237408,0.7860053108237408
embedding_std_552,embedding_mean_546,0.7845435903523866,0.7845435903523866
embedding_mean_637,embedding_mean_836,0.7845316106440655,0.7845316106440655
embedding_mean_582,embedding_mean_214,-0.7835650300415524,0.7835650300415524
embedding_mean_637,embedding_mean_586,0.7833520555712438,0.7833520555712438
embedding_mean_586,embedding_mean_129,-0.7826918330231477,0.7826918330231477
embedding_mean_637,embedding_mean_656,-0.781819082201554,0.781819082201554
embedding_std_552,embedding_mean_586,-0.7790484028216135,0.7790484028216135
embedding_mean_586,embedding_mean_989,-0.7758000596145982,0.7758000596145982
embedding_std_930,embedding_mean_586,-0.7755287009676184,0.7755287009676184
embedding_mean_968,embedding_std_968,0.7735805313244021,0.7735805313244021
embedding_mean_546,embedding_mean_984,-0.7724346336883054,0.7724346336883054
embedding_mean_901,embedding_mean_214,-0.7721531950497303,0.7721531950497303
embedding_mean_637,embedding_mean_582,0.7716508856094024,0.7716508856094024
embedding_mean_437,embedding_mean_214,-0.7705470048396805,0.7705470048396805
embedding_std_552,embedding_std_594,0.7685821467596748,0.7685821467596748
embedding_std_552,embedding_mean_984,-0.7681869853990206,0.7681869853990206
embedding_std_383,embedding_std_821,0.766805580353657,0.766805580353657
embedding_mean_586,embedding_mean_984,0.7662423177247154,0.7662423177247154
embedding_mean_586,embedding_mean_792,0.7662195583070726,0.7662195583070726
embedding_mean_836,embedding_std_968,-0.7657395620875764,0.7657395620875764
embedding_mean_437,embedding_mean_901,0.764999176226039,0.764999176226039
embedding_mean_37,embedding_mean_214,0.7619470548272445,0.7619470548272445
embedding_std_930,embedding_std_383,0.7612098667095196,0.7612098667095196
embedding_std_968,embedding_std_839,0.7604052386480263,0.7604052386480263
embedding_mean_210,embedding_std_687,0.7601168095927446,0.7601168095927446
embedding_mean_437,embedding_mean_129,-0.758382429067045,0.758382429067045
embedding_mean_989,embedding_mean_129,0.7576377637724562,0.7576377637724562
embedding_mean_656,embedding_mean_582,-0.755699282008486,0.755699282008486
embedding_std_552,embedding_mean_901,-0.7556718882285101,0.7556718882285101
embedding_std_930,embedding_mean_968,0.7555767232374364,0.7555767232374364
embedding_std_930,embedding_mean_984,-0.7552748102497356,0.7552748102497356
embedding_mean_656,embedding_mean_930,0.7552511584384707,0.7552511584384707
embedding_mean_637,embedding_mean_129,-0.755150726972915,0.755150726972915
embedding_std_930,embedding_std_132,0.753962383175027,0.753962383175027
embedding_std_552,embedding_mean_109,-0.7521689525577184,0.7521689525577184
embedding_mean_656,embedding_mean_901,-0.7518166903162244,0.7518166903162244
embedding_std_383,embedding_mean_984,-0.7513706591388307,0.7513706591388307
embedding_std_930,embedding_mean_437,-0.7504144897952423,0.7504144897952423
embedding_std_976,embedding_mean_37,0.7495513761487117,0.7495513761487117
embedding_mean_656,embedding_mean_210,0.7479666811320067,0.7479666811320067
embedding_std_976,embedding_std_552,0.7475963580605014,0.7475963580605014
embedding_std_383,embedding_std_983,0.7475941473581194,0.7475941473581194
embedding_mean_546,embedding_mean_437,-0.7475140381291401,0.7475140381291401
embedding_mean_930,embedding_std_517,0.7449855962937,0.7449855962937
embedding_mean_984,embedding_mean_214,-0.7444655708118058,0.7444655708118058
embedding_std_968,embedding_std_132,0.7443180182587792,0.7443180182587792
embedding_mean_108,embedding_std_82,-0.7442550369028424,0.7442550369028424
embedding_mean_792,embedding_mean_214,-0.7441209513808406,0.7441209513808406
embedding_mean_210,embedding_mean_139,-0.7437843364502434,0.7437843364502434
embedding_mean_637,embedding_std_968,-0.742409719004854,0.742409719004854
embedding_std_930,embedding_mean_210,0.742311163594072,0.742311163594072
embedding_mean_989,embedding_mean_214,0.7415554988720348,0.7415554988720348
embedding_mean_984,embedding_mean_792,0.7410639015354511,0.7410639015354511
embedding_mean_586,embedding_mean_546,-0.738895783906614,0.738895783906614
embedding_mean_968,embedding_mean_836,-0.7378200608598929,0.7378200608598929
embedding_std_552,embedding_mean_968,0.7377325792426945,0.7377325792426945
embedding_mean_586,embedding_mean_210,-0.7372579542863255,0.7372579542863255
embedding_std_930,embedding_std_821,0.7364723774765529,0.7364723774765529
embedding_std_552,embedding_mean_836,-0.7359009886572038,0.7359009886572038
embedding_std_383,embedding_mean_546,0.7355677573857572,0.7355677573857572
embedding_mean_989,embedding_mean_792,-0.7352171650020258,0.7352171650020258
embedding_std_918,embedding_mean_836,-0.7351157836781071,0.7351157836781071
embedding_std_930,embedding_mean_836,-0.7350858884917663,0.7350858884917663
embedding_std_930,embedding_std_968,0.7350396834598696,0.7350396834598696
embedding_std_132,embedding_std_839,0.7312060213042751,0.7312060213042751
embedding_mean_210,embedding_mean_129,0.7310383324300102,0.7310383324300102
embedding_std_383,embedding_std_839,0.7305089199136893,0.7305089199136893
embedding_mean_656,embedding_std_567,0.728984177523052,0.728984177523052
embedding_mean_586,embedding_std_793,-0.7286386251351182,0.7286386251351182
embedding_std_132,embedding_mean_214,0.7276562856725055,0.7276562856725055
embedding_mean_637,embedding_mean_968,-0.7275229843752018,0.7275229843752018
embedding_mean_129,embedding_mean_214,0.7273591963427546,0.7273591963427546
embedding_mean_582,embedding_mean_984,0.7272139863229861,0.7272139863229861
embedding_std_383,embedding_std_132,0.7262472603684815,0.7262472603684815
embedding_std_930,embedding_std_594,0.7259905383290159,0.7259905383290159
embedding_std_821,embedding_std_839,0.7256985802625923,0.7256985802625923
embedding_std_552,embedding_mean_514,0.7250670089582123,0.7250670089582123
embedding_mean_656,embedding_mean_214,0.7238873761389765,0.7238873761389765
embedding_mean_984,embedding_mean_109,0.7237373154190272,0.7237373154190272
embedding_std_552,embedding_std_82,0.7233844007837109,0.7233844007837109
embedding_mean_37,embedding_mean_546,0.7228378739154628,0.7228378739154628
embedding_std_383,embedding_mean_792,-0.7225915225715756,0.7225915225715756
embedding_mean_68,embedding_mean_582,0.7221108469160262,0.7221108469160262
embedding_mean_586,embedding_mean_656,-0.7218711952848625,0.7218711952848625
embedding_std_976,embedding_mean_836,-0.7215748327150691,0.7215748327150691
embedding_mean_656,embedding_mean_734,0.7207647083201305,0.7207647083201305
embedding_std_968,embedding_mean_214,0.7203091008126934,0.7203091008126934
embedding_std_552,embedding_mean_37,0.7198447451435365,0.7198447451435365
embedding_std_918,embedding_std_968,0.719268387314246,0.719268387314246
embedding_std_930,embedding_mean_37,0.7189351222400108,0.7189351222400108
embedding_std_552,embedding_std_839,0.7186236701053342,0.7186236701053342
embedding_mean_586,embedding_mean_139,0.7185531473472349,0.7185531473472349
embedding_std_968,embedding_std_821,0.7185521636860832,0.7185521636860832
embedding_std_968,embedding_std_270,0.7182549188635042,0.7182549188635042
embedding_mean_586,embedding_mean_582,0.7179314430768813,0.7179314430768813
embedding_mean_989,embedding_mean_984,-0.7176938669369447,0.7176938669369447
embedding_std_383,embedding_std_968,0.7176646444260993,0.7176646444260993
embedding_mean_836,embedding_std_517,-0.717493064850853,0.717493064850853
embedding_mean_210,embedding_mean_901,-0.7172028679097214,0.7172028679097214
embedding_mean_586,embedding_std_968,-0.7170577964813866,0.7170577964813866
embedding_mean_514,embedding_std_82,0.7168118676723583,0.7168118676723583
embedding_mean_698,embedding_std_166,-0.7164195288445618,0.7164195288445618
embedding_mean_886,embedding_std_968,0.7164024651968177,0.7164024651968177
embedding_mean_836,embedding_std_270,-0.7163395210239487,0.7163395210239487
embedding_mean_886,embedding_std_839,0.7159414391023494,0.7159414391023494
embedding_std_839,embedding_std_594,0.7149548573897527,0.7149548573897527
embedding_mean_437,embedding_mean_139,0.7145829591082933,0.7145829591082933
embedding_mean_586,embedding_mean_901,0.714394471378131,0.714394471378131
embedding_mean_637,embedding_mean_734,-0.7141601031228436,0.7141601031228436
embedding_mean_968,embedding_std_821,0.713878596878691,0.713878596878691
embedding_mean_656,embedding_mean_437,-0.7132751224522923,0.7132751224522923
embedding_std_968,embedding_std_594,0.7122602883688863,0.7122602883688863
embedding_mean_637,embedding_mean_37,-0.7103545953099712,0.7103545953099712
embedding_mean_637,embedding_mean_886,-0.7096756865802726,0.7096756865802726
embedding_std_552,embedding_mean_437,-0.70960298692258,0.70960298692258
embedding_mean_210,embedding_mean_546,0.7095461576741896,0.7095461576741896
embedding_mean_37,embedding_mean_68,-0.7093750411971488,0.7093750411971488
embedding_mean_989,embedding_mean_546,0.7090363271133723,0.7090363271133723
embedding_mean_901,embedding_mean_129,-0.7075906359244275,0.7075906359244275
embedding_mean_968,embedding_std_594,0.707501153182137,0.707501153182137
embedding_mean_210,embedding_mean_214,0.7071927466787239,0.7071927466787239
embedding_std_383,embedding_std_594,0.7071171332206438,0.7071171332206438
embedding_mean_37,embedding_mean_582,-0.7067030659602604,0.7067030659602604
embedding_mean_108,embedding_mean_109,0.7066995977941382,0.7066995977941382
embedding_std_918,embedding_std_517,0.7065010469737749,0.7065010469737749
embedding_mean_637,embedding_std_687,-0.706238777896681,0.706238777896681
embedding_mean_637,embedding_std_270,-0.7060378608811075,0.7060378608811075
embedding_mean_637,embedding_mean_792,0.7059120063381581,0.7059120063381581
embedding_std_552,embedding_mean_656,0.705580762670688,0.705580762670688
embedding_mean_582,embedding_std_82,-0.7039765871068456,0.7039765871068456
embedding_mean_108,embedding_mean_989,-0.7036862718559536,0.7036862718559536
embedding_std_687,embedding_mean_901,-0.7035017086295613,0.7035017086295613
embedding_std_930,embedding_mean_901,-0.7027535075632726,0.7027535075632726
embedding_mean_210,embedding_mean_836,-0.7026628518642136,0.7026628518642136
embedding_std_383,embedding_mean_108,-0.7023517580390976,0.7023517580390976
embedding_mean_582,embedding_mean_901,0.701652094397127,0.701652094397127
embedding_std_821,embedding_std_594,0.7009798752393153,0.7009798752393153
embedding_mean_582,embedding_mean_546,-0.699301059737708,0.699301059737708
embedding_mean_836,embedding_mean_901,0.698706306430798,0.698706306430798
embedding_mean_984,embedding_std_82,-0.6985270908055806,0.6985270908055806
embedding_mean_836,embedding_std_594,-0.6984944846355846,0.6984944846355846
embedding_mean_836,embedding_mean_546,-0.6982904510028916,0.6982904510028916
embedding_std_976,embedding_mean_968,0.6970061884117414,0.6970061884117414
embedding_std_930,embedding_std_983,0.6969898380028393,0.6969898380028393
embedding_mean_637,embedding_std_594,-0.6960807086200289,0.6960807086200289
embedding_mean_586,embedding_std_132,-0.6958566772575311,0.6958566772575311
embedding_mean_792,embedding_std_594,-0.6954113052345173,0.6954113052345173
embedding_std_918,embedding_mean_886,0.6951900659823675,0.6951900659823675
embedding_std_968,embedding_mean_901,-0.6941741772519536,0.6941741772519536
embedding_std_552,embedding_mean_886,0.6940099464029743,0.6940099464029743
embedding_mean_836,embedding_std_687,-0.6929732452955476,0.6929732452955476
embedding_mean_119,embedding_std_606,0.6928902560689696,0.6928902560689696
embedding_std_918,embedding_std_839,0.6927480578776757,0.6927480578776757
embedding_std_552,embedding_std_821,0.6916047630563102,0.6916047630563102
embedding_std_383,embedding_mean_214,0.6903039032959003,0.6903039032959003
embedding_mean_792,embedding_mean_437,0.6901717411525764,0.6901717411525764
embedding_mean_836,embedding_mean_37,-0.6897951172412543,0.6897951172412543
embedding_mean_586,embedding_std_821,-0.6880705462848403,0.6880705462848403
embedding_std_839,embedding_std_983,0.6876761184447012,0.6876761184447012
embedding_std_976,embedding_std_594,0.6873628781425016,0.6873628781425016
embedding_std_976,embedding_std_517,0.6873575609638365,0.6873575609638365
embedding_mean_637,embedding_std_567,-0.6869923218317542,0.6869923218317542
embedding_std_594,embedding_std_983,0.6869424796197916,0.6869424796197916
embedding_std_606,embedding_std_166,0.6862660283528327,0.6862660283528327
embedding_std_821,embedding_mean_792,-0.6858585931995955,0.6858585931995955
embedding_std_821,embedding_std_983,0.6857088029019559,0.6857088029019559
embedding_std_918,embedding_mean_930,0.6853881496481907,0.6853881496481907
embedding_mean_582,embedding_mean_792,0.6849437883285596,0.6849437883285596
embedding_std_687,embedding_mean_129,0.6847463597607817,0.6847463597607817
embedding_std_968,embedding_mean_546,0.6840350747200504,0.6840350747200504
embedding_std_930,embedding_mean_989,0.6840340910588987,0.6840340910588987
embedding_mean_637,embedding_std_132,-0.683498827279851,0.683498827279851
embedding_mean_165,embedding_std_166,-0.6832206573709448,0.6832206573709448
embedding_std_918,embedding_std_594,0.6831995644307857,0.6831995644307857
embedding_mean_968,embedding_mean_792,-0.6829974136134241,0.6829974136134241
embedding_mean_968,embedding_std_983,0.6823230986827121,0.6823230986827121
embedding_std_968,embedding_mean_792,-0.6808091833253007,0.6808091833253007
embedding_std_793,embedding_mean_792,-0.6802668919464788,0.6802668919464788
embedding_mean_546,embedding_mean_792,-0.6800996019451206,0.6800996019451206
embedding_std_976,embedding_mean_637,-0.6797583323705172,0.6797583323705172
embedding_mean_836,embedding_mean_734,-0.6795592407055345,0.6795592407055345
embedding_std_567,embedding_mean_214,0.679476028380551,0.679476028380551
embedding_std_270,embedding_mean_901,-0.6792878043121406,0.6792878043121406
embedding_std_383,embedding_mean_886,0.6790183183396556,0.6790183183396556
embedding_mean_836,embedding_mean_214,-0.678905876743269,0.678905876743269
embedding_std_976,embedding_std_270,0.6779295643178844,0.6779295643178844
embedding_std_552,embedding_mean_989,0.6764989863557748,0.6764989863557748
embedding_std_930,embedding_std_839,0.6763186958018762,0.6763186958018762
embedding_std_976,embedding_mean_582,-0.6760873359947847,0.6760873359947847
embedding_std_821,embedding_mean_108,-0.675783864698524,0.675783864698524
embedding_mean_514,embedding_mean_984,-0.6752465220479703,0.6752465220479703
embedding_std_687,embedding_std_270,0.6742987493170992,0.6742987493170992
embedding_mean_210,embedding_std_270,0.6737748060919927,0.6737748060919927
embedding_std_976,embedding_mean_514,0.673674398288389,0.673674398288389
embedding_mean_582,embedding_std_594,-0.6734446948179446,0.6734446948179446
embedding_mean_37,embedding_mean_109,-0.6730880652561484,0.6730880652561484
embedding_std_930,embedding_mean_582,-0.6723176658985096,0.6723176658985096
embedding_mean_886,embedding_mean_546,0.6719551242289669,0.6719551242289669
embedding_std_976,embedding_std_687,0.6715204676899762,0.6715204676899762
embedding_mean_37,embedding_mean_984,-0.6712241896271546,0.6712241896271546
embedding_std_821,embedding_mean_214,0.6692447726860487,0.6692447726860487
embedding_mean_37,embedding_std_270,0.668691231739142,0.668691231739142
embedding_mean_129,embedding_mean_139,-0.6686161996890279,0.6686161996890279
embedding_mean_637,embedding_std_839,-0.6683706629923486,0.6683706629923486
embedding_mean_968,embedding_mean_546,0.6683176331774101,0.6683176331774101
embedding_mean_637,embedding_mean_989,-0.6675337431267945,0.6675337431267945
embedding_mean_637,embedding_mean_984,0.6674533837571787,0.6674533837571787
embedding_std_821,embedding_std_82,0.6666586903352892,0.6666586903352892
embedding_std_383,embedding_mean_968,0.6665795140632784,0.6665795140632784
embedding_mean_582,embedding_std_270,-0.666373986347324,0.666373986347324
embedding_mean_514,embedding_mean_109,-0.6661303899307172,0.6661303899307172
embedding_mean_586,embedding_std_687,-0.6654760896312042,0.6654760896312042
embedding_std_976,embedding_mean_214,0.6654365505092424,0.6654365505092424
embedding_std_383,embedding_mean_989,0.6654318384004954,0.6654318384004954
embedding_std_930,embedding_mean_129,0.6652473157374494,0.6652473157374494
embedding_std_793,embedding_mean_989,0.6650640640592592,0.6650640640592592
embedding_mean_210,embedding_mean_582,-0.6623753868644662,0.6623753868644662
embedding_std_976,embedding_mean_210,0.6611271715672035,0.6611271715672035
embedding_std_132,embedding_mean_984,-0.6611003693360301,0.6611003693360301
embedding_std_567,embedding_mean_930,0.6603432206715681,0.6603432206715681
embedding_mean_582,embedding_mean_437,0.6602693818598957,0.6602693818598957
embedding_mean_968,embedding_std_270,0.6602476027231257,0.6602476027231257
embedding_mean_637,embedding_std_383,-0.660208928952555,0.660208928952555
embedding_mean_989,embedding_std_82,0.659859326990533,0.659859326990533
embedding_std_606,embedding_mean_437,-0.659813524211822,0.659813524211822
embedding_std_968,embedding_mean_437,-0.6593603471248937,0.6593603471248937
embedding_mean_68,embedding_std_981,0.6590528769587279,0.6590528769587279
embedding_std_976,embedding_mean_984,-0.6586483556058781,0.6586483556058781
embedding_mean_656,embedding_std_968,0.6585587106102019,0.6585587106102019
embedding_std_687,embedding_mean_437,-0.6580895684661626,0.6580895684661626
embedding_mean_886,embedding_std_132,0.6578122132044645,0.6578122132044645
embedding_std_821,embedding_std_166,0.6575319745648888,0.6575319745648888
embedding_std_968,embedding_std_517,0.6573370169809661,0.6573370169809661
embedding_mean_582,embedding_mean_989,-0.6569517767388002,0.6569517767388002
embedding_mean_546,embedding_mean_901,-0.6568186275540457,0.6568186275540457
embedding_std_594,embedding_mean_901,-0.6566817127386283,0.6566817127386283
embedding_std_821,embedding_mean_984,-0.6565395889134695,0.6565395889134695
embedding_std_918,embedding_mean_968,0.6555778961942048,0.6555778961942048
embedding_mean_37,embedding_mean_989,0.6555380900302122,0.6555380900302122
embedding_std_930,embedding_mean_109,-0.655159363585432,0.655159363585432
embedding_std_930,embedding_std_567,0.6549754662739774,0.6549754662739774
embedding_std_821,embedding_std_606,0.6540892179988492,0.6540892179988492
embedding_mean_586,embedding_mean_734,-0.6540374963518341,0.6540374963518341
embedding_std_132,embedding_mean_792,-0.6537184047869076,0.6537184047869076
embedding_mean_514,embedding_std_981,-0.6536970211427655,0.6536970211427655
embedding_std_976,embedding_mean_930,0.6529166127793876,0.6529166127793876
embedding_std_839,embedding_mean_214,0.6528799367536302,0.6528799367536302
embedding_mean_546,embedding_std_983,0.6527900145750865,0.6527900145750865
embedding_std_552,embedding_std_983,0.6520295261950992,0.6520295261950992
embedding_std_270,embedding_std_166,0.6519891386231408,0.6519891386231408
embedding_std_552,embedding_std_981,-0.6513410546564727,0.6513410546564727
embedding_mean_836,embedding_mean_930,-0.6512512609285261,0.6512512609285261
embedding_std_976,embedding_mean_792,-0.6511279720172403,0.6511279720172403
embedding_std_552,embedding_std_270,0.6510955213400723,0.6510955213400723
embedding_mean_546,embedding_mean_129,0.6508984409410182,0.6508984409410182
embedding_mean_968,embedding_std_517,0.6508453401402234,0.6508453401402234
embedding_mean_968,embedding_std_839,0.6502024854649698,0.6502024854649698
embedding_std_976,embedding_mean_586,-0.649974532978981,0.649974532978981
embedding_std_839,embedding_std_517,0.6486775368773213,0.6486775368773213
embedding_mean_792,embedding_mean_109,0.6485608428901141,0.6485608428901141
embedding_std_930,embedding_std_606,0.6485198739101896,0.6485198739101896
embedding_mean_586,embedding_mean_836,0.648326417170086,0.648326417170086
embedding_mean_656,embedding_mean_129,0.6482164161350445,0.6482164161350445
embedding_std_918,embedding_mean_734,0.6480826855423242,0.6480826855423242
embedding_mean_886,embedding_mean_734,0.6476207670542337,0.6476207670542337
embedding_mean_656,embedding_mean_68,-0.6473511830536615,0.6473511830536615
embedding_mean_656,embedding_std_132,0.6470130943214762,0.6470130943214762
embedding_mean_514,embedding_mean_792,-0.6469630695744547,0.6469630695744547
embedding_mean_792,embedding_mean_901,0.6466708005223748,0.6466708005223748
embedding_std_552,embedding_mean_68,-0.6464715094209387,0.6464715094209387
embedding_mean_656,embedding_mean_37,0.646451166902689,0.646451166902689
embedding_mean_968,embedding_mean_437,-0.6462860707023185,0.6462860707023185
embedding_std_270,embedding_std_517,0.6461380753327597,0.6461380753327597
embedding_std_821,embedding_mean_546,0.6453282889657084,0.6453282889657084
embedding_std_968,embedding_std_983,0.6444612947590331,0.6444612947590331
embedding_std_606,embedding_mean_129,0.6443284126163095,0.6443284126163095
embedding_mean_37,embedding_std_82,0.6441543721980446,0.6441543721980446
embedding_mean_546,embedding_mean_109,-0.643863252440781,0.643863252440781
embedding_mean_637,embedding_std_517,-0.6432079650998376,0.6432079650998376
embedding_std_132,embedding_mean_546,0.6426166055929148,0.6426166055929148
embedding_mean_119,embedding_std_166,0.6422541213881129,0.6422541213881129
embedding_std_930,embedding_std_517,0.6421239671304386,0.6421239671304386
embedding_mean_989,embedding_mean_514,0.6416468610493778,0.6416468610493778
embedding_mean_68,embedding_std_270,-0.6415053422941371,0.6415053422941371
embedding_mean_437,embedding_mean_734,-0.641404025195517,0.641404025195517
embedding_mean_68,embedding_mean_989,-0.6409973066614006,0.6409973066614006
embedding_mean_792,embedding_std_983,-0.6409785156911532,0.6409785156911532
embedding_std_793,embedding_std_821,0.6404037972971155,0.6404037972971155
embedding_std_132,embedding_mean_109,-0.6403623483175913,0.6403623483175913
embedding_std_552,embedding_std_567,0.6403158796239427,0.6403158796239427
embedding_std_839,embedding_mean_901,-0.6402399416590909,0.6402399416590909
embedding_mean_656,embedding_mean_836,-0.6401890583212358,0.6401890583212358
embedding_mean_656,embedding_std_270,0.6401772679085316,0.6401772679085316
embedding_mean_210,embedding_std_606,0.6401252251350236,0.6401252251350236
embedding_std_383,embedding_mean_836,-0.63999449961022,0.63999449961022
embedding_std_930,embedding_std_687,0.6397733685269942,0.6397733685269942
embedding_mean_108,embedding_mean_984,0.6391885194371781,0.6391885194371781
embedding_mean_37,embedding_mean_514,0.6390587099679489,0.6390587099679489
embedding_mean_119,embedding_mean_792,-0.6388538380260956,0.6388538380260956
embedding_std_552,embedding_mean_734,0.6387217874319744,0.6387217874319744
embedding_mean_989,embedding_mean_437,-0.6386890494311025,0.6386890494311025
embedding_std_383,embedding_mean_586,-0.6385557244718466,0.6385557244718466
embedding_std_976,embedding_mean_656,0.6385310754783146,0.6385310754783146
embedding_std_976,embedding_mean_901,-0.6383913448905969,0.6383913448905969
embedding_std_918,embedding_std_983,0.6382666531635793,0.6382666531635793
embedding_mean_836,embedding_mean_437,0.6382076841986634,0.6382076841986634
embedding_std_976,embedding_std_968,0.6379362951291736,0.6379362951291736
embedding_std_821,embedding_mean_119,0.6374291687914536,0.6374291687914536
embedding_mean_637,embedding_std_821,-0.637390576147576,0.637390576147576
embedding_mean_210,embedding_std_567,0.6373866279818539,0.6373866279818539
embedding_mean_210,embedding_mean_165,-0.6371393064979304,0.6371393064979304
embedding_std_821,embedding_mean_989,0.6369547635532112,0.6369547635532112
embedding_std_687,embedding_std_606,0.6364813926803036,0.6364813926803036
embedding_std_976,embedding_std_567,0.6364762816986497,0.6364762816986497
embedding_std_976,embedding_mean_68,-0.6364462377800384,0.6364462377800384
embedding_mean_546,embedding_std_82,0.6362653151139908,0.6362653151139908
embedding_mean_792,embedding_mean_129,-0.6358866495142302,0.6358866495142302
embedding_mean_968,embedding_mean_37,0.6358107892957926,0.6358107892957926
embedding_mean_886,embedding_std_821,0.6354583817023071,0.6354583817023071
embedding_mean_214,embedding_std_82,0.6347599484818458,0.6347599484818458
embedding_mean_586,embedding_mean_968,-0.6346951214936452,0.6346951214936452
embedding_std_793,embedding_mean_139,-0.6344444264914078,0.6344444264914078
embedding_std_968,embedding_mean_984,-0.6342763455047936,0.6342763455047936
embedding_mean_836,embedding_std_839,-0.6340433564032859,0.6340433564032859
embedding_mean_656,embedding_mean_546,0.633997949117203,0.633997949117203
embedding_mean_886,embedding_mean_437,-0.633920226365107,0.633920226365107
embedding_std_594,embedding_std_82,0.6335795145365175,0.6335795145365175
embedding_mean_586,embedding_mean_514,-0.6333176510928881,0.6333176510928881
embedding_mean_637,embedding_mean_930,-0.6330639679241281,0.6330639679241281
embedding_mean_582,embedding_std_567,-0.6330520761030577,0.6330520761030577
embedding_mean_210,embedding_std_968,0.6329911330552807,0.6329911330552807
embedding_std_930,embedding_mean_656,0.6327423479106057,0.6327423479106057
embedding_mean_546,embedding_std_567,0.6320813445180902,0.6320813445180902
embedding_mean_968,embedding_mean_214,0.6320768014232867,0.6320768014232867
embedding_mean_214,embedding_mean_109,-0.6318509616115926,0.6318509616115926
embedding_std_930,embedding_std_793,0.6317195769324091,0.6317195769324091
embedding_std_968,embedding_mean_582,-0.631706251873097,0.631706251873097
embedding_mean_930,embedding_mean_734,0.6315960243593712,0.6315960243593712
embedding_mean_68,embedding_std_687,-0.6313402724599418,0.6313402724599418
embedding_std_552,embedding_std_793,0.6307727844824107,0.6307727844824107
embedding_std_552,embedding_mean_210,0.6305620680383883,0.6305620680383883
embedding_mean_989,embedding_mean_109,-0.6304887869727297,0.6304887869727297
embedding_std_930,embedding_mean_886,0.6296657668138959,0.6296657668138959
embedding_std_594,embedding_mean_734,0.6295598254937793,0.6295598254937793
embedding_std_594,embedding_std_517,0.6294272374353175,0.6294272374353175
embedding_std_930,embedding_mean_734,0.6293628870664378,0.6293628870664378
embedding_std_976,embedding_std_383,0.6290944456001243,0.6290944456001243
embedding_std_793,embedding_mean_129,0.6285934679896718,0.6285934679896718
embedding_std_594,embedding_mean_109,-0.6285918893994387,0.6285918893994387
embedding_mean_586,embedding_std_839,-0.6285189869250137,0.6285189869250137
embedding_mean_210,embedding_mean_930,0.6283051809061027,0.6283051809061027
embedding_std_930,embedding_std_918,0.628296821476453,0.628296821476453
embedding_mean_698,embedding_mean_165,0.6280706808199393,0.6280706808199393
embedding_mean_637,embedding_std_918,-0.627871288310137,0.627871288310137
embedding_mean_119,embedding_std_983,0.6276890135325408,0.6276890135325408
embedding_std_383,embedding_mean_37,0.6275621212439778,0.6275621212439778
embedding_std_839,embedding_mean_792,-0.6273575738088962,0.6273575738088962
embedding_mean_37,embedding_std_981,-0.6273261811590152,0.6273261811590152
embedding_std_606,embedding_std_983,0.6266526639741168,0.6266526639741168
embedding_mean_901,embedding_mean_930,-0.6258463559140244,0.6258463559140244
embedding_std_687,embedding_mean_165,-0.6258416911291815,0.6258416911291815
embedding_std_930,embedding_std_82,0.6258067525667641,0.6258067525667641
embedding_mean_901,embedding_std_567,-0.6256471628406755,0.6256471628406755
embedding_mean_984,embedding_mean_437,0.6253954199519879,0.6253954199519879
embedding_mean_582,embedding_mean_734,-0.6253482515406128,0.6253482515406128
embedding_std_270,embedding_std_594,0.6253056667873876,0.6253056667873876
embedding_mean_836,embedding_std_983,-0.624828242960113,0.624828242960113
embedding_std_839,embedding_mean_546,0.6247910801741979,0.6247910801741979
embedding_std_930,embedding_std_270,0.6244352956821196,0.6244352956821196
embedding_std_606,embedding_std_594,0.6243938771251053,0.6243938771251053
embedding_mean_637,embedding_std_606,-0.6240531112120538,0.6240531112120538
embedding_mean_968,embedding_std_132,0.623928263992208,0.623928263992208
embedding_mean_792,embedding_std_82,-0.6237236151487603,0.6237236151487603
embedding_mean_582,embedding_std_981,0.6233347647687595,0.6233347647687595
embedding_std_793,embedding_mean_984,-0.6226979607926862,0.6226979607926862
embedding_mean_165,embedding_std_517,-0.6226359056331604,0.6226359056331604
embedding_std_918,embedding_std_132,0.6225818144106562,0.6225818144106562
embedding_std_687,embedding_std_166,0.6222208986552507,0.6222208986552507
embedding_std_687,embedding_mean_930,0.6220074036219958,0.6220074036219958
embedding_mean_886,embedding_mean_214,0.6218430206604673,0.6218430206604673
embedding_std_976,embedding_std_82,0.6215886817176063,0.6215886817176063
embedding_mean_901,embedding_mean_734,-0.6215145014977678,0.6215145014977678
embedding_std_793,embedding_mean_437,-0.6212493253808442,0.6212493253808442
embedding_mean_210,embedding_mean_734,0.6211290009741288,0.6211290009741288
embedding_std_132,embedding_std_594,0.620801411388119,0.620801411388119
embedding_mean_968,embedding_mean_930,0.620371690056281,0.620371690056281
embedding_mean_37,embedding_mean_792,-0.6201920620370412,0.6201920620370412
embedding_mean_734,embedding_std_517,0.6199340859141143,0.6199340859141143
embedding_std_968,embedding_mean_930,0.6196598540300935,0.6196598540300935
embedding_std_976,embedding_std_918,0.6193677303300051,0.6193677303300051
embedding_mean_836,embedding_mean_582,0.6192714937905291,0.6192714937905291
embedding_mean_582,embedding_mean_109,0.6188679527185521,0.6188679527185521
embedding_mean_886,embedding_mean_901,-0.6181951859555632,0.6181951859555632
embedding_std_132,embedding_mean_901,-0.6180315703173386,0.6180315703173386
embedding_std_594,embedding_mean_214,0.6178294431619291,0.6178294431619291
embedding_mean_210,embedding_mean_37,0.6175021104771136,0.6175021104771136
embedding_std_270,embedding_mean_214,0.617360165806735,0.617360165806735
embedding_mean_637,embedding_mean_68,0.6171548983722538,0.6171548983722538
embedding_mean_586,embedding_mean_68,0.6163859254922988,0.6163859254922988
embedding_mean_886,embedding_std_983,0.6151904087426451,0.6151904087426451
embedding_mean_968,embedding_mean_582,-0.6150993136073328,0.6150993136073328
embedding_std_270,embedding_mean_930,0.6150689722241809,0.6150689722241809
embedding_std_552,embedding_mean_129,0.6142957401928476,0.6142957401928476
embedding_mean_968,embedding_mean_984,-0.6134843617144476,0.6134843617144476
embedding_mean_656,embedding_mean_984,-0.6133606874513705,0.6133606874513705
embedding_mean_37,embedding_std_567,0.6132660193612909,0.6132660193612909
embedding_std_552,embedding_std_918,0.6128876072824457,0.6128876072824457
embedding_std_983,embedding_mean_109,-0.612847594921442,0.612847594921442
embedding_mean_210,embedding_mean_984,-0.6126964153291861,0.6126964153291861
embedding_mean_836,embedding_mean_68,0.6115409278419306,0.6115409278419306
embedding_mean_886,embedding_std_594,0.6113921279660004,0.6113921279660004
embedding_mean_698,embedding_mean_108,0.6113326823817634,0.6113326823817634
embedding_std_552,embedding_std_517,0.611292950583906,0.611292950583906
embedding_std_821,embedding_mean_437,-0.6108339695581549,0.6108339695581549
embedding_mean_836,embedding_std_821,-0.6105959370805708,0.6105959370805708
embedding_mean_210,embedding_mean_792,-0.6103627248806576,0.6103627248806576
embedding_std_383,embedding_mean_514,0.6103618020645256,0.6103618020645256
embedding_mean_514,embedding_mean_214,0.6102972725408657,0.6102972725408657
embedding_mean_698,embedding_mean_119,-0.6102969243721419,0.6102969243721419
embedding_std_839,embedding_std_270,0.6099213956711743,0.6099213956711743
embedding_std_983,embedding_std_82,0.6097341518836368,0.6097341518836368
embedding_mean_968,embedding_mean_901,-0.6093158356127117,0.6093158356127117
embedding_std_383,embedding_mean_582,-0.6091944531787095,0.6091944531787095
embedding_mean_901,embedding_std_517,-0.6091295518243737,0.6091295518243737
embedding_mean_984,embedding_std_594,-0.6088780827382747,0.6088780827382747
embedding_mean_989,embedding_std_981,-0.6088300151727197,0.6088300151727197
embedding_std_793,embedding_std_606,0.6086211443609614,0.6086211443609614
embedding_std_976,embedding_mean_546,0.6085304582393926,0.6085304582393926
embedding_std_968,embedding_mean_734,0.6084539287257383,0.6084539287257383
embedding_mean_637,embedding_std_983,-0.608094561138056,0.608094561138056
embedding_mean_886,embedding_mean_836,-0.607724075813165,0.607724075813165
embedding_std_968,embedding_std_687,0.6071823793634246,0.6071823793634246
embedding_std_968,embedding_mean_37,0.6069089486054964,0.6069089486054964
embedding_mean_165,embedding_std_270,-0.6056270623503931,0.6056270623503931
embedding_mean_698,embedding_mean_989,-0.6056219750306913,0.6056219750306913
embedding_mean_210,embedding_mean_68,-0.605367507637233,0.605367507637233
embedding_mean_210,embedding_mean_989,0.6052862491134373,0.6052862491134373
embedding_std_976,embedding_std_983,0.6049352274342893,0.6049352274342893
embedding_mean_968,embedding_std_166,0.6044392391154513,0.6044392391154513
embedding_std_918,embedding_std_567,0.603969836689939,0.603969836689939
embedding_mean_210,embedding_std_517,0.6039639719060966,0.6039639719060966
embedding_std_968,embedding_std_567,0.6039418750231127,0.6039418750231127
embedding_std_981,embedding_mean_109,0.6039139708210272,0.6039139708210272
embedding_std_687,embedding_std_517,0.6032747364244451,0.6032747364244451
embedding_mean_836,embedding_mean_109,0.603218613654339,0.603218613654339
embedding_mean_968,embedding_mean_165,-0.6032179916830267,0.6032179916830267
embedding_std_793,embedding_mean_546,0.603176816506091,0.603176816506091
embedding_mean_214,embedding_mean_734,0.6030154859363835,0.6030154859363835
embedding_mean_586,embedding_std_981,0.6024596599209596,0.6024596599209596
embedding_mean_656,embedding_std_517,0.6023518121235595,0.6023518121235595
embedding_std_968,embedding_mean_109,-0.6022896927387351,0.6022896927387351
embedding_mean_37,embedding_std_687,0.6021131204915953,0.6021131204915953
embedding_mean_656,embedding_std_687,0.6017888165366487,0.6017888165366487
embedding_std_687,embedding_mean_214,0.6013283988923772,0.6013283988923772
embedding_mean_886,embedding_mean_109,-0.5995042990048662,0.5995042990048662
embedding_mean_886,embedding_mean_656,0.599319100286046,0.599319100286046
embedding_mean_108,embedding_mean_792,0.5991645742177071,0.5991645742177071
embedding_mean_836,embedding_mean_165,0.5988611874284183,0.5988611874284183
embedding_std_132,embedding_std_567,0.5984373444015382,0.5984373444015382
embedding_std_976,embedding_std_839,0.598381725292984,0.598381725292984
embedding_std_793,embedding_std_166,0.5981772184212488,0.5981772184212488
embedding_mean_968,embedding_std_606,0.5980740590706437,0.5980740590706437
embedding_std_839,embedding_std_82,0.5978347251856939,0.5978347251856939
embedding_std_981,embedding_mean_214,-0.5976778329221449,0.5976778329221449
embedding_mean_968,embedding_mean_886,0.5974912009650831,0.5974912009650831
embedding_std_839,embedding_mean_437,-0.597289830992141,0.597289830992141
embedding_std_606,embedding_mean_901,-0.5972133521826697,0.5972133521826697
embedding_mean_886,embedding_std_567,0.5971441274516571,0.5971441274516571
embedding_mean_586,embedding_std_594,-0.5969259743941171,0.5969259743941171
embedding_std_839,embedding_mean_734,0.596606740857478,0.596606740857478
embedding_std_918,embedding_std_270,0.5964826203975897,0.5964826203975897
embedding_std_976,embedding_std_793,0.596445846343745,0.596445846343745
embedding_std_606,embedding_mean_139,-0.5962354746881676,0.5962354746881676
embedding_mean_698,embedding_std_270,-0.5960629858179047,0.5960629858179047
embedding_std_976,embedding_mean_109,-0.5957464903071518,0.5957464903071518
embedding_mean_37,embedding_mean_901,-0.5956923382396279,0.5956923382396279
embedding_std_976,embedding_mean_734,0.595664072347703,0.595664072347703
embedding_std_821,embedding_mean_109,-0.5956448622228755,0.5956448622228755
embedding_mean_984,embedding_std_983,-0.594612129562844,0.594612129562844
embedding_mean_582,embedding_mean_129,-0.5944580294096431,0.5944580294096431
embedding_std_839,embedding_std_567,0.5943316982473728,0.5943316982473728
embedding_mean_968,embedding_mean_210,0.5938646451156762,0.5938646451156762
embedding_mean_546,embedding_std_594,0.5936065675843831,0.5936065675843831
embedding_std_793,embedding_mean_214,0.592987878522783,0.592987878522783
embedding_mean_546,embedding_std_270,0.5929602210810551,0.5929602210810551
embedding_std_918,embedding_std_687,0.5929517467219239,0.5929517467219239
embedding_std_976,embedding_std_132,0.592853715254367,0.592853715254367
embedding_mean_586,embedding_mean_37,-0.5927270663458827,0.5927270663458827
embedding_mean_836,embedding_std_567,-0.592575041683909,0.592575041683909
embedding_std_976,embedding_std_821,0.5924548998122525,0.5924548998122525
embedding_mean_210,embedding_std_166,0.5923581731323402,0.5923581731323402
embedding_mean_656,embedding_mean_514,0.5923140469719496,0.5923140469719496
embedding_std_839,embedding_mean_109,-0.5920408460729847,0.5920408460729847
embedding_mean_108,embedding_mean_119,-0.5920213351033375,0.5920213351033375
embedding_mean_968,embedding_mean_514,0.5914149198343204,0.5914149198343204
embedding_mean_68,embedding_mean_792,0.5913924105573141,0.5913924105573141
embedding_std_270,embedding_mean_437,-0.591208178598251,0.591208178598251
embedding_mean_437,embedding_std_567,-0.5905189397363206,0.5905189397363206
embedding_mean_129,embedding_mean_734,0.5903846142145188,0.5903846142145188
embedding_mean_582,embedding_std_839,-0.5900710257435955,0.5900710257435955
embedding_mean_984,embedding_mean_734,-0.5896378261047985,0.5896378261047985
embedding_mean_514,embedding_std_594,0.5889865646759912,0.5889865646759912
embedding_mean_68,embedding_mean_984,0.5887878887853096,0.5887878887853096
embedding_std_132,embedding_mean_437,-0.5885149008439137,0.5885149008439137
embedding_std_687,embedding_std_594,0.5880685214977962,0.5880685214977962
embedding_std_132,embedding_std_981,-0.5879508844127836,0.5879508844127836
embedding_std_821,embedding_std_270,0.5872784522974032,0.5872784522974032
embedding_mean_836,embedding_std_606,-0.5872749503284921,0.5872749503284921
embedding_mean_68,embedding_mean_214,-0.5869123376730931,0.5869123376730931
embedding_std_132,embedding_mean_734,0.5868653146137095,0.5868653146137095
embedding_mean_698,embedding_mean_68,0.5866163435536966,0.5866163435536966
embedding_std_383,embedding_std_981,-0.5859635407177238,0.5859635407177238
embedding_mean_836,embedding_std_132,-0.585867534037211,0.585867534037211
embedding_std_132,embedding_std_821,0.5856352987378918,0.5856352987378918
embedding_mean_514,embedding_mean_546,0.5853457170075148,0.5853457170075148
embedding_std_839,embedding_mean_984,-0.5853105621072496,0.5853105621072496
embedding_mean_901,embedding_mean_139,0.5852113002181835,0.5852113002181835
embedding_mean_108,embedding_std_166,-0.5846421051998222,0.5846421051998222
embedding_std_839,embedding_mean_930,0.5845582979457572,0.5845582979457572
embedding_mean_792,embedding_std_981,0.5839945553172159,0.5839945553172159
embedding_mean_586,embedding_std_567,-0.5839651773135422,0.5839651773135422
embedding_std_132,embedding_mean_582,-0.5836570378521599,0.5836570378521599
embedding_mean_836,embedding_mean_984,0.583133476598566,0.583133476598566
embedding_std_918,embedding_std_383,0.5829872457345782,0.5829872457345782
embedding_mean_586,embedding_mean_886,-0.5828279196702416,0.5828279196702416
embedding_mean_968,embedding_mean_119,0.5827950565990514,0.5827950565990514
embedding_mean_68,embedding_std_82,-0.5821467089706314,0.5821467089706314
embedding_mean_582,embedding_std_821,-0.5819045356514294,0.5819045356514294
embedding_mean_836,embedding_mean_792,0.5818008253153681,0.5818008253153681
embedding_std_930,embedding_mean_930,0.5814303467510348,0.5814303467510348
embedding_std_968,embedding_mean_129,0.5814282983020386,0.5814282983020386
embedding_std_594,embedding_std_166,0.5810307673658954,0.5810307673658954
embedding_mean_656,embedding_mean_139,-0.580921185485434,0.580921185485434
embedding_std_270,embedding_mean_129,0.5808847494594765,0.5808847494594765
embedding_std_687,embedding_mean_546,0.5801350543099265,0.5801350543099265
embedding_mean_586,embedding_std_606,-0.5800013609002738,0.5800013609002738
embedding_mean_968,embedding_std_687,0.5796709859644736,0.5796709859644736
embedding_std_930,embedding_mean_119,0.5795318536861164,0.5795318536861164
embedding_mean_886,embedding_mean_582,-0.5792083711389356,0.5792083711389356
embedding_mean_836,embedding_std_166,-0.5790692523816938,0.5790692523816938
embedding_std_270,embedding_std_567,0.5790161515808989,0.5790161515808989
embedding_std_976,embedding_mean_437,-0.5790131566538187,0.5790131566538187
embedding_mean_119,embedding_mean_989,0.5789284130625063,0.5789284130625063
embedding_std_594,embedding_mean_437,-0.5778340917214334,0.5778340917214334
embedding_std_567,embedding_std_517,0.5777652252999812,0.5777652252999812
embedding_mean_586,embedding_mean_119,-0.5777512478468468,0.5777512478468468
embedding_mean_637,embedding_mean_139,0.5769851008800285,0.5769851008800285
embedding_mean_210,embedding_std_793,0.5762654902124363,0.5762654902124363
embedding_mean_698,embedding_std_687,-0.5762294665805011,0.5762294665805011
embedding_mean_637,embedding_std_166,-0.5760803895217034,0.5760803895217034
embedding_std_918,embedding_std_821,0.5755190097080933,0.5755190097080933
embedding_std_687,embedding_std_567,0.5745900076657964,0.5745900076657964
embedding_std_606,embedding_std_270,0.5744517813021767,0.5744517813021767
embedding_std_983,embedding_std_166,0.5736998348868982,0.5736998348868982
embedding_std_968,embedding_std_606,0.5736199960802286,0.5736199960802286
embedding_std_270,embedding_std_983,0.5731878274264876,0.5731878274264876
embedding_mean_836,embedding_std_82,-0.573032344739228,0.573032344739228
embedding_mean_886,embedding_mean_984,-0.5727087100794981,0.5727087100794981
embedding_mean_968,embedding_mean_109,-0.5725741614592907,0.5725741614592907
embedding_std_918,embedding_mean_109,-0.5724970471573917,0.5724970471573917
embedding_std_687,embedding_mean_139,-0.5719291434055593,0.5719291434055593
embedding_mean_165,embedding_std_606,-0.571671096296776,0.571671096296776
embedding_std_821,embedding_mean_901,-0.5712135045656412,0.5712135045656412
embedding_std_983,embedding_std_517,0.5706794036025254,0.5706794036025254
embedding_mean_968,embedding_mean_734,0.5701960845688985,0.5701960845688985
embedding_std_687,embedding_mean_792,-0.5695316806158381,0.5695316806158381
embedding_std_793,embedding_mean_119,0.5694345685841343,0.5694345685841343
embedding_mean_119,embedding_std_594,0.5691892076619565,0.5691892076619565
embedding_mean_637,embedding_std_82,-0.5691531705089057,0.5691531705089057
embedding_mean_968,embedding_mean_68,-0.569079706908188,0.569079706908188
embedding_mean_637,embedding_mean_514,-0.5689444551899754,0.5689444551899754
embedding_mean_546,embedding_mean_139,-0.5685665839557497,0.5685665839557497
embedding_std_687,embedding_mean_582,-0.5685130403384226,0.5685130403384226
embedding_mean_108,embedding_std_983,-0.5644834403180329,0.5644834403180329
embedding_std_552,embedding_std_687,0.5630247519568266,0.5630247519568266
embedding_mean_886,embedding_mean_792,-0.5625018025337083,0.5625018025337083
embedding_mean_68,embedding_mean_546,-0.5610330071386758,0.5610330071386758
embedding_std_687,embedding_mean_989,0.5608381712447924,0.5608381712447924
embedding_mean_984,embedding_std_567,-0.5596843130519531,0.5596843130519531
embedding_mean_210,embedding_std_594,0.5588384455882256,0.5588384455882256
embedding_mean_984,embedding_mean_129,-0.5584221642451813,0.5584221642451813
embedding_mean_586,embedding_std_270,-0.5582295728564688,0.5582295728564688
embedding_std_687,embedding_std_839,0.5579129252331666,0.5579129252331666
embedding_std_132,embedding_mean_930,0.5577676070444741,0.5577676070444741
embedding_std_968,embedding_mean_989,0.5573265583981373,0.5573265583981373
embedding_std_930,embedding_std_166,0.5569354736538022,0.5569354736538022
embedding_std_983,embedding_mean_214,0.5563381783771808,0.5563381783771808
embedding_std_567,embedding_mean_734,0.5560428197502123,0.5560428197502123
embedding_std_606,embedding_mean_792,-0.5559892896540007,0.5559892896540007
embedding_mean_139,embedding_mean_214,-0.5549535451654948,0.5549535451654948
embedding_std_687,embedding_std_821,0.5549382156008118,0.5549382156008118
embedding_mean_437,embedding_std_517,-0.5547736399633876,0.5547736399633876
embedding_mean_68,embedding_mean_109,0.5546106361556385,0.5546106361556385
embedding_std_930,embedding_mean_514,0.5544270870129078,0.5544270870129078
embedding_std_793,embedding_mean_582,-0.5542658984149129,0.5542658984149129
embedding_mean_437,embedding_mean_930,-0.5540205915771969,0.5540205915771969
embedding_mean_656,embedding_std_839,0.5537501253238392,0.5537501253238392
embedding_std_918,embedding_mean_901,-0.5537449332154923,0.5537449332154923
embedding_mean_886,embedding_std_270,0.553221382102735,0.553221382102735
embedding_mean_514,embedding_std_270,0.5531032244547762,0.5531032244547762
embedding_std_132,embedding_std_983,0.5527163278759633,0.5527163278759633
embedding_std_132,embedding_std_517,0.5526118840193869,0.5526118840193869
embedding_mean_968,embedding_std_82,0.5524694289268987,0.5524694289268987
embedding_mean_886,embedding_mean_210,0.5517599489550848,0.5517599489550848
embedding_mean_698,embedding_mean_37,-0.5504776367848437,0.5504776367848437
embedding_mean_37,embedding_mean_437,-0.549578391337454,0.549578391337454
embedding_std_552,embedding_mean_108,-0.5491888209580535,0.5491888209580535
embedding_std_687,embedding_std_793,0.548908420065092,0.548908420065092
embedding_mean_637,embedding_mean_109,0.5487545531511332,0.5487545531511332
embedding_mean_886,embedding_mean_129,0.5487450680886193,0.5487450680886193
embedding_std_918,embedding_mean_210,0.5484885454856071,0.5484885454856071
embedding_mean_989,embedding_mean_139,-0.5473503616458957,0.5473503616458957
embedding_mean_836,embedding_mean_989,-0.546998379967548,0.546998379967548
embedding_mean_68,embedding_mean_129,-0.5468615327577079,0.5468615327577079
embedding_std_976,embedding_std_166,0.546739484408768,0.546739484408768
embedding_std_918,embedding_mean_656,0.5465147736102169,0.5465147736102169
embedding_std_821,embedding_mean_734,0.54578367337474,0.54578367337474
embedding_mean_37,embedding_mean_129,0.5448399671193513,0.5448399671193513
embedding_mean_210,embedding_std_821,0.5446689114873301,0.5446689114873301
embedding_mean_989,embedding_std_983,0.5445160451359173,0.5445160451359173
embedding_mean_886,embedding_std_517,0.5444566772980944,0.5444566772980944
embedding_mean_984,embedding_std_981,0.544375753421907,0.544375753421907
embedding_std_383,embedding_std_517,0.5440830652152471,0.5440830652152471
embedding_mean_792,embedding_std_270,-0.5439214168993256,0.5439214168993256
embedding_mean_108,embedding_mean_514,-0.5438958011460362,0.5438958011460362
embedding_mean_582,embedding_std_517,-0.5438356085201687,0.5438356085201687
embedding_std_793,embedding_std_594,0.5435385901762742,0.5435385901762742
embedding_mean_582,embedding_std_166,-0.5433776517189157,0.5433776517189157
embedding_mean_968,embedding_mean_656,0.5432328236706597,0.5432328236706597
embedding_std_383,embedding_std_793,0.542257910680728,0.542257910680728
embedding_mean_656,embedding_std_981,-0.541912706461518,0.541912706461518
embedding_std_383,embedding_mean_437,-0.541499869622644,0.541499869622644
embedding_std_968,embedding_mean_68,-0.5414747541506275,0.5414747541506275
embedding_mean_108,embedding_mean_546,-0.5414356781268712,0.5414356781268712
embedding_mean_989,embedding_std_166,0.5412069346556263,0.5412069346556263
embedding_mean_546,embedding_std_606,0.5409268210863689,0.5409268210863689
embedding_std_976,embedding_mean_165,-0.5408487772077801,0.5408487772077801
embedding_mean_968,embedding_std_567,0.5404949566577263,0.5404949566577263
embedding_std_383,embedding_mean_119,0.540438786563716,0.540438786563716
embedding_mean_37,embedding_std_839,0.539566177713835,0.539566177713835
embedding_mean_37,embedding_std_983,0.5393800392774883,0.5393800392774883
embedding_mean_139,embedding_std_166,-0.5391947560516963,0.5391947560516963
embedding_mean_698,embedding_std_82,-0.5387346054494557,0.5387346054494557
embedding_std_918,embedding_mean_792,-0.5381549755102176,0.5381549755102176
embedding_std_793,embedding_mean_514,0.5377588947137103,0.5377588947137103
embedding_mean_546,embedding_std_517,0.5375780362729613,0.5375780362729613
embedding_std_918,embedding_mean_119,0.5374242572462531,0.5374242572462531
embedding_mean_546,embedding_mean_734,0.5370022159080116,0.5370022159080116
embedding_std_839,embedding_std_981,-0.5369906621148282,0.5369906621148282
embedding_mean_586,embedding_std_517,-0.5367729045499162,0.5367729045499162
embedding_mean_836,embedding_mean_129,-0.5367473462613677,0.5367473462613677
embedding_mean_886,embedding_std_82,0.5363015821260048,0.5363015821260048
embedding_std_981,embedding_std_82,-0.5361472723955137,0.5361472723955137
embedding_mean_792,embedding_std_166,-0.535577614278947,0.535577614278947
embedding_mean_637,embedding_std_981,0.534772374386978,0.534772374386978
embedding_std_270,embedding_std_82,0.5347661614344119,0.5347661614344119
embedding_mean_165,embedding_mean_930,-0.5345439047183217,0.5345439047183217
embedding_std_930,embedding_mean_139,-0.5341616526426783,0.5341616526426783
embedding_std_132,embedding_mean_37,0.5341156267655619,0.5341156267655619
embedding_mean_437,embedding_std_166,-0.5334233422723681,0.5334233422723681
embedding_std_687,embedding_std_983,0.5333690685148048,0.5333690685148048
embedding_mean_586,embedding_std_983,-0.5332907035097233,0.5332907035097233
embedding_mean_68,embedding_mean_901,0.5330655397538034,0.5330655397538034
embedding_mean_637,embedding_std_793,-0.5326134578772295,0.5326134578772295
embedding_mean_886,embedding_std_606,0.532194864423437,0.532194864423437
embedding_std_976,embedding_std_981,-0.531548703835447,0.531548703835447
embedding_mean_586,embedding_std_82,-0.5314504999736677,0.5314504999736677
embedding_mean_582,embedding_mean_108,0.5313270555695536,0.5313270555695536
embedding_std_793,embedding_std_983,0.5312779502583851,0.5312779502583851
embedding_std_270,embedding_mean_734,0.5311160213793173,0.5311160213793173
embedding_mean_698,embedding_std_821,-0.5308185128949864,0.5308185128949864
embedding_mean_437,embedding_std_983,-0.5306500262749076,0.5306500262749076
embedding_mean_37,embedding_mean_930,0.5299808831708692,0.5299808831708692
embedding_mean_37,embedding_std_517,0.5298686714334457,0.5298686714334457
embedding_std_383,embedding_mean_901,-0.5291264128974135,0.5291264128974135
embedding_std_166,embedding_std_82,0.5282882423286768,0.5282882423286768
embedding_mean_656,embedding_mean_792,-0.5282201229488552,0.5282201229488552
embedding_std_687,embedding_mean_119,0.5279736465346496,0.5279736465346496
embedding_mean_165,embedding_mean_119,-0.527889700689151,0.527889700689151
embedding_std_821,embedding_mean_129,0.527434458251832,0.527434458251832
embedding_std_918,embedding_std_606,0.5269812203198839,0.5269812203198839
embedding_std_270,embedding_mean_139,-0.5267390943245861,0.5267390943245861
embedding_mean_210,embedding_mean_514,0.5264985604406369,0.5264985604406369
embedding_mean_119,embedding_mean_129,0.5263740242064474,0.5263740242064474
embedding_std_687,embedding_mean_734,0.5253345647914615,0.5253345647914615
embedding_std_968,embedding_mean_119,0.5253258132494627,0.5253258132494627
embedding_mean_968,embedding_std_793,0.5251418956563348,0.5251418956563348
embedding_mean_698,embedding_mean_210,-0.5250228253330809,0.5250228253330809
embedding_mean_108,embedding_std_594,-0.5248385764726236,0.5248385764726236
embedding_std_567,embedding_std_82,0.5247033957402673,0.5247033957402673
embedding_mean_214,embedding_std_517,0.5240730007729346,0.5240730007729346
embedding_mean_836,embedding_mean_514,-0.5230673678086173,0.5230673678086173
embedding_std_918,embedding_mean_546,0.5228475246116414,0.5228475246116414
embedding_mean_989,embedding_std_270,0.5227741928417998,0.5227741928417998
embedding_std_968,embedding_std_82,0.5227161568338523,0.5227161568338523
embedding_mean_886,embedding_std_687,0.5225924724299384,0.5225924724299384
embedding_mean_886,embedding_mean_108,-0.5222650248156413,0.5222650248156413
embedding_mean_586,embedding_mean_109,0.5221317809830784,0.5221317809830784
embedding_std_930,embedding_mean_68,-0.5216769137567142,0.5216769137567142
embedding_mean_989,embedding_mean_901,-0.5216512202570107,0.5216512202570107
embedding_std_552,embedding_std_606,0.5210532793471249,0.5210532793471249
embedding_std_976,embedding_mean_989,0.5207317810236417,0.5207317810236417
embedding_mean_901,embedding_std_166,-0.5205698927079204,0.5205698927079204
embedding_mean_37,embedding_std_594,0.5198051282751607,0.5198051282751607
embedding_std_793,embedding_std_82,0.5197921074409471,0.5197921074409471
embedding_std_606,embedding_mean_214,0.5193892694669753,0.5193892694669753
embedding_std_918,embedding_mean_165,-0.5192326003018318,0.5192326003018318
embedding_mean_68,embedding_std_517,-0.5186838086467398,0.5186838086467398
embedding_std_552,embedding_mean_930,0.5180930170266675,0.5180930170266675
embedding_std_968,embedding_mean_514,0.5179172661872935,0.5179172661872935
embedding_std_383,embedding_std_270,0.5173730345283993,0.5173730345283993
embedding_mean_546,embedding_std_166,0.5167844468501513,0.5167844468501513
embedding_mean_68,embedding_mean_437,0.5164947400494562,0.5164947400494562
embedding_mean_119,embedding_mean_437,-0.5156316297832044,0.5156316297832044
embedding_std_594,embedding_mean_930,0.5155495599924795,0.5155495599924795
embedding_std_930,embedding_mean_108,-0.5143119384892005,0.5143119384892005
embedding_std_976,embedding_std_606,0.5143073920141182,0.5143073920141182
embedding_std_968,embedding_std_981,-0.5133100373527576,0.5133100373527576
embedding_mean_968,embedding_mean_989,0.5130025333838032,0.5130025333838032
embedding_mean_68,embedding_std_594,-0.5128400535192793,0.5128400535192793
embedding_mean_68,embedding_std_567,-0.5123165666318205,0.5123165666318205
embedding_mean_792,embedding_mean_139,0.5117014606658243,0.5117014606658243
embedding_mean_792,embedding_mean_734,-0.5114674067764721,0.5114674067764721
embedding_mean_165,embedding_mean_139,0.5105722683679115,0.5105722683679115
embedding_std_976,embedding_mean_129,0.5104211259587231,0.5104211259587231
embedding_std_918,embedding_mean_68,-0.508936831985064,0.508936831985064
embedding_std_821,embedding_std_517,0.5088452433290366,0.5088452433290366
embedding_mean_37,embedding_std_821,0.5082259120144508,0.5082259120144508
embedding_std_687,embedding_mean_984,-0.5078761647004373,0.5078761647004373
embedding_mean_546,embedding_std_981,-0.5074736275712852,0.5074736275712852
embedding_mean_886,embedding_mean_119,0.5068963807286515,0.5068963807286515
embedding_std_930,embedding_std_981,-0.5068280957151653,0.5068280957151653
embedding_std_793,embedding_mean_901,-0.5067671222448783,0.5067671222448783
embedding_std_552,embedding_std_166,0.5063046561516107,0.5063046561516107
embedding_std_839,embedding_std_606,0.5060311476472684,0.5060311476472684
embedding_mean_698,embedding_mean_514,-0.5059905234557889,0.5059905234557889
embedding_mean_656,embedding_mean_989,0.5056203355954385,0.5056203355954385
embedding_mean_210,embedding_std_839,0.5053889656475103,0.5053889656475103
embedding_mean_586,embedding_std_166,-0.5053174490874227,0.5053174490874227
embedding_mean_989,embedding_std_594,0.5052155810033465,0.5052155810033465
embedding_mean_68,embedding_mean_930,-0.5049298832133932,0.5049298832133932
embedding_std_918,embedding_mean_586,-0.5039607843031207,0.5039607843031207
embedding_mean_656,embedding_std_594,0.5033675926850495,0.5033675926850495
embedding_mean_165,embedding_std_983,-0.5032895420459029,0.5032895420459029
embedding_mean_514,embedding_mean_734,0.5030096448144933,0.5030096448144933
embedding_mean_886,embedding_mean_930,0.5024753579360396,0.5024753579360396
embedding_std_383,embedding_mean_68,-0.5020818292500804,0.5020818292500804
embedding_std_821,embedding_std_567,0.5018492964862203,0.5018492964862203
embedding_std_981,embedding_mean_129,-0.5015229846456241,0.5015229846456241
embedding_mean_514,embedding_mean_437,-0.5013021172241502,0.5013021172241502
embedding_mean_984,embedding_mean_901,0.5006670574719746,0.5006670574719746
embedding_std_793,embedding_mean_108,-0.5000329813809508,0.5000329813809508
embedding_mean_984,embedding_mean_139,0.4993593492665708,0.4993593492665708
embedding_std_132,embedding_std_82,0.4993477988536663,0.4993477988536663
embedding_mean_792,embedding_std_567,-0.49865581182501323,0.49865581182501323
embedding_mean_586,embedding_mean_930,-0.4980721052694559,0.4980721052694559
embedding_mean_129,embedding_std_166,0.497446878748518,0.497446878748518
embedding_std_82,embedding_mean_734,0.4968783902084408,0.4968783902084408
embedding_mean_698,embedding_std_606,-0.4968509288228875,0.4968509288228875
embedding_mean_698,embedding_mean_546,-0.49683063700882096,0.49683063700882096
embedding_mean_698,embedding_std_983,-0.4967669424140424,0.4967669424140424
embedding_mean_68,embedding_std_166,-0.4959074186236735,0.4959074186236735
embedding_mean_514,embedding_mean_901,-0.4957561950877923,0.4957561950877923
embedding_mean_886,embedding_mean_989,0.4957470277714923,0.4957470277714923
embedding_mean_698,embedding_mean_129,-0.49513911503893504,0.49513911503893504
embedding_std_968,embedding_mean_139,-0.49441599564187405,0.49441599564187405
embedding_mean_792,embedding_std_517,-0.49425744366139907,0.49425744366139907
embedding_std_968,embedding_std_793,0.4941402122098512,0.4941402122098512
embedding_mean_901,embedding_std_983,-0.4938649222985437,0.4938649222985437
embedding_mean_514,embedding_std_983,0.4934172516858972,0.4934172516858972
embedding_std_918,embedding_mean_214,0.49291127464299356,0.49291127464299356
embedding_std_383,embedding_mean_734,0.49286531299117564,0.49286531299117564
embedding_std_567,embedding_std_983,0.4928120093736485,0.4928120093736485
embedding_std_383,embedding_std_166,0.4925061854032933,0.4925061854032933
embedding_mean_119,embedding_mean_139,-0.49250207836446425,0.49250207836446425
embedding_mean_514,embedding_std_166,0.492003886103802,0.492003886103802
embedding_std_968,embedding_std_166,0.49132427765637693,0.49132427765637693
embedding_std_132,embedding_mean_514,0.4911687070818668,0.4911687070818668
embedding_mean_637,embedding_mean_119,-0.49083625665483954,0.49083625665483954
embedding_std_839,embedding_mean_129,0.49055541970590355,0.49055541970590355
embedding_std_594,embedding_mean_129,0.4901810605814255,0.4901810605814255
embedding_std_981,embedding_mean_901,0.4900891440383475,0.4900891440383475
embedding_mean_514,embedding_std_517,0.48999310017476716,0.48999310017476716
embedding_mean_210,embedding_std_983,0.489198795484948,0.489198795484948
embedding_mean_637,embedding_mean_698,0.488952961323728,0.488952961323728
embedding_mean_989,embedding_std_606,0.48862876553770535,0.48862876553770535
embedding_mean_698,embedding_mean_792,0.4882988942634572,0.4882988942634572
embedding_std_821,embedding_mean_514,0.48768294660802197,0.48768294660802197
embedding_mean_968,embedding_mean_698,-0.4876677116911474,0.4876677116911474
embedding_mean_108,embedding_mean_214,-0.4876459494557717,0.4876459494557717
embedding_std_132,embedding_mean_129,0.4871348310087043,0.4871348310087043
embedding_mean_514,embedding_std_567,0.48707845471768285,0.48707845471768285
embedding_std_552,embedding_mean_119,0.48676127639059774,0.48676127639059774
embedding_mean_109,embedding_mean_734,-0.4865355819308951,0.4865355819308951
embedding_mean_989,embedding_mean_734,0.48598576605130495,0.48598576605130495
embedding_mean_984,embedding_std_270,-0.48570861698661794,0.48570861698661794
embedding_mean_108,embedding_std_981,0.4855737911835431,0.4855737911835431
embedding_std_930,embedding_mean_165,-0.4850647380868663,0.4850647380868663
embedding_mean_37,embedding_mean_108,-0.48469468205739186,0.48469468205739186
embedding_std_918,embedding_mean_37,0.4845781401827338,0.4845781401827338
embedding_mean_210,embedding_mean_119,0.48455414020274507,0.48455414020274507
embedding_mean_586,embedding_mean_108,0.4838788111883715,0.4838788111883715
embedding_std_82,embedding_std_517,0.48277369323658254,0.48277369323658254
embedding_std_918,embedding_mean_582,-0.4819835192475445,0.4819835192475445
embedding_mean_886,embedding_std_981,-0.48187530638002624,0.48187530638002624
embedding_std_567,embedding_mean_109,-0.481669220918058,0.481669220918058
embedding_mean_129,embedding_std_567,0.48139245382488355,0.48139245382488355
embedding_mean_886,embedding_mean_68,-0.48076463801033,0.48076463801033
embedding_mean_582,embedding_mean_930,-0.4805355970745444,0.4805355970745444
embedding_mean_119,embedding_std_839,0.4800636864821093,0.4800636864821093
embedding_std_606,embedding_mean_734,0.47959027504585516,0.47959027504585516
embedding_mean_37,embedding_mean_734,0.47950181314778395,0.47950181314778395
embedding_std_383,embedding_std_567,0.47930151472324406,0.47930151472324406
embedding_mean_68,embedding_mean_165,0.4787495422257338,0.4787495422257338
embedding_mean_582,embedding_mean_139,0.47828385472670143,0.47828385472670143
embedding_mean_582,embedding_std_983,-0.4773503805754573,0.4773503805754573
embedding_mean_930,embedding_mean_214,0.4771482872228366,0.4771482872228366
embedding_mean_68,embedding_mean_734,-0.47704898477042396,0.47704898477042396
embedding_std_918,embedding_mean_437,-0.47679322611043684,0.47679322611043684
embedding_std_930,embedding_mean_698,-0.47580699932712167,0.47580699932712167
embedding_mean_210,embedding_std_132,0.4756026682298879,0.4756026682298879
embedding_mean_37,embedding_std_166,0.4748600378631797,0.4748600378631797
embedding_mean_698,embedding_mean_582,0.47433304900680984,0.47433304900680984
embedding_mean_68,embedding_std_839,-0.4732152955725986,0.4732152955725986
embedding_std_918,embedding_mean_984,-0.47250304715238883,0.47250304715238883
embedding_mean_119,embedding_std_270,0.472359398821459,0.472359398821459
embedding_std_839,embedding_mean_514,0.4719680943589974,0.4719680943589974
embedding_mean_930,embedding_std_983,0.47156244061272556,0.47156244061272556
embedding_std_976,embedding_mean_698,-0.47119692767805466,0.47119692767805466
embedding_std_132,embedding_mean_989,0.47115673954254955,0.47115673954254955
embedding_mean_129,embedding_std_983,0.47100825065227553,0.47100825065227553
embedding_std_166,embedding_std_517,0.47100716220247885,0.47100716220247885
embedding_std_968,embedding_mean_108,-0.4704253046594643,0.4704253046594643
embedding_std_918,embedding_std_82,0.47032417009590327,0.47032417009590327
embedding_std_552,embedding_mean_139,-0.46941241423640956,0.46941241423640956
embedding_mean_968,embedding_mean_129,0.46940090776713045,0.46940090776713045
embedding_mean_698,embedding_std_793,-0.4689327999884259,0.4689327999884259
embedding_mean_68,embedding_std_983,-0.46762299601012164,0.46762299601012164
embedding_std_918,embedding_std_166,0.46755716507909617,0.46755716507909617
embedding_mean_989,embedding_std_839,0.4673408948368877,0.4673408948368877
embedding_mean_165,embedding_std_821,-0.46652603467125,0.46652603467125
embedding_std_383,embedding_mean_210,0.46632212272859624,0.46632212272859624
embedding_std_976,embedding_mean_886,0.4659405196664963,0.4659405196664963
embedding_std_839,embedding_std_166,0.46587092648508666,0.46587092648508666
embedding_mean_165,embedding_mean_437,0.4644961332651959,0.4644961332651959
embedding_mean_984,embedding_std_517,-0.46389388588002756,0.46389388588002756
embedding_std_687,embedding_mean_514,0.46307060205944167,0.46307060205944167
embedding_mean_637,embedding_mean_165,0.46293181118925036,0.46293181118925036
embedding_std_383,embedding_std_606,0.4620118716746084,0.4620118716746084
embedding_mean_836,embedding_std_793,-0.46121787459016655,0.46121787459016655
embedding_std_821,embedding_mean_139,-0.4608941452826282,0.4608941452826282
embedding_mean_886,embedding_mean_37,0.4600973425667228,0.4600973425667228
embedding_std_383,embedding_std_687,0.4599153111692053,0.4599153111692053
embedding_mean_886,embedding_mean_514,0.4597299434364415,0.4597299434364415
embedding_std_821,embedding_std_981,-0.4581767120554739,0.4581767120554739
embedding_mean_968,embedding_mean_139,-0.4581527661599471,0.4581527661599471
embedding_mean_968,embedding_mean_108,-0.4579420530962036,0.4579420530962036
embedding_std_983,embedding_mean_734,0.45759290747182924,0.45759290747182924
embedding_std_981,embedding_std_270,-0.4573224784015391,0.4573224784015391
embedding_mean_119,embedding_mean_514,0.45685871090090585,0.45685871090090585
embedding_mean_109,embedding_std_517,-0.4564347563248229,0.4564347563248229
embedding_mean_637,embedding_mean_108,0.45567444709961596,0.45567444709961596
embedding_mean_968,embedding_std_981,-0.45436593100756173,0.45436593100756173
embedding_std_594,embedding_std_567,0.45360728149928076,0.45360728149928076
embedding_mean_836,embedding_std_981,0.4533876343584795,0.4533876343584795
embedding_std_968,embedding_mean_165,-0.45237428083721937,0.45237428083721937
embedding_std_166,embedding_mean_214,0.45209654022372986,0.45209654022372986
embedding_mean_68,embedding_mean_119,-0.45030877495381016,0.45030877495381016
embedding_mean_698,embedding_mean_836,0.449282938062677,0.449282938062677
embedding_mean_836,embedding_mean_139,0.4491150125688909,0.4491150125688909
embedding_mean_119,embedding_mean_546,0.4482033344558113,0.4482033344558113
embedding_std_793,embedding_std_270,0.44810254130041627,0.44810254130041627
embedding_mean_37,embedding_mean_165,-0.4475018420829711,0.4475018420829711
embedding_mean_546,embedding_mean_930,0.4473875007698585,0.4473875007698585
embedding_mean_886,embedding_std_166,0.446334861647552,0.446334861647552
embedding_mean_836,embedding_mean_119,-0.4463107196958506,0.4463107196958506
embedding_mean_984,embedding_std_166,-0.444994182202034,0.444994182202034
embedding_mean_108,embedding_std_839,-0.4449558058960041,0.4449558058960041
embedding_std_976,embedding_mean_119,0.4448037068678951,0.4448037068678951
embedding_mean_119,embedding_mean_984,-0.44478367195502283,0.44478367195502283
embedding_std_981,embedding_std_594,-0.4428477524424374,0.4428477524424374
embedding_std_793,embedding_std_839,0.4426287509349006,0.4426287509349006
embedding_mean_836,embedding_mean_108,0.44254903043799154,0.44254903043799154
embedding_std_981,embedding_mean_734,-0.4421853935580944,0.4421853935580944
embedding_mean_437,embedding_std_82,-0.44027979176670884,0.44027979176670884
embedding_std_132,embedding_std_270,0.440117443733061,0.440117443733061
embedding_std_383,embedding_mean_698,-0.43894100527735896,0.43894100527735896
embedding_mean_698,embedding_mean_437,0.4375699878289679,0.4375699878289679
embedding_mean_68,embedding_mean_108,0.43739854008459755,0.43739854008459755
embedding_std_918,embedding_mean_514,0.4364788608514287,0.4364788608514287
embedding_std_976,embedding_mean_139,-0.4364753081783346,0.4364753081783346
embedding_mean_586,embedding_mean_698,0.43567952968692736,0.43567952968692736
embedding_mean_68,embedding_std_793,-0.43476449833720704,0.43476449833720704
embedding_std_976,embedding_mean_108,-0.43472515189114097,0.43472515189114097
embedding_mean_108,embedding_std_270,-0.4344214169331284,0.4344214169331284
embedding_mean_514,embedding_mean_129,0.43440233525889793,0.43440233525889793
embedding_mean_698,embedding_mean_214,-0.4342093483775574,0.4342093483775574
embedding_std_606,embedding_mean_984,-0.43372177357283104,0.43372177357283104
embedding_std_383,embedding_mean_129,0.4335846931237488,0.4335846931237488
embedding_mean_989,embedding_std_567,0.43205466397695624,0.43205466397695624
embedding_mean_119,embedding_std_82,0.431555498195979,0.431555498195979
embedding_std_918,embedding_std_981,-0.4310068654139939,0.4310068654139939
embedding_std_270,embedding_mean_109,-0.43068253779709526,0.43068253779709526
embedding_mean_37,embedding_std_793,0.430303997267653,0.430303997267653
embedding_mean_108,embedding_std_606,-0.42930874513975054,0.42930874513975054
embedding_mean_901,embedding_std_82,-0.4292030201574818,0.4292030201574818
embedding_mean_698,embedding_mean_139,0.42868665213732665,0.42868665213732665
embedding_std_606,embedding_std_517,0.42848798976776065,0.42848798976776065
embedding_mean_165,embedding_mean_546,-0.4283854625293045,0.4283854625293045
embedding_mean_119,embedding_mean_214,0.42822928350459744,0.42822928350459744
embedding_mean_129,embedding_mean_930,0.427432798534906,0.427432798534906
embedding_mean_792,embedding_mean_930,-0.42732808763629876,0.42732808763629876
embedding_mean_139,embedding_std_517,-0.42671106843246126,0.42671106843246126
embedding_std_567,embedding_mean_139,-0.4257120810964056,0.4257120810964056
embedding_mean_930,embedding_mean_139,-0.42466411689977857,0.42466411689977857
embedding_std_383,embedding_mean_656,0.42444545342012896,0.42444545342012896
embedding_mean_698,embedding_mean_984,0.4239340408887997,0.4239340408887997
embedding_std_132,embedding_mean_68,-0.4227632272171401,0.4227632272171401
embedding_mean_165,embedding_std_594,-0.422570940053526,0.422570940053526
embedding_std_166,embedding_mean_734,0.42058437044232777,0.42058437044232777
embedding_std_918,embedding_mean_108,-0.4196175464597359,0.4196175464597359
embedding_std_793,embedding_mean_165,-0.41874551225726303,0.41874551225726303
embedding_mean_210,embedding_std_82,0.41734818609841384,0.41734818609841384
embedding_mean_119,embedding_mean_901,-0.4161965419882354,0.4161965419882354
embedding_mean_68,embedding_mean_139,0.4151786893157971,0.4151786893157971
embedding_std_132,embedding_std_793,0.41465779848251166,0.41465779848251166
embedding_mean_119,embedding_std_517,0.41451293663146693,0.41451293663146693
embedding_std_687,embedding_std_82,0.4131879484404712,0.4131879484404712
embedding_mean_119,embedding_mean_109,-0.4109001655592986,0.4109001655592986
embedding_std_687,embedding_std_981,-0.4100829662406817,0.4100829662406817
embedding_mean_582,embedding_std_606,-0.4098219039231449,0.4098219039231449
embedding_std_981,embedding_std_983,-0.407041567086468,0.407041567086468
embedding_mean_656,embedding_mean_109,-0.4064922582487086,0.4064922582487086
embedding_mean_139,embedding_mean_734,-0.4063437625978768,0.4063437625978768
embedding_mean_210,embedding_std_981,-0.4044561405098096,0.4044561405098096
embedding_std_793,embedding_mean_109,-0.40348473962962556,0.40348473962962556
embedding_mean_984,embedding_mean_930,-0.40081419087042114,0.40081419087042114
embedding_mean_656,embedding_std_821,0.3999565634164992,0.3999565634164992
embedding_std_981,embedding_mean_437,0.39942418977588684,0.39942418977588684
embedding_mean_514,embedding_mean_139,-0.398612598339918,0.398612598339918
embedding_mean_165,embedding_mean_792,0.39818166686824397,0.39818166686824397
embedding_mean_514,embedding_mean_930,0.3968004578790548,0.3968004578790548
embedding_std_981,embedding_std_567,-0.39527760168402787,0.39527760168402787
embedding_mean_582,embedding_mean_119,-0.3950400897693899,0.3950400897693899
embedding_std_132,embedding_std_687,0.3949121090310302,0.3949121090310302
embedding_mean_119,embedding_std_981,-0.39305137030082926,0.39305137030082926
embedding_std_918,embedding_mean_129,0.3930300914453322,0.3930300914453322
embedding_mean_165,embedding_mean_901,0.3927586009674764,0.3927586009674764
embedding_mean_68,embedding_std_821,-0.39232269372530326,0.39232269372530326
embedding_mean_108,embedding_mean_129,-0.3910449854948853,0.3910449854948853
embedding_mean_108,embedding_mean_734,-0.3893683739351023,0.3893683739351023
embedding_mean_129,embedding_std_517,0.3889351979582575,0.3889351979582575
embedding_mean_656,embedding_std_82,0.3880440787012752,0.3880440787012752
embedding_mean_901,embedding_mean_109,0.3868312380224044,0.3868312380224044
embedding_std_793,embedding_std_567,0.38495868859782584,0.38495868859782584
embedding_mean_437,embedding_mean_109,0.3846439339306917,0.3846439339306917
embedding_mean_886,embedding_mean_698,-0.38260129901412815,0.38260129901412815
embedding_std_983,embedding_mean_139,-0.38151592865150735,0.38151592865150735
embedding_mean_586,embedding_mean_165,0.38087844861965975,0.38087844861965975
embedding_std_606,embedding_std_567,0.37906153182475094,0.37906153182475094
embedding_std_606,embedding_mean_930,0.3784077013840011,0.3784077013840011
embedding_mean_165,embedding_std_839,-0.3775386823902817,0.3775386823902817
embedding_mean_698,embedding_mean_109,0.3774943872159476,0.3774943872159476
embedding_mean_698,embedding_std_567,-0.37741404812800494,0.37741404812800494
embedding_mean_119,embedding_mean_734,0.3766411439837222,0.3766411439837222
embedding_std_552,embedding_mean_698,-0.3762759623163807,0.3762759623163807
embedding_mean_698,embedding_std_968,-0.3754424734338813,0.3754424734338813
embedding_std_793,embedding_std_981,-0.37509620104654784,0.37509620104654784
embedding_std_793,embedding_mean_734,0.37375756328946835,0.37375756328946835
embedding_std_793,embedding_std_517,0.3724593367662995,0.3724593367662995
embedding_mean_108,embedding_mean_437,0.3711644837614445,0.3711644837614445
embedding_mean_698,embedding_std_981,0.37081645024881893,0.37081645024881893
embedding_mean_698,embedding_std_517,-0.370124723501639,0.370124723501639
embedding_mean_165,embedding_std_567,-0.3698910887668668,0.3698910887668668
embedding_std_918,embedding_mean_698,-0.367744665767828,0.367744665767828
embedding_std_567,embedding_std_166,0.3656623125745225,0.3656623125745225
embedding_mean_656,embedding_std_983,0.36318829660919494,0.36318829660919494
embedding_mean_210,embedding_mean_108,-0.361997370278249,0.361997370278249
embedding_mean_698,embedding_mean_901,0.3617238989569744,0.3617238989569744
embedding_mean_656,embedding_std_606,0.35995536409355555,0.35995536409355555
embedding_std_918,embedding_mean_989,0.3590424589392455,0.3590424589392455
embedding_std_687,embedding_mean_108,-0.3588326889733072,0.3588326889733072
embedding_std_166,embedding_mean_109,-0.3576438617955406,0.3576438617955406
embedding_mean_37,embedding_std_606,0.3569487378680946,0.3569487378680946
embedding_mean_165,embedding_mean_514,-0.3568313306420454,0.3568313306420454
embedding_mean_165,embedding_mean_129,-0.3565234075185109,0.3565234075185109
embedding_mean_698,embedding_std_594,-0.3560845560534406,0.3560845560534406
embedding_std_821,embedding_mean_930,0.35409831432929284,0.35409831432929284
embedding_mean_698,embedding_std_839,-0.3538668193110464,0.3538668193110464
embedding_std_132,embedding_std_606,0.35362115754404894,0.35362115754404894
embedding_mean_886,embedding_mean_165,-0.3533343645437411,0.3533343645437411
embedding_std_132,embedding_mean_119,0.35318951283353295,0.35318951283353295
embedding_std_839,embedding_mean_139,-0.35032009888803023,0.35032009888803023
embedding_mean_210,embedding_mean_109,-0.35028477497382143,0.35028477497382143
embedding_mean_165,embedding_mean_989,-0.35004292616139115,0.35004292616139115
embedding_mean_165,embedding_mean_734,-0.34996780622402635,0.34996780622402635
embedding_std_687,embedding_mean_109,-0.34881023310470705,0.34881023310470705
embedding_mean_37,embedding_mean_139,-0.3469430549432556,0.3469430549432556
embedding_std_981,embedding_std_517,-0.3457959167448131,0.3457959167448131
embedding_std_606,embedding_std_82,0.345579136080495,0.345579136080495
embedding_std_383,embedding_mean_165,-0.3453303813583299,0.3453303813583299
embedding_std_594,embedding_mean_139,-0.3448629563959575,0.3448629563959575
embedding_mean_165,embedding_std_82,-0.3427114866405633,0.3427114866405633
embedding_mean_886,embedding_mean_139,-0.341745463784064,0.341745463784064
embedding_std_383,embedding_mean_930,0.339895602791272,0.339895602791272
embedding_mean_989,embedding_std_517,0.3393148269374964,0.3393148269374964
embedding_mean_656,embedding_std_793,0.33915988847513523,0.33915988847513523
embedding_mean_68,embedding_std_606,-0.3360236555971773,0.3360236555971773
embedding_mean_129,embedding_std_82,0.33554414613783873,0.33554414613783873
embedding_mean_886,embedding_std_793,0.3351528281542616,0.3351528281542616
embedding_std_132,embedding_mean_139,-0.33466314405551933,0.33466314405551933
embedding_std_981,embedding_mean_930,-0.3338913689243797,0.3338913689243797
embedding_mean_656,embedding_std_166,0.32736531126723345,0.32736531126723345
embedding_std_552,embedding_mean_165,-0.32698979270710243,0.32698979270710243
embedding_mean_930,embedding_std_166,0.3262609741598638,0.3262609741598638
embedding_std_981,embedding_std_166,-0.32346885705131917,0.32346885705131917
embedding_std_132,embedding_mean_108,-0.32151625248222326,0.32151625248222326
embedding_mean_656,embedding_mean_165,-0.3200322762547781,0.3200322762547781
embedding_mean_37,embedding_mean_119,0.3197468117040669,0.3197468117040669
embedding_mean_165,embedding_mean_214,-0.31493032332570225,0.31493032332570225
embedding_mean_129,embedding_mean_109,-0.3145293884487353,0.3145293884487353
embedding_mean_108,embedding_std_567,-0.3064374842098723,0.3064374842098723
embedding_mean_165,embedding_mean_582,0.30467185638628314,0.30467185638628314
embedding_mean_165,embedding_mean_984,0.3022785479592952,0.3022785479592952
embedding_std_383,embedding_mean_139,-0.29969500419796835,0.29969500419796835
embedding_mean_514,embedding_std_606,0.2942755180125258,0.2942755180125258
embedding_mean_108,embedding_mean_901,0.29183537582177116,0.29183537582177116
embedding_mean_165,embedding_mean_108,0.2912887340240415,0.2912887340240415
embedding_std_918,embedding_std_793,0.28888412532478563,0.28888412532478563
embedding_std_918,embedding_mean_139,-0.2869625111523851,0.2869625111523851
embedding_mean_930,embedding_mean_109,-0.2820142054191414,0.2820142054191414
embedding_mean_656,embedding_mean_698,-0.2745181530778217,0.2745181530778217
embedding_mean_119,embedding_mean_930,0.2720536864003065,0.2720536864003065
embedding_mean_656,embedding_mean_119,0.2621798174500677,0.2621798174500677
embedding_mean_119,embedding_std_567,0.2612196864196418,0.2612196864196418
embedding_std_606,embedding_mean_109,-0.26054478332040604,0.26054478332040604
embedding_mean_108,embedding_std_517,-0.2515104302898947,0.2515104302898947
embedding_mean_698,embedding_mean_734,-0.24534681289392501,0.24534681289392501
embedding_mean_108,embedding_mean_139,0.24417277443622187,0.24417277443622187
embedding_mean_165,embedding_mean_109,0.23720474193632785,0.23720474193632785
embedding_std_981,embedding_mean_139,0.23713541241667022,0.23713541241667022
embedding_mean_656,embedding_mean_108,-0.22832697356398823,0.22832697356398823
embedding_mean_930,embedding_std_82,0.22766996228082018,0.22766996228082018
embedding_mean_989,embedding_mean_930,0.22252199699574335,0.22252199699574335
embedding_mean_139,embedding_std_82,-0.217136323739854,0.217136323739854
embedding_mean_698,embedding_mean_930,-0.21452871239296092,0.21452871239296092
embedding_std_606,embedding_std_981,-0.21197005424468718,0.21197005424468718
embedding_std_793,embedding_mean_930,0.20756364439763736,0.20756364439763736
embedding_std_132,embedding_std_166,0.20080967143756973,0.20080967143756973
embedding_mean_165,embedding_std_981,0.17133906164405002,0.17133906164405002
embedding_std_132,embedding_mean_165,-0.13777479554552258,0.13777479554552258
embedding_mean_698,embedding_std_132,-0.0980397627612119,0.0980397627612119
embedding_mean_139,embedding_mean_109,0.09028895570272989,0.09028895570272989
embedding_mean_108,embedding_mean_930,-0.01746076966651318,0.01746076966651318
