cluster025,n_embeddings,cluster_type,severity_related,severity_class,median_max_abs_severity_r,max_abs_severity_r,fraction_embeddings_r_ge_0_4,example_embeddings,has_validated,has_validated_or_proposed,candidate_genes
1,2,multi_trait,True,severity_correlated,0.5153027692123389,0.5374738932612044,1.0,embedding_mean_430;embedding_mean_746,False,False,
2,2,multi_trait,False,not_severity_correlated,0.0892829399756928,0.1142147182885729,0.0,embedding_mean_121;embedding_mean_406,False,False,
3,1,singleton,False,not_severity_correlated,0.1305537502861933,0.1305537502861933,0.0,embedding_mean_491,False,False,
4,2,multi_trait,False,not_severity_correlated,0.2599894439732541,0.3142473580775868,0.0,embedding_mean_33;embedding_mean_391,False,False,
5,5,multi_trait,False,not_severity_correlated,0.1097000128068866,0.2709554587102165,0.0,embedding_mean_234;embedding_mean_469;embedding_std_77;embedding_std_487;embedding_std_568,False,False,
6,4,multi_trait,False,not_severity_correlated,0.1564205799853926,0.2237939587520794,0.0,embedding_mean_801;embedding_std_393;embedding_std_736;embedding_std_791,False,False,
7,10,multi_trait,True,severity_correlated,0.3641946667552038,0.5611066769364046,0.3,embedding_mean_119;embedding_mean_441;embedding_mean_599;embedding_mean_762;embedding_mean_890;embedding_std_212;embedding_std_228;embedding_std_538;embedding_std_620;embedding_std_803,False,False,
8,2,multi_trait,False,not_severity_correlated,0.1373562606864456,0.1385445429416089,0.0,embedding_mean_743;embedding_mean_838,False,False,
9,2,multi_trait,False,not_severity_correlated,0.2443765183285233,0.2784345519052386,0.0,embedding_mean_953;embedding_std_184,False,True,Sobic.007G163100
10,10,multi_trait,False,not_severity_correlated,0.1995315593226356,0.4425233901114951,0.2,embedding_mean_127;embedding_mean_339;embedding_mean_520;embedding_mean_682;embedding_mean_833;embedding_mean_925;embedding_mean_995;embedding_std_67;embedding_std_574;embedding_std_746,False,True,Sobic.007G163100
11,1,singleton,False,not_severity_correlated,0.1927473128460398,0.1927473128460398,0.0,embedding_mean_245,False,True,Sobic.007G163100
12,2,multi_trait,False,not_severity_correlated,0.0680098908987951,0.0951657617772803,0.0,embedding_mean_716;embedding_std_634,False,False,
13,4,multi_trait,True,severity_correlated,0.3271095813396166,0.5177178128324715,0.5,embedding_mean_101;embedding_mean_126;embedding_mean_151;embedding_std_535,False,True,Sobic.002G022600
14,1,singleton,True,severity_correlated,0.5235704513328068,0.5235704513328068,1.0,embedding_mean_144,False,False,
15,1,singleton,False,not_severity_correlated,0.3443533286518724,0.3443533286518724,0.0,embedding_mean_851,False,True,Sobic.005G102900
16,3,multi_trait,False,not_severity_correlated,0.1145035617060878,0.3133258773395501,0.0,embedding_std_298;embedding_std_399;embedding_std_802,False,True,Sobic.004G117000
17,11,multi_trait,False,not_severity_correlated,0.1406300396117664,0.398393417677601,0.0,embedding_mean_559;embedding_mean_775;embedding_mean_904;embedding_mean_946;embedding_std_371;embedding_std_423;embedding_std_722;embedding_std_794;embedding_std_910;embedding_std_984;embedding_std_1018,False,True,Sobic.002G268900
18,3,multi_trait,False,not_severity_correlated,0.1890147719044307,0.1911972273781856,0.0,embedding_std_94;embedding_std_175;embedding_std_703,False,False,
19,1,singleton,False,not_severity_correlated,0.3369958065756446,0.3369958065756446,0.0,embedding_std_925,False,False,
20,3,multi_trait,False,not_severity_correlated,0.2253964745989958,0.2450532484074338,0.0,embedding_mean_537;embedding_mean_565;embedding_mean_932,False,False,
21,4,multi_trait,True,severity_correlated,0.310842605126316,0.4732214214715551,0.5,embedding_mean_289;embedding_mean_611;embedding_mean_738;embedding_std_392,True,True,Sobic.006G217900;Sobic.006G225800
22,3,multi_trait,False,not_severity_correlated,0.091283950929438,0.2715860236849589,0.0,embedding_mean_228;embedding_mean_272;embedding_mean_760,True,True,Sobic.006G217900;Sobic.006G225800
23,2,multi_trait,False,not_severity_correlated,0.1891704527555728,0.3296540237250956,0.0,embedding_mean_308;embedding_std_275,True,True,Sobic.006G217900;Sobic.006G225800
24,2,multi_trait,False,not_severity_correlated,0.1439168079004583,0.2394090150507248,0.0,embedding_mean_824;embedding_std_357,True,True,Sobic.003G430000;Sobic.006G217900;Sobic.006G225800
25,11,multi_trait,False,not_severity_correlated,0.223141552199249,0.347667680365757,0.0,embedding_mean_30;embedding_mean_86;embedding_mean_173;embedding_mean_453;embedding_mean_466;embedding_mean_542;embedding_mean_717;embedding_mean_983;embedding_std_215;embedding_std_224;embedding_std_363,True,True,Sobic.006G217900;Sobic.006G225800
26,3,multi_trait,False,not_severity_correlated,0.3025548688556586,0.341775832406506,0.0,embedding_mean_340;embedding_std_253;embedding_std_358,False,True,Sobic.004G273600
27,5,multi_trait,True,severity_correlated,0.389861679663703,0.5212483813797723,0.4,embedding_mean_399;embedding_std_222;embedding_std_572;embedding_std_655;embedding_std_851,False,False,
28,6,multi_trait,False,not_severity_correlated,0.1353906366870945,0.2971936383962902,0.0,embedding_mean_29;embedding_std_163;embedding_std_484;embedding_std_527;embedding_std_681;embedding_std_939,False,True,Sobic.004G273600;Sobic.004G326400
29,4,multi_trait,True,severity_correlated,0.4443352340946419,0.4973433672802653,0.75,embedding_mean_771;embedding_std_478;embedding_std_488;embedding_std_726,False,True,Sobic.004G273600
30,3,multi_trait,True,severity_correlated,0.4244092438728558,0.5250279836386389,1.0,embedding_mean_577;embedding_std_711;embedding_std_897,False,True,Sobic.004G273600
31,27,multi_trait,True,severity_correlated,0.4482113558575737,0.6686775402116548,0.6666666666666666,embedding_mean_65;embedding_mean_275;embedding_mean_297;embedding_mean_570;embedding_mean_596;embedding_mean_629;embedding_mean_633;embedding_mean_807;embedding_mean_881;embedding_mean_952;embedding_mean_979;embedding_std_0,False,True,Sobic.004G273600
32,1,singleton,True,severity_correlated,0.6309847212071056,0.6309847212071056,1.0,embedding_mean_657,False,True,Sobic.004G273600
33,21,multi_trait,True,severity_correlated,0.2644305954650773,0.5697291463666836,0.0476190476190476,embedding_mean_40;embedding_mean_123;embedding_mean_186;embedding_mean_332;embedding_mean_432;embedding_mean_494;embedding_mean_666;embedding_mean_674;embedding_mean_742;embedding_mean_942;embedding_mean_1016;embedding_std_76,True,True,Sobic.004G273600;Sobic.006G217900;Sobic.006G225800;Sobic.007G163100;Sobic.009G217900;Sobic.009G221000;Sobic.009G221266
34,1,singleton,False,not_severity_correlated,0.1378002032738861,0.1378002032738861,0.0,embedding_std_622,False,True,Sobic.004G273600
35,3,multi_trait,False,not_severity_correlated,0.3055888130475971,0.397960093968927,0.0,embedding_mean_996;embedding_mean_997;embedding_std_1005,False,True,Sobic.008G150100
36,1,singleton,False,not_severity_correlated,0.0876636006153325,0.0876636006153325,0.0,embedding_mean_440,False,False,
37,1,singleton,False,not_severity_correlated,0.0541155976951636,0.0541155976951636,0.0,embedding_std_906,True,True,Sobic.006G217900;Sobic.006G225800;Sobic.008G150100
38,1,singleton,False,not_severity_correlated,0.0996888115270754,0.0996888115270754,0.0,embedding_mean_684,False,False,
39,3,multi_trait,False,not_severity_correlated,0.3594509183169807,0.3783345622900551,0.0,embedding_mean_146;embedding_std_444;embedding_std_586,False,False,
40,2,multi_trait,True,severity_correlated,0.5049037587281335,0.5507207430610142,1.0,embedding_std_98;embedding_std_707,True,True,Sobic.005G126200
41,5,multi_trait,True,severity_correlated,0.5739258301914204,0.6325992809876417,1.0,embedding_mean_174;embedding_mean_792;embedding_mean_986;embedding_std_252;embedding_std_808,True,True,Sobic.003G296300;Sobic.005G126200
42,1,singleton,False,not_severity_correlated,0.0459514988308928,0.0459514988308928,0.0,embedding_std_314,True,True,Sobic.003G296300
43,2,multi_trait,True,severity_correlated,0.3882680762609842,0.4756742659166684,0.5,embedding_mean_795;embedding_std_512,False,False,
44,6,multi_trait,False,not_severity_correlated,0.3295473962083681,0.4808741049613096,0.3333333333333333,embedding_mean_99;embedding_mean_273;embedding_mean_660;embedding_mean_780;embedding_std_849;embedding_std_863,True,True,Sobic.006G217900;Sobic.006G225800
45,2,multi_trait,True,severity_correlated,0.3917577477174835,0.4712706042363412,0.5,embedding_mean_46;embedding_std_532,True,True,Sobic.005G126200
46,10,multi_trait,True,severity_correlated,0.5135367966003048,0.6468531834688949,0.9,embedding_mean_300;embedding_mean_474;embedding_mean_514;embedding_mean_619;embedding_mean_636;embedding_mean_739;embedding_mean_1003;embedding_std_117;embedding_std_243;embedding_std_496,True,True,Sobic.005G075600;Sobic.005G076100;Sobic.005G126200
47,3,multi_trait,True,severity_correlated,0.589186707607703,0.6257931503245845,1.0,embedding_mean_117;embedding_mean_150;embedding_mean_698,True,True,Sobic.005G126200
48,1,singleton,False,not_severity_correlated,0.3163692370555093,0.3163692370555093,0.0,embedding_mean_574,False,False,
49,1,singleton,False,not_severity_correlated,0.3848952069606161,0.3848952069606161,0.0,embedding_std_511,False,False,
50,1,singleton,True,severity_correlated,0.6047899261469911,0.6047899261469911,1.0,embedding_std_567,False,False,
51,2,multi_trait,False,not_severity_correlated,0.3060378760923624,0.3190882184503869,0.0,embedding_mean_261;embedding_mean_896,True,True,Sobic.003G385500
52,5,multi_trait,False,not_severity_correlated,0.2494987176177571,0.3899744985001364,0.0,embedding_mean_359;embedding_std_331;embedding_std_336;embedding_std_578;embedding_std_969,False,False,
53,3,multi_trait,False,not_severity_correlated,0.2649154095353205,0.2739914076015305,0.0,embedding_mean_832;embedding_std_81;embedding_std_454,False,True,Sobic.009G008800
54,2,multi_trait,False,not_severity_correlated,0.0560478418326491,0.0585558914576229,0.0,embedding_mean_232;embedding_std_872,False,False,
55,37,multi_trait,False,not_severity_correlated,0.1707117269497341,0.4534666213348734,0.1081081081081081,embedding_mean_75;embedding_mean_153;embedding_mean_357;embedding_mean_595;embedding_mean_631;embedding_mean_714;embedding_mean_864;embedding_mean_988;embedding_std_2;embedding_std_5;embedding_std_48;embedding_std_71,True,True,Sobic.009G217900;Sobic.009G221000;Sobic.009G221266
56,10,multi_trait,False,not_severity_correlated,0.2287206746441698,0.3571797778302986,0.0,embedding_mean_508;embedding_mean_900;embedding_std_16;embedding_std_42;embedding_std_150;embedding_std_245;embedding_std_642;embedding_std_827;embedding_std_957;embedding_std_987,False,False,
57,1,singleton,True,severity_correlated,0.4274964593268958,0.4274964593268958,1.0,embedding_std_753,False,False,
58,2,multi_trait,False,not_severity_correlated,0.2078015525333445,0.3701442986965847,0.0,embedding_mean_6;embedding_std_121,True,True,Sobic.009G217900;Sobic.009G221000;Sobic.009G221266
59,1,singleton,False,not_severity_correlated,0.1770279290133324,0.1770279290133324,0.0,embedding_std_410,False,False,
60,4,multi_trait,False,not_severity_correlated,0.0999766813900973,0.325402052059134,0.0,embedding_mean_45;embedding_mean_270;embedding_mean_695;embedding_std_627,True,True,Sobic.009G217900;Sobic.009G221000;Sobic.009G221266
61,4,multi_trait,True,severity_correlated,0.5160795201139775,0.6276643104545468,0.75,embedding_mean_907;embedding_mean_933;embedding_std_364;embedding_std_793,True,True,Sobic.009G217900;Sobic.009G221000;Sobic.009G221266
62,8,multi_trait,True,severity_correlated,0.3770364791633294,0.5200566075020963,0.5,embedding_mean_408;embedding_mean_978;embedding_std_191;embedding_std_352;embedding_std_375;embedding_std_701;embedding_std_774;embedding_std_847,True,True,Sobic.001G185000;Sobic.001G185100;Sobic.009G217900;Sobic.009G221000;Sobic.009G221266
63,3,multi_trait,True,severity_correlated,0.32985454862832,0.5236187921862129,0.3333333333333333,embedding_mean_59;embedding_mean_846;embedding_std_89,True,True,Sobic.009G217900;Sobic.009G221000;Sobic.009G221266
64,3,multi_trait,True,severity_correlated,0.3793065006345797,0.6650398477414227,0.3333333333333333,embedding_mean_155;embedding_mean_210;embedding_std_785,True,True,Sobic.009G217900;Sobic.009G221000;Sobic.009G221266
65,5,multi_trait,False,not_severity_correlated,0.3044173484294785,0.4416131224859598,0.4,embedding_mean_107;embedding_std_149;embedding_std_305;embedding_std_374;embedding_std_927,True,True,Sobic.002G022600;Sobic.009G217900;Sobic.009G221000;Sobic.009G221266
66,2,multi_trait,True,severity_correlated,0.3833560950044954,0.4567874647631279,0.5,embedding_mean_973;embedding_std_255,True,True,Sobic.009G217900;Sobic.009G221000;Sobic.009G221266
67,7,multi_trait,False,not_severity_correlated,0.1182454629626175,0.1476072315319305,0.0,embedding_mean_164;embedding_mean_454;embedding_mean_510;embedding_mean_549;embedding_mean_585;embedding_mean_927;embedding_std_679,True,True,Sobic.009G217900;Sobic.009G221000;Sobic.009G221266
68,2,multi_trait,False,not_severity_correlated,0.1287724571362047,0.1977847612836919,0.0,embedding_std_158;embedding_std_761,True,True,Sobic.009G217900;Sobic.009G221000;Sobic.009G221266
69,4,multi_trait,True,severity_correlated,0.4542671541885136,0.5278558471962513,1.0,embedding_mean_139;embedding_mean_376;embedding_mean_646;embedding_mean_756,True,True,Sobic.009G217900;Sobic.009G221000;Sobic.009G221266
70,2,multi_trait,False,not_severity_correlated,0.2698815918733768,0.3647851099256547,0.0,embedding_mean_125;embedding_std_977,True,True,Sobic.009G217900;Sobic.009G221000;Sobic.009G221266
71,2,multi_trait,True,severity_correlated,0.4380844510619788,0.6199060465008739,0.5,embedding_mean_68;embedding_mean_903,True,True,Sobic.009G217900;Sobic.009G221000;Sobic.009G221266
72,140,multi_trait,True,severity_correlated,0.2801031083746585,0.6521161390806277,0.2785714285714286,embedding_mean_20;embedding_mean_74;embedding_mean_85;embedding_mean_129;embedding_mean_132;embedding_mean_141;embedding_mean_157;embedding_mean_165;embedding_mean_172;embedding_mean_178;embedding_mean_192;embedding_mean_204,True,True,Sobic.004G273600;Sobic.005G177500;Sobic.005G177600;Sobic.009G217900;Sobic.009G221000;Sobic.009G221266
73,4,multi_trait,True,severity_correlated,0.4148632416914942,0.5321092690018489,0.5,embedding_mean_80;embedding_mean_445;embedding_mean_690;embedding_std_1000,True,True,Sobic.002G260900
74,15,multi_trait,True,severity_correlated,0.2866563964780468,0.5432506884444963,0.3333333333333333,embedding_mean_28;embedding_mean_277;embedding_mean_302;embedding_mean_373;embedding_mean_598;embedding_mean_680;embedding_mean_720;embedding_mean_855;embedding_std_244;embedding_std_729;embedding_std_796;embedding_std_882,True,True,Sobic.002G260900;Sobic.009G217900;Sobic.009G221000;Sobic.009G221266
75,3,multi_trait,True,severity_correlated,0.1666569353862978,0.539400719823625,0.3333333333333333,embedding_mean_740;embedding_mean_1022;embedding_std_1022,True,True,Sobic.002G260900
76,2,multi_trait,True,severity_correlated,0.552951943250751,0.5672666506255185,1.0,embedding_mean_337;embedding_mean_616,False,False,
77,3,multi_trait,False,not_severity_correlated,0.1010616621959863,0.115109738387373,0.0,embedding_std_674;embedding_std_823;embedding_std_828,True,True,Sobic.002G260900
78,1,singleton,False,not_severity_correlated,0.3137574476839309,0.3137574476839309,0.0,embedding_std_861,True,True,Sobic.002G122700
79,1,singleton,False,not_severity_correlated,0.3055014140044548,0.3055014140044548,0.0,embedding_mean_285,False,False,
80,1,singleton,True,severity_correlated,0.5246520459239279,0.5246520459239279,1.0,embedding_mean_181,False,False,
81,1,singleton,True,severity_correlated,0.484231491514372,0.484231491514372,1.0,embedding_mean_163,False,True,Sobic.005G075600;Sobic.005G076100
82,2,multi_trait,True,severity_correlated,0.4105566267843393,0.6204592372125909,0.5,embedding_mean_26;embedding_std_968,False,False,
83,2,multi_trait,False,not_severity_correlated,0.2896325384511636,0.2915027530005214,0.0,embedding_std_18;embedding_std_962,False,False,
84,2,multi_trait,False,not_severity_correlated,0.143445043129849,0.1785106825422432,0.0,embedding_std_267;embedding_std_938,False,False,
85,1,singleton,False,not_severity_correlated,0.2499148135921554,0.2499148135921554,0.0,embedding_std_108,False,False,
86,2,multi_trait,True,severity_correlated,0.3547411736667226,0.5036256691069243,0.5,embedding_std_172;embedding_std_935,False,False,
87,2,multi_trait,False,not_severity_correlated,0.073902602253484,0.1187654848643418,0.0,embedding_std_628;embedding_std_929,False,False,
88,2,multi_trait,False,not_severity_correlated,0.3552325601441188,0.3974948956098898,0.0,embedding_std_287;embedding_std_922,False,False,
89,2,multi_trait,False,not_severity_correlated,0.1457028282492181,0.1855702236175577,0.0,embedding_std_618;embedding_std_904,False,True,Sobic.005G192300;Sobic.005G192600;Sobic.005G193600;Sobic.005G194700;Sobic.005G195000
90,2,multi_trait,False,not_severity_correlated,0.1126907195592873,0.1831125188695617,0.0,embedding_mean_276;embedding_std_885,True,True,Sobic.007G059600
91,2,multi_trait,False,not_severity_correlated,0.2297851371078497,0.2358001467691235,0.0,embedding_mean_826;embedding_std_840,False,False,
92,3,multi_trait,False,not_severity_correlated,0.3840032831972624,0.4255261691387434,0.3333333333333333,embedding_std_335;embedding_std_344;embedding_std_837,False,False,
93,2,multi_trait,False,not_severity_correlated,0.1920776822880967,0.1943712197201566,0.0,embedding_std_388;embedding_std_810,False,False,
94,1,singleton,False,not_severity_correlated,0.2857186025695172,0.2857186025695172,0.0,embedding_mean_207,False,False,
95,1,singleton,False,not_severity_correlated,0.2696389431925134,0.2696389431925134,0.0,embedding_std_776,False,False,
96,2,multi_trait,False,not_severity_correlated,0.037731669248551,0.0544355611705607,0.0,embedding_std_286;embedding_std_751,False,True,Sobic.005G062900
97,2,multi_trait,False,not_severity_correlated,0.1998891679816382,0.3281232499104882,0.0,embedding_mean_1019;embedding_std_721,False,True,Sobic.001G528200
98,3,multi_trait,False,not_severity_correlated,0.1395632639134475,0.3088571654315737,0.0,embedding_mean_136;embedding_std_359;embedding_std_413,False,False,
99,2,multi_trait,False,not_severity_correlated,0.2002084566500464,0.2736282368653831,0.0,embedding_std_140;embedding_std_362,False,False,
100,3,multi_trait,False,not_severity_correlated,0.1408989357954252,0.4198588979011041,0.3333333333333333,embedding_mean_0;embedding_std_70;embedding_std_292,False,False,
101,3,multi_trait,False,not_severity_correlated,0.3373418521427768,0.4811793153584499,0.3333333333333333,embedding_mean_142;embedding_mean_754;embedding_std_266,False,True,Sobic.005G160400
102,2,multi_trait,False,not_severity_correlated,0.1271336738217039,0.1304735849475032,0.0,embedding_mean_98;embedding_std_177,False,False,
103,2,multi_trait,False,not_severity_correlated,0.1264761987778116,0.1857758507333751,0.0,embedding_mean_700;embedding_std_167,False,True,Sobic.007G189200
104,2,multi_trait,True,severity_correlated,0.2815679903883962,0.4970697906001693,0.5,embedding_mean_908;embedding_std_156,False,False,
105,3,multi_trait,False,not_severity_correlated,0.2096796044484512,0.2407082243706253,0.0,embedding_mean_199;embedding_mean_419;embedding_mean_806,False,False,
106,1,singleton,False,not_severity_correlated,0.2843169257526478,0.2843169257526478,0.0,embedding_mean_424,False,False,
107,2,multi_trait,False,not_severity_correlated,0.1997169080713822,0.2116044290934646,0.0,embedding_mean_412;embedding_mean_778,False,False,
108,2,multi_trait,False,not_severity_correlated,0.0763009676293364,0.0861660587859548,0.0,embedding_mean_143;embedding_mean_604,False,False,
109,2,multi_trait,True,severity_correlated,0.3673746590910333,0.4752918150818439,0.5,embedding_mean_87;embedding_mean_594,False,True,Sobic.005G218201;Sobic.005G218400;Sobic.005G218700
110,2,multi_trait,True,severity_correlated,0.4067595827314239,0.595145277287318,0.5,embedding_mean_476;embedding_mean_548,True,True,Sobic.002G202700
111,2,multi_trait,True,severity_correlated,0.2689349476714361,0.440239911236581,0.5,embedding_mean_152;embedding_mean_421,False,False,
112,1,singleton,True,severity_correlated,0.4698674158106938,0.4698674158106938,1.0,embedding_mean_3,False,False,
113,1,singleton,False,not_severity_correlated,0.1970592588347864,0.1970592588347864,0.0,embedding_mean_17,False,False,
114,1,singleton,False,not_severity_correlated,0.3679713303675667,0.3679713303675667,0.0,embedding_mean_55,False,False,
115,1,singleton,False,not_severity_correlated,0.1516781867697372,0.1516781867697372,0.0,embedding_mean_63,False,False,
116,1,singleton,False,not_severity_correlated,0.0339183131272656,0.0339183131272656,0.0,embedding_mean_70,False,False,
117,1,singleton,False,not_severity_correlated,0.1781909618657911,0.1781909618657911,0.0,embedding_mean_90,False,False,
118,1,singleton,False,not_severity_correlated,0.261121387910054,0.261121387910054,0.0,embedding_mean_104,False,True,Sobic.001G272700;Sobic.001G272800
119,1,singleton,True,severity_correlated,0.6087249087814846,0.6087249087814846,1.0,embedding_mean_108,False,False,
120,1,singleton,True,severity_correlated,0.5433452990698351,0.5433452990698351,1.0,embedding_mean_161,False,False,
121,1,singleton,True,severity_correlated,0.4481090719991962,0.4481090719991962,1.0,embedding_mean_191,False,False,
122,1,singleton,True,severity_correlated,0.608612724086292,0.608612724086292,1.0,embedding_mean_237,False,False,
123,1,singleton,False,not_severity_correlated,0.1008151001711532,0.1008151001711532,0.0,embedding_mean_247,False,False,
124,1,singleton,False,not_severity_correlated,0.0358405932146039,0.0358405932146039,0.0,embedding_mean_266,False,False,
125,1,singleton,False,not_severity_correlated,0.1833695312923334,0.1833695312923334,0.0,embedding_mean_320,False,False,
126,1,singleton,False,not_severity_correlated,0.3771276368080883,0.3771276368080883,0.0,embedding_mean_323,False,False,
127,1,singleton,False,not_severity_correlated,0.3684996138707444,0.3684996138707444,0.0,embedding_mean_327,False,False,
128,1,singleton,False,not_severity_correlated,0.1368155654912491,0.1368155654912491,0.0,embedding_mean_329,False,False,
129,1,singleton,False,not_severity_correlated,0.2765613930643032,0.2765613930643032,0.0,embedding_mean_349,False,False,
130,1,singleton,False,not_severity_correlated,0.2007491069810262,0.2007491069810262,0.0,embedding_mean_410,False,False,
131,1,singleton,False,not_severity_correlated,0.2953442709242135,0.2953442709242135,0.0,embedding_mean_414,False,False,
132,1,singleton,True,severity_correlated,0.6121886163159705,0.6121886163159705,1.0,embedding_mean_433,False,False,
133,1,singleton,False,not_severity_correlated,0.0288821843203259,0.0288821843203259,0.0,embedding_mean_451,False,False,
134,1,singleton,False,not_severity_correlated,0.0322476069146714,0.0322476069146714,0.0,embedding_mean_481,False,False,
135,1,singleton,False,not_severity_correlated,0.1852046170946898,0.1852046170946898,0.0,embedding_mean_485,False,False,
136,1,singleton,True,severity_correlated,0.4810032654169955,0.4810032654169955,1.0,embedding_mean_486,False,True,Sobic.005G209000;Sobic.005G209100
137,1,singleton,False,not_severity_correlated,0.0290308693151061,0.0290308693151061,0.0,embedding_mean_487,False,False,
138,1,singleton,False,not_severity_correlated,0.0659133963088301,0.0659133963088301,0.0,embedding_mean_523,False,False,
139,1,singleton,False,not_severity_correlated,0.1846347102196379,0.1846347102196379,0.0,embedding_mean_553,False,False,
140,1,singleton,False,not_severity_correlated,0.0452423400078049,0.0452423400078049,0.0,embedding_mean_564,False,False,
141,1,singleton,False,not_severity_correlated,0.0696920545666249,0.0696920545666249,0.0,embedding_mean_591,False,False,
142,1,singleton,False,not_severity_correlated,0.3219255028452145,0.3219255028452145,0.0,embedding_mean_627,False,False,
143,1,singleton,False,not_severity_correlated,0.2663758803365982,0.2663758803365982,0.0,embedding_mean_650,False,False,
144,1,singleton,False,not_severity_correlated,0.0665436082379904,0.0665436082379904,0.0,embedding_mean_678,False,False,
145,1,singleton,False,not_severity_correlated,0.2487373002077722,0.2487373002077722,0.0,embedding_mean_685,False,False,
146,1,singleton,False,not_severity_correlated,0.1970684037718178,0.1970684037718178,0.0,embedding_mean_686,False,False,
147,1,singleton,False,not_severity_correlated,0.1081630557288324,0.1081630557288324,0.0,embedding_mean_688,False,False,
148,1,singleton,False,not_severity_correlated,0.1893916606762491,0.1893916606762491,0.0,embedding_mean_697,True,True,Sobic.004G065900
149,1,singleton,False,not_severity_correlated,0.3523658132386458,0.3523658132386458,0.0,embedding_mean_704,False,False,
150,1,singleton,False,not_severity_correlated,0.3241143280624193,0.3241143280624193,0.0,embedding_mean_731,False,False,
151,1,singleton,False,not_severity_correlated,0.2891181596491302,0.2891181596491302,0.0,embedding_mean_736,False,True,Sobic.003G118600
152,1,singleton,False,not_severity_correlated,0.0835485038581488,0.0835485038581488,0.0,embedding_mean_791,False,False,
153,1,singleton,False,not_severity_correlated,0.0616441378967188,0.0616441378967188,0.0,embedding_mean_796,False,False,
154,1,singleton,True,severity_correlated,0.5096663446039297,0.5096663446039297,1.0,embedding_mean_819,False,False,
155,1,singleton,False,not_severity_correlated,0.3057560537921354,0.3057560537921354,0.0,embedding_mean_831,False,False,
156,1,singleton,True,severity_correlated,0.4691749530259547,0.4691749530259547,1.0,embedding_mean_844,False,False,
157,1,singleton,False,not_severity_correlated,0.2203521114810563,0.2203521114810563,0.0,embedding_mean_868,False,False,
158,1,singleton,False,not_severity_correlated,0.246621516056426,0.246621516056426,0.0,embedding_mean_885,False,False,
159,1,singleton,False,not_severity_correlated,0.1845858339796505,0.1845858339796505,0.0,embedding_mean_895,False,False,
160,1,singleton,False,not_severity_correlated,0.2556007228628082,0.2556007228628082,0.0,embedding_mean_910,False,False,
161,1,singleton,False,not_severity_correlated,0.3522724769784417,0.3522724769784417,0.0,embedding_mean_911,False,False,
162,1,singleton,False,not_severity_correlated,0.2248027083335164,0.2248027083335164,0.0,embedding_mean_912,False,False,
163,1,singleton,False,not_severity_correlated,0.0830255138716842,0.0830255138716842,0.0,embedding_mean_970,False,False,
164,1,singleton,True,severity_correlated,0.626082397407353,0.626082397407353,1.0,embedding_mean_984,False,False,
165,1,singleton,False,not_severity_correlated,0.2543798662170607,0.2543798662170607,0.0,embedding_std_7,False,False,
166,1,singleton,True,severity_correlated,0.5376145297636596,0.5376145297636596,1.0,embedding_std_27,True,True,Sobic.008G177900;Sobic.008G178300;Sobic.008G178500
167,1,singleton,True,severity_correlated,0.4375743923323376,0.4375743923323376,1.0,embedding_std_65,False,False,
168,1,singleton,False,not_severity_correlated,0.1620842400649716,0.1620842400649716,0.0,embedding_std_74,False,False,
169,1,singleton,False,not_severity_correlated,0.3864260575151745,0.3864260575151745,0.0,embedding_std_83,False,False,
170,1,singleton,False,not_severity_correlated,0.365513965655961,0.365513965655961,0.0,embedding_std_87,False,False,
171,1,singleton,False,not_severity_correlated,0.351870744355661,0.351870744355661,0.0,embedding_std_102,False,False,
172,1,singleton,False,not_severity_correlated,0.1598100864682095,0.1598100864682095,0.0,embedding_std_103,False,False,
173,1,singleton,False,not_severity_correlated,0.2874239119769297,0.2874239119769297,0.0,embedding_std_105,False,False,
174,1,singleton,True,severity_correlated,0.4086527229261802,0.4086527229261802,1.0,embedding_std_111,False,False,
175,1,singleton,True,severity_correlated,0.4019921016086596,0.4019921016086596,1.0,embedding_std_124,False,False,
176,1,singleton,False,not_severity_correlated,0.2477227027438872,0.2477227027438872,0.0,embedding_std_200,False,False,
177,1,singleton,False,not_severity_correlated,0.1095227255810513,0.1095227255810513,0.0,embedding_std_219,False,False,
178,1,singleton,False,not_severity_correlated,0.365630270911098,0.365630270911098,0.0,embedding_std_251,False,True,Sobic.009G019800
179,1,singleton,False,not_severity_correlated,0.107929276126119,0.107929276126119,0.0,embedding_std_312,False,False,
180,1,singleton,False,not_severity_correlated,0.3499098885258394,0.3499098885258394,0.0,embedding_std_317,False,False,
181,1,singleton,False,not_severity_correlated,0.2201176688596338,0.2201176688596338,0.0,embedding_std_322,False,False,
182,1,singleton,False,not_severity_correlated,0.1275443709210014,0.1275443709210014,0.0,embedding_std_378,False,False,
183,1,singleton,False,not_severity_correlated,0.3242160215153686,0.3242160215153686,0.0,embedding_std_406,False,False,
184,1,singleton,False,not_severity_correlated,0.2065625004436615,0.2065625004436615,0.0,embedding_std_415,False,False,
185,1,singleton,False,not_severity_correlated,0.2207864468935541,0.2207864468935541,0.0,embedding_std_417,False,False,
186,1,singleton,True,severity_correlated,0.4245984989057593,0.4245984989057593,1.0,embedding_std_421,False,False,
187,1,singleton,False,not_severity_correlated,0.0613795398074823,0.0613795398074823,0.0,embedding_std_438,False,False,
188,1,singleton,False,not_severity_correlated,0.3042078015619457,0.3042078015619457,0.0,embedding_std_450,False,False,
189,1,singleton,True,severity_correlated,0.565542302533742,0.565542302533742,1.0,embedding_std_466,False,False,
190,1,singleton,True,severity_correlated,0.444423712818538,0.444423712818538,1.0,embedding_std_479,True,True,Sobic.001G194000
191,1,singleton,True,severity_correlated,0.4921122210939778,0.4921122210939778,1.0,embedding_std_506,False,False,
192,1,singleton,True,severity_correlated,0.4116993750337605,0.4116993750337605,1.0,embedding_std_531,False,False,
193,1,singleton,False,not_severity_correlated,0.3026598839793643,0.3026598839793643,0.0,embedding_std_541,False,False,
194,1,singleton,False,not_severity_correlated,0.365693431599188,0.365693431599188,0.0,embedding_std_570,False,False,
195,1,singleton,False,not_severity_correlated,0.2958387009344916,0.2958387009344916,0.0,embedding_std_609,False,False,
196,1,singleton,False,not_severity_correlated,0.115600061358822,0.115600061358822,0.0,embedding_std_662,False,False,
197,1,singleton,False,not_severity_correlated,0.2896985325330545,0.2896985325330545,0.0,embedding_std_673,False,False,
198,1,singleton,False,not_severity_correlated,0.1146239585107275,0.1146239585107275,0.0,embedding_std_680,False,False,
199,1,singleton,False,not_severity_correlated,0.1209015758116438,0.1209015758116438,0.0,embedding_std_698,False,False,
200,1,singleton,False,not_severity_correlated,0.1313253383878868,0.1313253383878868,0.0,embedding_std_713,False,False,
201,1,singleton,False,not_severity_correlated,0.1808028034168386,0.1808028034168386,0.0,embedding_std_724,False,False,
202,1,singleton,True,severity_correlated,0.4424980161930835,0.4424980161930835,1.0,embedding_std_733,False,False,
203,1,singleton,False,not_severity_correlated,0.0635684030992354,0.0635684030992354,0.0,embedding_std_745,False,False,
204,1,singleton,True,severity_correlated,0.520376114841324,0.520376114841324,1.0,embedding_std_781,False,False,
205,1,singleton,False,not_severity_correlated,0.1186042402623799,0.1186042402623799,0.0,embedding_std_784,False,False,
206,1,singleton,False,not_severity_correlated,0.3959209262180446,0.3959209262180446,0.0,embedding_std_835,False,False,
207,1,singleton,True,severity_correlated,0.6041615034976718,0.6041615034976718,1.0,embedding_std_839,True,True,Sobic.001G329100
208,1,singleton,False,not_severity_correlated,0.0762651698834383,0.0762651698834383,0.0,embedding_std_878,False,False,
209,1,singleton,False,not_severity_correlated,0.1798282500586985,0.1798282500586985,0.0,embedding_std_986,False,False,
210,1,singleton,False,not_severity_correlated,0.2231748564897634,0.2231748564897634,0.0,embedding_std_995,False,False,
211,1,singleton,True,severity_correlated,0.4548444559495356,0.4548444559495356,1.0,embedding_std_1006,False,False,
212,1,singleton,True,severity_correlated,0.5762230474309238,0.5762230474309238,1.0,embedding_std_1011,False,False,
