marker,gene,category,locus_id
1:65781144:G:GT,Sobic.001G329100,validated,1:65781144-65781192
5:60007887:G:C,Sobic.005G126200,validated,5:60007887-60022551
9:60035864:A:T,Sobic.009G217900,validated,9:59312854-62791172
9:60186716:T:A,"Sobic.009G217900, Sobic.009G221266",validated,9:59312854-62791172
7:63087208:C:T,Sobic.007G163100,proposed,7:62853152-63323476
9:60035864:A:T,Sobic.009G221000,proposed,9:59312854-62791172
9:60186716:T:A,Sobic.009G221000,proposed,9:59312854-62791172
1:65370402:C:G,Sobic.001G323801,new_annotation,1:65358296-65371952
1:65371952:C:T,Sobic.001G323801,new_annotation,1:65358296-65371952
9:62298007:G:A,Sobic.009G249100,new_annotation,9:59312854-62791172
9:62154422:T:C,Sobic.009G249100,new_annotation,9:59312854-62791172
