image_path,segmentation_method
data/ne2025/device4/1861_LeafPhotoA_2025-09-09 13_35_33.781-05_00.jpg,CV2
data/ne2025/device4/1344_LeafPhotoA_2025-09-08 10_12_17.747-05_00.jpg,CV2
data/ne2025/device4/1584_LeafPhotoA_2025-09-09 09_39_59.694-05_00.jpg,CV2
data/ne2025/device4/2390_LeafPhotoA_2025-09-08 12_00_53.414-05_00.jpg,CV2
data/ne2025/device4/1882_LeafPhotoA_2025-09-09 13_17_09.662-05_00.jpg,CV2
data/ne2025/device4/2378_LeafPhotoA_2025-09-08 11_48_47.340-05_00.jpg,CV2
data/ne2025/device4/2876_LeafPhotoA_2025-09-09 14_43_15.675-05_00.jpg,CV2
data/ne2025/device4/1375_LeafPhotoA_2025-09-08 12_57_11.327-05_00.jpg,CV2
data/ne2025/device4/2394_LeafPhotoA_2025-09-08 12_19_19.139-05_00.jpg,CV2
data/ne2025/device4/2385_LeafPhotoA_2025-09-08 11_56_10.265-05_00.jpg,CV2
data/ne2025/device4/1371_LeafPhotoA_2025-09-08 12_53_58.500-05_00.jpg,CV2
data/ne2025/device4/2322_LeafPhotoA_2025-09-08 10_50_20.367-05_00.jpg,CV2
data/ne2025/device4/1851_LeafPhotoA_2025-09-09 13_44_39.585-05_00.jpg,CV2
data/ne2025/device4/1308_LeafPhotoA_2025-09-08 09_24_08.103-05_00.jpg,CV2
data/ne2025/device4/1348_LeafPhotoA_2025-09-08 10_17_17.769-05_00.jpg,CV2
data/ne2025/device4/1318_LeafPhotoA_2025-09-08 09_37_04.959-05_00.jpg,CV2
data/ne2025/device4/1565_LeafPhotoA_2025-09-09 10_08_57.168-05_00.jpg,CV2
data/ne2025/device4/1320_LeafPhotoA_2025-09-08 09_42_47.429-05_00.jpg,CV2
data/ne2025/device4/1854_LeafPhotoA_2025-09-09 13_42_58.635-05_00.jpg,CV2
data/ne2025/device4/1341_LeafPhotoA_2025-09-08 10_09_22.231-05_00.jpg,CV2
data/ne2025/device4/2876_LeafPhotoA_2025-09-09 14_43_31.946-05_00.jpg,CV2
data/ne2025/device4/1863_LeafPhotoA_2025-09-09 13_34_31.433-05_00.jpg,CV2
data/ne2025/device4/2399_LeafPhotoA_2025-09-08 12_23_52.894-05_00.jpg,CV2
data/ne2025/device4/2346_LeafPhotoA_2025-09-08 11_14_15.994-05_00.jpg,CV2
data/ne2025/device4/9129_LeafPhotoNotesA_2025-09-08 08_59_11.284-05_00.jpg,CV2
data/ne2025/device4/2354_LeafPhotoA_2025-09-08 11_23_50.143-05_00.jpg,CV2
data/ne2025/device4/1303_LeafPhotoA_2025-09-08 09_17_33.156-05_00.jpg,CV2
data/ne2025/device4/1344_LeafPhotoA_2025-09-08 10_12_38.569-05_00.jpg,CV2
data/ne2025/device4/1579_LeafPhotoA_2025-09-09 09_50_11.550-05_00.jpg,CV2
data/ne2025/device4/2311_LeafPhotoA_2025-09-08 10_39_49.775-05_00.jpg,CV2
data/ne2025/device4/2886_LeafPhotoA_2025-09-09 14_04_40.696-05_00.jpg,CV2
data/ne2025/device4/1391_LeafPhotoA_2025-09-08 13_10_41.595-05_00.jpg,CV2
data/ne2025/device4/2555_LeafPhotoA_2025-09-09 11_05_08.349-05_00.jpg,CV2
data/ne2025/device4/1600_LeafPhotoA_2025-09-09 10_22_37.520-05_00.jpg,CV2
data/ne2025/device4/1367_LeafPhotoA_2025-09-08 12_50_27.003-05_00.jpg,CV2
data/ne2025/device4/2596_LeafPhotoA_2025-09-09 10_26_43.918-05_00.jpg,CV2
data/ne2025/device4/1892_LeafPhotoA_2025-09-09 13_07_55.292-05_00.jpg,CV2
data/ne2025/device4/1368_LeafPhotoA_2025-09-08 12_50_56.220-05_00.jpg,CV2
data/ne2025/device4/2587_LeafPhotoA_2025-09-09 10_33_51.773-05_00.jpg,CV2
data/ne2025/device4/1399_LeafPhotoA_2025-09-08 12_25_23.016-05_00.jpg,CV2
data/ne2025/device4/1359_LeafPhotoA_2025-09-08 12_38_47.936-05_00.jpg,CV2
data/ne2025/device4/1340_LeafPhotoA_2025-09-08 10_09_03.293-05_00.jpg,CV2
data/ne2025/device4/1338_LeafPhotoA_2025-09-08 10_07_02.814-05_00.jpg,CV2
data/ne2025/device4/2891_LeafPhotoA_2025-09-09 14_01_28.259-05_00.jpg,CV2
data/ne2025/device4/2399_LeafPhotoA_2025-09-08 12_24_21.478-05_00.jpg,CV2
data/ne2025/device4/2370_LeafPhotoA_2025-09-08 11_38_41.904-05_00.jpg,CV2
data/ne2025/device4/1365_LeafPhotoA_2025-09-08 12_47_18.027-05_00.jpg,CV2
data/ne2025/device4/2395_LeafPhotoA_2025-09-08 12_20_41.660-05_00.jpg,CV2
data/ne2025/device4/1599_LeafPhotoA_2025-09-09 10_23_04.852-05_00.jpg,CV2
data/ne2025/device4/2378_LeafPhotoA_2025-09-08 11_48_33.407-05_00.jpg,CV2
data/ne2025/device4/2352_LeafPhotoA_2025-09-08 11_21_52.118-05_00.jpg,CV2
data/ne2025/device4/1859_LeafPhotoA_2025-09-09 13_37_51.141-05_00.jpg,CV2
data/ne2025/device4/2350_LeafPhotoA_2025-09-08 11_18_42.680-05_00.jpg,CV2
data/ne2025/device4/1889_LeafPhotoA_2025-09-09 13_11_08.430-05_00.jpg,CV2
data/ne2025/device4/2314_LeafPhotoA_2025-09-08 10_43_02.868-05_00.jpg,CV2
data/ne2025/device4/1876_LeafPhotoA_2025-09-09 13_22_15.099-05_00.jpg,CV2
data/ne2025/device4/1878_LeafPhotoA_2025-09-09 13_20_37.567-05_00.jpg,CV2
data/ne2025/device4/1337_LeafPhotoA_2025-09-08 10_05_13.215-05_00.jpg,CV2
data/ne2025/device4/2591_LeafPhotoA_2025-09-09 10_30_20.019-05_00.jpg,CV2
data/ne2025/device4/2555_LeafPhotoA_2025-09-09 11_04_54.665-05_00.jpg,CV2
data/ne2025/device4/1851_LeafPhotoA_2025-09-09 13_45_19.270-05_00.jpg,CV2
data/ne2025/device4/2352_LeafPhotoA_2025-09-08 11_22_04.472-05_00.jpg,CV2
data/ne2025/device4/1885_LeafPhotoA_2025-09-09 13_13_35.702-05_00.jpg,CV2
data/ne2025/device4/2363_LeafPhotoA_2025-09-08 11_32_32.542-05_00.jpg,CV2
data/ne2025/device4/2551_LeafPhotoA_2025-09-09 11_08_14.599-05_00.jpg,CV2
data/ne2025/device4/1392_LeafPhotoA_2025-09-08 13_12_01.932-05_00.jpg,CV2
data/ne2025/device4/1564_LeafPhotoA_2025-09-09 10_09_48.582-05_00.jpg,CV2
data/ne2025/device4/2392_LeafPhotoA_2025-09-08 12_03_57.056-05_00.jpg,CV2
data/ne2025/device4/2897_LeafPhotoA_2025-09-09 13_56_47.306-05_00.jpg,CV2
data/ne2025/device4/2358_LeafPhotoA_2025-09-08 11_28_41.408-05_00.jpg,CV2
data/ne2025/device4/2342_LeafPhotoA_2025-09-08 11_10_30.052-05_00.jpg,CV2
data/ne2025/device4/2310_LeafPhotoA_2025-09-08 10_38_33.199-05_00.jpg,CV2
data/ne2025/device4/1381_LeafPhotoA_2025-09-08 13_01_59.229-05_00.jpg,CV2
data/ne2025/device4/2891_LeafPhotoA_2025-09-09 14_01_54.403-05_00.jpg,CV2
data/ne2025/device4/2898_LeafPhotoA_2025-09-09 13_54_48.485-05_00.jpg,CV2
data/ne2025/device4/2873_LeafPhotoA_2025-09-09 14_45_14.174-05_00.jpg,CV2
data/ne2025/device4/2867_LeafPhotoA_2025-09-09 14_50_50.648-05_00.jpg,CV2
data/ne2025/device4/2863_LeafPhotoA_2025-09-09 14_53_23.187-05_00.jpg,CV2
data/ne2025/device4/1600_LeafPhotoA_2025-09-09 10_22_19.836-05_00.jpg,CV2
data/ne2025/device4/2866_LeafPhotoA_2025-09-09 14_51_42.101-05_00.jpg,CV2
data/ne2025/device4/1353_LeafPhotoA_2025-09-08 12_29_28.708-05_00.jpg,CV2
data/ne2025/device4/2376_LeafPhotoA_2025-09-08 11_46_53.167-05_00.jpg,CV2
data/ne2025/device4/2396_LeafPhotoA_2025-09-08 12_21_09.312-05_00.jpg,CV2
data/ne2025/device4/2359_LeafPhotoA_2025-09-08 11_29_12.262-05_00.jpg,CV2
data/ne2025/device4/2570_LeafPhotoA_2025-09-09 10_50_17.563-05_00.jpg,CV2
data/ne2025/device4/1874_LeafPhotoA_2025-09-09 13_23_50.650-05_00.jpg,CV2
data/ne2025/device4/1853_LeafPhotoA_2025-09-09 13_43_32.816-05_00.jpg,CV2
data/ne2025/device4/2862_LeafPhotoA_2025-09-09 14_54_22.638-05_00.jpg,CV2
data/ne2025/device4/2361_LeafPhotoA_2025-09-08 11_30_43.974-05_00.jpg,CV2
data/ne2025/device4/1890_LeafPhotoA_2025-09-09 13_09_56.225-05_00.jpg,CV2
data/ne2025/device4/1578_LeafPhotoA_2025-09-09 09_51_18.559-05_00.jpg,CV2
data/ne2025/device4/1319_LeafPhotoA_2025-09-08 09_40_31.396-05_00.jpg,CV2
data/ne2025/device4/2391_LeafPhotoA_2025-09-08 12_03_15.238-05_00.jpg,CV2
data/ne2025/device4/2321_LeafPhotoA_2025-09-08 10_49_06.715-05_00.jpg,CV2
data/ne2025/device4/1304_LeafPhotoA_2025-09-08 09_19_06.684-05_00.jpg,CV2
data/ne2025/device4/1333_LeafPhotoA_2025-09-08 10_01_18.955-05_00.jpg,CV2
data/ne2025/device4/2553_LeafPhotoA_2025-09-09 11_06_50.974-05_00.jpg,CV2
data/ne2025/device4/2396_LeafPhotoA_2025-09-08 12_21_36.914-05_00.jpg,CV2
data/ne2025/device4/1872_LeafPhotoA_2025-09-09 13_27_26.362-05_00.jpg,CV2
data/ne2025/device4/1853_LeafPhotoA_2025-09-09 13_43_19.198-05_00.jpg,CV2
data/ne2025/device4/2343_LeafPhotoA_2025-09-08 11_11_17.973-05_00.jpg,CV2
data/ne2025/device4/2385_LeafPhotoA_2025-09-08 11_55_56.073-05_00.jpg,SAM3
data/ne2025/device4/1329_LeafPhotoA_2025-09-08 09_55_55.841-05_00.jpg,CV2
data/ne2025/device4/1400_LeafPhotoA_2025-09-08 12_26_53.139-05_00.jpg,CV2
data/ne2025/device4/2306_LeafPhotoA_2025-09-08 10_33_55.447-05_00.jpg,CV2
data/ne2025/device4/1324_LeafPhotoA_2025-09-08 09_46_52.634-05_00.jpg,CV2
data/ne2025/device4/1342_LeafPhotoA_2025-09-08 10_10_25.775-05_00.jpg,CV2
data/ne2025/device4/2552_LeafPhotoA_2025-09-09 11_07_31.178-05_00.jpg,CV2
data/ne2025/device4/1594_LeafPhotoA_2025-09-09 09_32_22.958-05_00.jpg,CV2
data/ne2025/device4/2342_LeafPhotoA_2025-09-08 11_09_49.879-05_00.jpg,CV2
data/ne2025/device4/2886_LeafPhotoA_2025-09-09 14_04_59.993-05_00.jpg,CV2
data/ne2025/device4/2593_LeafPhotoA_2025-09-09 10_29_04.535-05_00.jpg,CV2
data/ne2025/device4/1312_LeafPhotoA_2025-09-08 09_29_19.242-05_00.jpg,CV2
data/ne2025/device4/2567_LeafPhotoA_2025-09-09 10_56_27.733-05_00.jpg,CV2
data/ne2025/device4/1310_LeafPhotoA_2025-09-08 09_26_56.251-05_00.jpg,CV2
data/ne2025/device4/2378_LeafPhotoA_2025-09-08 11_48_49.909-05_00.jpg,CV2
data/ne2025/device4/2884_LeafPhotoA_2025-09-09 14_07_40.879-05_00.jpg,CV2
data/ne2025/device4/1376_LeafPhotoA_2025-09-08 12_58_22.473-05_00.jpg,CV2
data/ne2025/device4/2372_LeafPhotoA_2025-09-08 11_41_15.959-05_00.jpg,CV2
data/ne2025/device4/1303_LeafPhotoA_2025-09-08 09_18_12.359-05_00.jpg,CV2
data/ne2025/device4/1332_LeafPhotoA_2025-09-08 10_00_19.909-05_00.jpg,CV2
data/ne2025/device4/2315_LeafPhotoA_2025-09-08 10_43_18.717-05_00.jpg,CV2
data/ne2025/device4/1349_LeafPhotoA_2025-09-08 10_18_02.619-05_00.jpg,CV2
data/ne2025/device4/2862_LeafPhotoA_2025-09-09 14_54_36.677-05_00.jpg,CV2
data/ne2025/device4/2879_LeafPhotoA_2025-09-09 14_38_38.388-05_00.jpg,CV2
data/ne2025/device4/1353_LeafPhotoA_2025-09-08 12_30_21.320-05_00.jpg,CV2
data/ne2025/device4/1349_LeafPhotoA_2025-09-08 10_17_45.282-05_00.jpg,CV2
data/ne2025/device4/2388_LeafPhotoA_2025-09-08 11_58_50.247-05_00.jpg,CV2
data/ne2025/device4/1885_LeafPhotoA_2025-09-09 13_13_11.754-05_00.jpg,CV2
data/ne2025/device4/1340_LeafPhotoA_2025-09-08 10_08_50.867-05_00.jpg,CV2
data/ne2025/device4/1363_LeafPhotoA_2025-09-08 12_43_30.304-05_00.jpg,CV2
data/ne2025/device4/2333_LeafPhotoA_2025-09-08 11_01_31.396-05_00.jpg,CV2
data/ne2025/device4/2321_LeafPhotoA_2025-09-08 10_49_37.201-05_00.jpg,CV2
data/ne2025/device4/1566_LeafPhotoA_2025-09-09 10_04_49.966-05_00.jpg,CV2
data/ne2025/device4/2339_LeafPhotoA_2025-09-08 11_07_05.624-05_00.jpg,CV2
data/ne2025/device4/2302_LeafPhotoA_2025-09-08 10_30_44.995-05_00.jpg,CV2
data/ne2025/device4/1366_LeafPhotoA_2025-09-08 12_47_53.362-05_00.jpg,CV2
data/ne2025/device4/1873_LeafPhotoA_2025-09-09 13_24_25.512-05_00.jpg,CV2
data/ne2025/device4/2358_LeafPhotoA_2025-09-08 11_28_27.839-05_00.jpg,CV2
data/ne2025/device4/1892_LeafPhotoA_2025-09-09 13_07_41.262-05_00.jpg,CV2
data/ne2025/device4/1329_LeafPhotoA_2025-09-08 09_56_53.667-05_00.jpg,CV2
data/ne2025/device4/1352_LeafPhotoA_2025-09-08 12_29_11.662-05_00.jpg,CV2
data/ne2025/device4/2897_LeafPhotoA_2025-09-09 13_55_49.813-05_00.jpg,CV2
data/ne2025/device4/2316_LeafPhotoA_2025-09-08 10_44_29.741-05_00.jpg,CV2
data/ne2025/device4/2853_LeafPhotoA_2025-09-09 15_02_56.940-05_00.jpg,CV2
data/ne2025/device4/1598_LeafPhotoA_2025-09-09 09_29_08.978-05_00.jpg,CV2
data/ne2025/device4/1570_LeafPhotoA_2025-09-09 10_01_29.800-05_00.jpg,CV2
data/ne2025/device4/1585_LeafPhotoA_2025-09-09 09_39_14.646-05_00.jpg,CV2
data/ne2025/device4/1325_LeafPhotoA_2025-09-08 09_48_43.634-05_00.jpg,CV2
data/ne2025/device4/1557_LeafPhotoA_2025-09-09 10_15_30.318-05_00.jpg,CV2
data/ne2025/device4/2330_LeafPhotoA_2025-09-08 10_58_31.927-05_00.jpg,CV2
data/ne2025/device4/1313_LeafPhotoA_2025-09-08 09_30_13.901-05_00.jpg,CV2
data/ne2025/device4/1325_LeafPhotoA_2025-09-08 09_48_22.263-05_00.jpg,CV2
data/ne2025/device4/2891_LeafPhotoA_2025-09-09 14_01_42.403-05_00.jpg,CV2
data/ne2025/device4/1389_LeafPhotoA_2025-09-08 13_08_52.456-05_00.jpg,CV2
data/ne2025/device4/2336_LeafPhotoA_2025-09-08 11_04_23.054-05_00.jpg,CV2
data/ne2025/device4/2369_LeafPhotoA_2025-09-08 11_38_04.718-05_00.jpg,CV2
data/ne2025/device4/1562_LeafPhotoA_2025-09-09 10_11_10.077-05_00.jpg,CV2
data/ne2025/device4/1863_LeafPhotoA_2025-09-09 13_33_41.872-05_00.jpg,CV2
data/ne2025/device4/2571_LeafPhotoA_2025-09-09 10_48_55.214-05_00.jpg,CV2
data/ne2025/device4/1863_LeafPhotoA_2025-09-09 13_34_00.663-05_00.jpg,CV2
data/ne2025/device4/2327_LeafPhotoA_2025-09-08 10_54_51.388-05_00.jpg,CV2
data/ne2025/device4/2379_LeafPhotoA_2025-09-08 11_49_30.772-05_00.jpg,CV2
data/ne2025/device4/1880_LeafPhotoA_2025-09-09 13_17_54.406-05_00.jpg,CV2
data/ne2025/device4/2598_LeafPhotoA_2025-09-09 10_25_18.725-05_00.jpg,CV2
data/ne2025/device4/2866_LeafPhotoA_2025-09-09 14_51_12.802-05_00.jpg,CV2
data/ne2025/device4/1553_LeafPhotoA_2025-09-09 10_18_36.828-05_00.jpg,CV2
data/ne2025/device4/2595_LeafPhotoA_2025-09-09 10_27_29.983-05_00.jpg,CV2
data/ne2025/device4/2586_LeafPhotoA_2025-09-09 10_34_33.986-05_00.jpg,CV2
data/ne2025/device4/2578_LeafPhotoA_2025-09-09 10_42_50.093-05_00.jpg,CV2
data/ne2025/device4/2326_LeafPhotoA_2025-09-08 10_54_08.238-05_00.jpg,CV2
data/ne2025/device4/2383_LeafPhotoA_2025-09-08 11_53_15.679-05_00.jpg,CV2
data/ne2025/device4/2579_LeafPhotoA_2025-09-09 10_42_05.888-05_00.jpg,CV2
data/ne2025/device4/2583_LeafPhotoA_2025-09-09 10_38_14.778-05_00.jpg,CV2
data/ne2025/device4/2329_LeafPhotoA_2025-09-08 10_57_32.199-05_00.jpg,CV2
data/ne2025/device4/1324_LeafPhotoA_2025-09-08 09_47_08.944-05_00.jpg,CV2
data/ne2025/device4/2316_LeafPhotoA_2025-09-08 10_45_16.299-05_00.jpg,CV2
data/ne2025/device4/2332_LeafPhotoA_2025-09-08 11_00_10.006-05_00.jpg,CV2
data/ne2025/device4/1564_LeafPhotoA_2025-09-09 10_10_06.110-05_00.jpg,CV2
data/ne2025/device4/2551_LeafPhotoA_2025-09-09 11_08_29.776-05_00.jpg,CV2
data/ne2025/device4/2564_LeafPhotoA_2025-09-09 10_57_55.578-05_00.jpg,CV2
data/ne2025/device4/2860_LeafPhotoA_2025-09-09 14_56_58.266-05_00.jpg,CV2
data/ne2025/device4/1367_LeafPhotoA_2025-09-08 12_49_39.844-05_00.jpg,CV2
data/ne2025/device4/2860_LeafPhotoA_2025-09-09 14_57_27.737-05_00.jpg,CV2
data/ne2025/device4/1855_LeafPhotoA_2025-09-09 13_41_18.742-05_00.jpg,CV2
data/ne2025/device4/2581_LeafPhotoA_2025-09-09 10_39_51.149-05_00.jpg,CV2
data/ne2025/device4/1554_LeafPhotoA_2025-09-09 10_17_43.433-05_00.jpg,CV2
data/ne2025/device4/1376_LeafPhotoA_2025-09-08 12_58_09.814-05_00.jpg,CV2
data/ne2025/device4/2360_LeafPhotoA_2025-09-08 11_30_16.306-05_00.jpg,CV2
data/ne2025/device4/2350_LeafPhotoA_2025-09-08 11_18_12.137-05_00.jpg,CV2
data/ne2025/device4/1373_LeafPhotoA_2025-09-08 12_55_26.187-05_00.jpg,CV2
data/ne2025/device4/2307_LeafPhotoA_2025-09-08 10_35_39.695-05_00.jpg,CV2
data/ne2025/device4/1339_LeafPhotoA_2025-09-08 10_07_42.468-05_00.jpg,CV2
data/ne2025/device4/2347_LeafPhotoA_2025-09-08 11_15_05.044-05_00.jpg,CV2
data/ne2025/device4/1361_LeafPhotoA_2025-09-08 12_41_14.140-05_00.jpg,CV2
data/ne2025/device4/2329_LeafPhotoA_2025-09-08 10_57_53.686-05_00.jpg,CV2
data/ne2025/device4/2386_LeafPhotoA_2025-09-08 11_57_13.953-05_00.jpg,CV2
data/ne2025/device4/1361_LeafPhotoA_2025-09-08 12_41_32.487-05_00.jpg,CV2
data/ne2025/device4/1572_LeafPhotoA_2025-09-09 09_56_18.547-05_00.jpg,CV2
data/ne2025/device4/1894_LeafPhotoA_2025-09-09 12_58_44.856-05_00.jpg,CV2
data/ne2025/device4/1575_LeafPhotoA_2025-09-09 09_53_37.723-05_00.jpg,CV2
data/ne2025/device4/1591_LeafPhotoA_2025-09-09 09_34_04.687-05_00.jpg,CV2
data/ne2025/device4/2855_LeafPhotoA_2025-09-09 15_00_51.775-05_00.jpg,CV2
data/ne2025/device4/1355_LeafPhotoA_2025-09-08 12_32_00.615-05_00.jpg,CV2
data/ne2025/device4/1327_LeafPhotoA_2025-09-08 09_50_04.120-05_00.jpg,CV2
data/ne2025/device4/1864_LeafPhotoA_2025-09-09 13_33_20.998-05_00.jpg,CV2
data/ne2025/device4/1387_LeafPhotoA_2025-09-08 13_06_51.782-05_00.jpg,CV2
data/ne2025/device4/2878_LeafPhotoA_2025-09-09 14_41_26.142-05_00.jpg,CV2
data/ne2025/device4/2391_LeafPhotoA_2025-09-08 12_01_42.651-05_00.jpg,CV2
data/ne2025/device4/2348_LeafPhotoA_2025-09-08 11_16_45.659-05_00.jpg,CV2
data/ne2025/device4/2858_LeafPhotoA_2025-09-09 15_00_14.634-05_00.jpg,CV2
data/ne2025/device4/2555_LeafPhotoA_2025-09-09 11_04_33.165-05_00.jpg,CV2
data/ne2025/device4/2567_LeafPhotoA_2025-09-09 10_56_02.265-05_00.jpg,CV2
data/ne2025/device4/1553_LeafPhotoA_2025-09-09 10_18_19.302-05_00.jpg,CV2
data/ne2025/device4/2576_LeafPhotoA_2025-09-09 10_45_23.159-05_00.jpg,CV2
data/ne2025/device4/2562_LeafPhotoA_2025-09-09 10_59_37.771-05_00.jpg,CV2
data/ne2025/device4/2368_LeafPhotoA_2025-09-08 11_37_04.057-05_00.jpg,CV2
data/ne2025/device4/1368_LeafPhotoA_2025-09-08 12_51_27.631-05_00.jpg,CV2
data/ne2025/device4/1865_LeafPhotoA_2025-09-09 13_32_27.920-05_00.jpg,CV2
data/ne2025/device4/2387_LeafPhotoA_2025-09-08 11_57_55.365-05_00.jpg,CV2
data/ne2025/device4/2579_LeafPhotoA_2025-09-09 10_41_23.855-05_00.jpg,CV2
data/ne2025/device4/1894_LeafPhotoA_2025-09-09 12_58_28.270-05_00.jpg,CV2
data/ne2025/device4/1388_LeafPhotoA_2025-09-08 13_07_50.613-05_00.jpg,CV2
data/ne2025/device4/1337_LeafPhotoA_2025-09-08 10_05_28.154-05_00.jpg,CV2
data/ne2025/device4/2384_LeafPhotoA_2025-09-08 11_54_39.506-05_00.jpg,CV2
data/ne2025/device4/2396_LeafPhotoA_2025-09-08 12_21_52.714-05_00.jpg,CV2
data/ne2025/device4/2358_LeafPhotoA_2025-09-08 11_28_53.078-05_00.jpg,CV2
data/ne2025/device4/2327_LeafPhotoA_2025-09-08 10_55_25.574-05_00.jpg,CV2
data/ne2025/device4/2572_LeafPhotoA_2025-09-09 10_47_23.463-05_00.jpg,CV2
data/ne2025/device4/1565_LeafPhotoA_2025-09-09 10_09_29.044-05_00.jpg,CV2
data/ne2025/device4/2320_LeafPhotoA_2025-09-08 10_47_53.620-05_00.jpg,CV2
data/ne2025/device4/2340_LeafPhotoA_2025-09-08 11_08_22.188-05_00.jpg,CV2
data/ne2025/device4/2393_LeafPhotoA_2025-09-08 12_17_57.585-05_00.jpg,CV2
data/ne2025/device4/1316_LeafPhotoA_2025-09-08 09_34_20.097-05_00.jpg,CV2
data/ne2025/device4/1577_LeafPhotoA_2025-09-09 09_51_33.491-05_00.jpg,CV2
data/ne2025/device4/1356_LeafPhotoA_2025-09-08 12_33_10.815-05_00.jpg,CV2
data/ne2025/device4/1899_LeafPhotoA_2025-09-09 13_47_11.649-05_00.jpg,CV2
data/ne2025/device4/2307_LeafPhotoA_2025-09-08 10_35_19.611-05_00.jpg,CV2
data/ne2025/device4/2345_LeafPhotoA_2025-09-08 11_13_00.875-05_00.jpg,CV2
data/ne2025/device4/2877_LeafPhotoA_2025-09-09 14_42_55.104-05_00.jpg,CV2
data/ne2025/device4/2377_LeafPhotoA_2025-09-08 11_47_56.414-05_00.jpg,CV2
data/ne2025/device4/1873_LeafPhotoA_2025-09-09 13_25_03.055-05_00.jpg,CV2
data/ne2025/device4/1301_LeafPhotoA_2025-09-08 10_20_24.380-05_00.jpg,CV2
data/ne2025/device4/1891_LeafPhotoA_2025-09-09 13_09_26.481-05_00.jpg,CV2
data/ne2025/device4/2370_LeafPhotoA_2025-09-08 11_38_28.443-05_00.jpg,CV2
data/ne2025/device4/2347_LeafPhotoA_2025-09-08 11_15_19.129-05_00.jpg,CV2
data/ne2025/device4/1312_LeafPhotoA_2025-09-08 09_29_51.639-05_00.jpg,CV2
data/ne2025/device4/1381_LeafPhotoA_2025-09-08 13_02_22.354-05_00.jpg,CV2
data/ne2025/device4/1378_LeafPhotoA_2025-09-08 12_59_53.571-05_00.jpg,CV2
data/ne2025/device4/2367_LeafPhotoA_2025-09-08 11_35_37.673-05_00.jpg,CV2
data/ne2025/device4/2359_LeafPhotoA_2025-09-08 11_29_42.544-05_00.jpg,CV2
data/ne2025/device4/2318_LeafPhotoA_2025-09-08 10_46_13.359-05_00.jpg,CV2
data/ne2025/device4/1373_LeafPhotoA_2025-09-08 12_55_37.690-05_00.jpg,CV2
data/ne2025/device4/1561_LeafPhotoA_2025-09-09 10_12_13.903-05_00.jpg,CV2
data/ne2025/device4/1317_LeafPhotoA_2025-09-08 09_36_17.551-05_00.jpg,CV2
data/ne2025/device4/2398_LeafPhotoA_2025-09-08 12_23_11.064-05_00.jpg,CV2
data/ne2025/device4/1384_LeafPhotoA_2025-09-08 13_04_02.007-05_00.jpg,SAM3
data/ne2025/device4/2564_LeafPhotoA_2025-09-09 10_58_26.656-05_00.jpg,CV2
data/ne2025/device4/1354_LeafPhotoA_2025-09-08 12_30_47.135-05_00.jpg,CV2
data/ne2025/device4/2365_LeafPhotoA_2025-09-08 11_34_12.797-05_00.jpg,CV2
data/ne2025/device4/1584_LeafPhotoA_2025-09-09 09_40_43.802-05_00.jpg,CV2
data/ne2025/device4/1597_LeafPhotoA_2025-09-09 09_30_26.654-05_00.jpg,CV2
data/ne2025/device4/2387_LeafPhotoA_2025-09-08 11_57_27.423-05_00.jpg,CV2
data/ne2025/device4/2344_LeafPhotoA_2025-09-08 11_11_44.914-05_00.jpg,CV2
data/ne2025/device4/2308_LeafPhotoA_2025-09-08 10_36_29.526-05_00.jpg,CV2
data/ne2025/device4/2341_LeafPhotoA_2025-09-08 11_09_35.214-05_00.jpg,CV2
data/ne2025/device4/2306_LeafPhotoA_2025-09-08 10_34_25.264-05_00.jpg,CV2
data/ne2025/device4/1313_LeafPhotoA_2025-09-08 09_30_31.084-05_00.jpg,CV2
data/ne2025/device4/2594_LeafPhotoA_2025-09-09 10_28_00.830-05_00.jpg,CV2
data/ne2025/device4/2872_LeafPhotoA_2025-09-09 14_46_31.841-05_00.jpg,CV2
data/ne2025/device4/2854_LeafPhotoA_2025-09-09 15_01_54.120-05_00.jpg,CV2
data/ne2025/device4/1594_LeafPhotoA_2025-09-09 09_31_48.458-05_00.jpg,CV2
data/ne2025/device4/2323_LeafPhotoA_2025-09-08 10_51_12.228-05_00.jpg,CV2
data/ne2025/device4/2388_LeafPhotoA_2025-09-08 11_58_34.729-05_00.jpg,CV2
data/ne2025/device4/1366_LeafPhotoA_2025-09-08 12_48_11.705-05_00.jpg,CV2
data/ne2025/device4/1588_LeafPhotoA_2025-09-09 09_37_21.753-05_00.jpg,CV2
data/ne2025/device4/1590_LeafPhotoA_2025-09-09 09_34_40.340-05_00.jpg,CV2
data/ne2025/device4/1898_LeafPhotoA_2025-09-09 12_54_50.965-05_00.jpg,CV2
data/ne2025/device4/2375_LeafPhotoA_2025-09-08 11_45_35.778-05_00.jpg,CV2
data/ne2025/device4/2593_LeafPhotoA_2025-09-09 10_28_51.717-05_00.jpg,CV2
data/ne2025/device4/1864_LeafPhotoA_2025-09-09 13_32_45.370-05_00.jpg,CV2
data/ne2025/device4/1356_LeafPhotoA_2025-09-08 12_32_58.983-05_00.jpg,CV2
data/ne2025/device4/2871_LeafPhotoA_2025-09-09 14_46_47.592-05_00.jpg,CV2
data/ne2025/device4/2379_LeafPhotoA_2025-09-08 11_50_06.701-05_00.jpg,CV2
data/ne2025/device4/1552_LeafPhotoA_2025-09-09 10_20_26.130-05_00.jpg,CV2
data/ne2025/device4/2324_LeafPhotoA_2025-09-08 10_51_49.394-05_00.jpg,CV2
data/ne2025/device4/1865_LeafPhotoA_2025-09-09 13_32_04.116-05_00.jpg,CV2
data/ne2025/device4/2578_LeafPhotoA_2025-09-09 10_42_22.010-05_00.jpg,CV2
data/ne2025/device4/2864_LeafPhotoA_2025-09-09 14_52_43.386-05_00.jpg,CV2
data/ne2025/device4/2879_LeafPhotoA_2025-09-09 14_38_53.940-05_00.jpg,CV2
data/ne2025/device4/2390_LeafPhotoA_2025-09-08 12_01_06.713-05_00.jpg,CV2
data/ne2025/device4/2317_LeafPhotoA_2025-09-08 10_45_43.691-05_00.jpg,CV2
data/ne2025/device4/1339_LeafPhotoA_2025-09-08 10_08_06.144-05_00.jpg,CV2
data/ne2025/device4/2364_LeafPhotoA_2025-09-08 11_33_28.427-05_00.jpg,CV2
data/ne2025/device4/2594_LeafPhotoA_2025-09-09 10_28_20.057-05_00.jpg,CV2
data/ne2025/device4/1311_LeafPhotoA_2025-09-08 09_28_14.472-05_00.jpg,CV2
data/ne2025/device4/1321_LeafPhotoA_2025-09-08 09_43_13.104-05_00.jpg,CV2
data/ne2025/device4/1561_LeafPhotoA_2025-09-09 10_11_58.945-05_00.jpg,CV2
data/ne2025/device4/2325_LeafPhotoA_2025-09-08 10_52_52.963-05_00.jpg,CV2
data/ne2025/device4/1369_LeafPhotoA_2025-09-08 12_51_56.930-05_00.jpg,CV2
data/ne2025/device4/2397_LeafPhotoA_2025-09-08 12_22_28.326-05_00.jpg,CV2
data/ne2025/device4/2870_LeafPhotoA_2025-09-09 14_47_54.163-05_00.jpg,CV2
data/ne2025/device4/1593_LeafPhotoA_2025-09-09 09_33_01.652-05_00.jpg,CV2
data/ne2025/device4/2593_LeafPhotoA_2025-09-09 10_29_18.849-05_00.jpg,CV2
data/ne2025/device4/1571_LeafPhotoA_2025-09-09 10_00_41.501-05_00.jpg,CV2
data/ne2025/device4/1551_LeafPhotoA_2025-09-09 10_21_01.078-05_00.jpg,CV2
data/ne2025/device4/1347_LeafPhotoA_2025-09-08 10_15_59.647-05_00.jpg,CV2
data/ne2025/device4/2375_LeafPhotoA_2025-09-08 11_45_20.246-05_00.jpg,CV2
data/ne2025/device4/2894_LeafPhotoA_2025-09-09 13_58_25.011-05_00.jpg,CV2
data/ne2025/device4/1347_LeafPhotoA_2025-09-08 10_15_29.541-05_00.jpg,CV2
data/ne2025/device4/1309_LeafPhotoA_2025-09-08 09_25_34.905-05_00.jpg,CV2
data/ne2025/device4/1375_LeafPhotoA_2025-09-08 12_57_41.520-05_00.jpg,CV2
data/ne2025/device4/2367_LeafPhotoA_2025-09-08 11_35_39.850-05_00.jpg,CV2
data/ne2025/device4/2567_LeafPhotoA_2025-09-09 10_55_31.180-05_00.jpg,CV2
data/ne2025/device4/1362_LeafPhotoA_2025-09-08 12_42_10.210-05_00.jpg,CV2
data/ne2025/device4/2353_LeafPhotoA_2025-09-08 11_22_25.819-05_00.jpg,CV2
data/ne2025/device4/2305_LeafPhotoA_2025-09-08 10_33_20.987-05_00.jpg,CV2
data/ne2025/device4/1366_LeafPhotoA_2025-09-08 12_48_32.099-05_00.jpg,CV2
data/ne2025/device4/2885_LeafPhotoA_2025-09-09 14_06_49.236-05_00.jpg,CV2
data/ne2025/device4/2867_LeafPhotoA_2025-09-09 14_50_15.954-05_00.jpg,CV2
data/ne2025/device4/1893_LeafPhotoA_2025-09-09 13_00_18.224-05_00.jpg,CV2
data/ne2025/device4/2898_LeafPhotoA_2025-09-09 13_55_01.926-05_00.jpg,CV2
data/ne2025/device4/2852_LeafPhotoA_2025-09-09 15_03_44.065-05_00.jpg,CV2
data/ne2025/device4/2855_LeafPhotoA_2025-09-09 15_01_32.569-05_00.jpg,CV2
data/ne2025/device4/1872_LeafPhotoA_2025-09-09 13_27_10.389-05_00.jpg,CV2
data/ne2025/device4/2879_LeafPhotoA_2025-09-09 14_40_51.022-05_00.jpg,CV2
data/ne2025/device4/2362_LeafPhotoA_2025-09-08 11_31_59.976-05_00.jpg,CV2
data/ne2025/device4/1338_LeafPhotoA_2025-09-08 10_06_33.224-05_00.jpg,CV2
data/ne2025/device4/2583_LeafPhotoA_2025-09-09 10_37_51.342-05_00.jpg,CV2
data/ne2025/device4/2858_LeafPhotoA_2025-09-09 14_58_17.179-05_00.jpg,CV2
data/ne2025/device4/1322_LeafPhotoA_2025-09-08 09_44_46.085-05_00.jpg,CV2
data/ne2025/device4/2568_LeafPhotoA_2025-09-09 10_51_28.745-05_00.jpg,CV2
data/ne2025/device4/2561_LeafPhotoA_2025-09-09 11_01_24.854-05_00.jpg,CV2
data/ne2025/device4/1384_LeafPhotoA_2025-09-08 13_03_40.196-05_00.jpg,CV2
data/ne2025/device4/1383_LeafPhotoA_2025-09-08 13_02_56.131-05_00.jpg,CV2
data/ne2025/device4/1400_LeafPhotoA_2025-09-08 12_26_49.996-05_00.jpg,CV2
data/ne2025/device4/2552_LeafPhotoA_2025-09-09 11_07_45.491-05_00.jpg,CV2
data/ne2025/device4/1876_LeafPhotoA_2025-09-09 13_22_32.808-05_00.jpg,CV2
data/ne2025/device4/2371_LeafPhotoA_2025-09-08 11_39_16.529-05_00.jpg,CV2
data/ne2025/device4/2332_LeafPhotoA_2025-09-08 11_00_08.372-05_00.jpg,CV2
data/ne2025/device4/2900_LeafPhotoA_2025-09-09 13_53_40.957-05_00.jpg,CV2
data/ne2025/device4/1352_LeafPhotoA_2025-09-08 12_28_41.375-05_00.jpg,CV2
data/ne2025/device4/1851_LeafPhotoA_2025-09-09 13_45_20.119-05_00.jpg,CV2
data/ne2025/device4/2349_LeafPhotoA_2025-09-08 11_17_49.310-05_00.jpg,CV2
data/ne2025/device4/2364_LeafPhotoA_2025-09-08 11_33_42.776-05_00.jpg,CV2
data/ne2025/device4/2332_LeafPhotoA_2025-09-08 11_00_39.742-05_00.jpg,CV2
data/ne2025/device4/2586_LeafPhotoA_2025-09-09 10_35_36.782-05_00.jpg,CV2
data/ne2025/device4/1390_LeafPhotoA_2025-09-08 13_10_02.976-05_00.jpg,CV2
data/ne2025/device4/1392_LeafPhotoA_2025-09-08 13_12_43.154-05_00.jpg,CV2
data/ne2025/device4/2384_LeafPhotoA_2025-09-08 11_54_53.539-05_00.jpg,CV2
data/ne2025/device4/1306_LeafPhotoA_2025-09-08 09_21_40.571-05_00.jpg,CV2
data/ne2025/device4/2873_LeafPhotoA_2025-09-09 14_44_40.818-05_00.jpg,CV2
data/ne2025/device4/1358_LeafPhotoA_2025-09-08 12_35_26.225-05_00.jpg,CV2
data/ne2025/device4/1866_LeafPhotoA_2025-09-09 13_30_23.454-05_00.jpg,CV2
data/ne2025/device4/2577_LeafPhotoA_2025-09-09 10_43_09.620-05_00.jpg,CV2
data/ne2025/device4/2870_LeafPhotoA_2025-09-09 14_48_08.275-05_00.jpg,CV2
data/ne2025/device4/1399_LeafPhotoA_2025-09-08 12_25_25.945-05_00.jpg,CV2
data/ne2025/device4/2333_LeafPhotoA_2025-09-08 11_01_20.148-05_00.jpg,CV2
data/ne2025/device4/1377_LeafPhotoA_2025-09-08 12_59_37.518-05_00.jpg,CV2
data/ne2025/device4/2864_LeafPhotoA_2025-09-09 14_53_07.855-05_00.jpg,CV2
data/ne2025/device4/2302_LeafPhotoA_2025-09-08 10_29_56.041-05_00.jpg,CV2
data/ne2025/device4/1566_LeafPhotoA_2025-09-09 10_04_32.953-05_00.jpg,CV2
data/ne2025/device4/2393_LeafPhotoA_2025-09-08 12_18_13.823-05_00.jpg,CV2
data/ne2025/device4/1309_LeafPhotoA_2025-09-08 09_24_58.238-05_00.jpg,CV2
data/ne2025/device4/1318_LeafPhotoA_2025-09-08 09_37_28.384-05_00.jpg,CV2
data/ne2025/device4/1900_LeafPhotoA_2025-09-09 13_45_59.573-05_00.jpg,CV2
data/ne2025/device4/1332_LeafPhotoA_2025-09-08 09_59_44.447-05_00.jpg,CV2
data/ne2025/device4/1896_LeafPhotoA_2025-09-09 12_57_40.726-05_00.jpg,CV2
data/ne2025/device4/1345_LeafPhotoA_2025-09-08 10_13_40.409-05_00.jpg,CV2
data/ne2025/device4/2898_LeafPhotoA_2025-09-09 13_55_23.491-05_00.jpg,CV2
data/ne2025/device4/1374_LeafPhotoA_2025-09-08 12_56_33.851-05_00.jpg,CV2
data/ne2025/device4/1899_LeafPhotoA_2025-09-09 13_48_21.666-05_00.jpg,CV2
data/ne2025/device4/1897_LeafPhotoA_2025-09-09 12_56_37.462-05_00.jpg,CV2
data/ne2025/device4/1342_LeafPhotoA_2025-09-08 10_10_13.170-05_00.jpg,CV2
data/ne2025/device4/2355_LeafPhotoA_2025-09-08 11_25_29.558-05_00.jpg,CV2
data/ne2025/device4/1866_LeafPhotoA_2025-09-09 13_30_08.982-05_00.jpg,CV2
data/ne2025/device4/2900_LeafPhotoA_2025-09-09 13_54_06.492-05_00.jpg,CV2
data/ne2025/device4/1400_LeafPhotoA_2025-09-08 12_27_08.065-05_00.jpg,CV2
data/ne2025/device4/2353_LeafPhotoA_2025-09-08 11_23_00.014-05_00.jpg,CV2
data/ne2025/device4/1323_LeafPhotoA_2025-09-08 09_46_08.097-05_00.jpg,CV2
data/ne2025/device4/1854_LeafPhotoA_2025-09-09 13_42_14.798-05_00.jpg,CV2
data/ne2025/device4/1385_LeafPhotoA_2025-09-08 13_04_40.954-05_00.jpg,CV2
data/ne2025/device4/2314_LeafPhotoA_2025-09-08 10_42_10.116-05_00.jpg,CV2
data/ne2025/device4/2581_LeafPhotoA_2025-09-09 10_40_05.059-05_00.jpg,CV2
data/ne2025/device4/1576_LeafPhotoA_2025-09-09 09_53_05.170-05_00.jpg,CV2
data/ne2025/device4/1552_LeafPhotoA_2025-09-09 10_20_37.516-05_00.jpg,CV2
data/ne2025/device4/1325_LeafPhotoA_2025-09-08 09_47_56.861-05_00.jpg,CV2
data/ne2025/device4/1357_LeafPhotoA_2025-09-08 12_34_20.142-05_00.jpg,CV2
data/ne2025/device4/1555_LeafPhotoA_2025-09-09 10_17_03.026-05_00.jpg,CV2
data/ne2025/device4/2400_LeafPhotoA_2025-09-08 12_24_38.718-05_00.jpg,CV2
data/ne2025/device4/2892_LeafPhotoA_2025-09-09 14_00_52.477-05_00.jpg,CV2
data/ne2025/device4/2311_LeafPhotoA_2025-09-08 10_40_04.548-05_00.jpg,CV2
data/ne2025/device4/1868_LeafPhotoA_2025-09-09 13_29_17.151-05_00.jpg,CV2
data/ne2025/device4/2590_LeafPhotoA_2025-09-09 10_31_13.798-05_00.jpg,CV2
data/ne2025/device4/1896_LeafPhotoA_2025-09-09 12_57_03.176-05_00.jpg,CV2
data/ne2025/device4/2893_LeafPhotoA_2025-09-09 13_59_49.093-05_00.jpg,CV2
data/ne2025/device4/2301_LeafPhotoA_2025-09-08 10_23_19.706-05_00.jpg,CV2
data/ne2025/device4/1322_LeafPhotoA_2025-09-08 09_44_31.031-05_00.jpg,CV2
data/ne2025/device4/1878_LeafPhotoA_2025-09-09 13_20_17.369-05_00.jpg,CV2
data/ne2025/device4/2551_LeafPhotoA_2025-09-09 11_08_02.367-05_00.jpg,CV2
data/ne2025/device4/2878_LeafPhotoA_2025-09-09 14_41_14.790-05_00.jpg,CV2
data/ne2025/device4/2327_LeafPhotoA_2025-09-08 10_55_09.797-05_00.jpg,CV2
data/ne2025/device4/1599_LeafPhotoA_2025-09-09 10_23_29.230-05_00.jpg,CV2
data/ne2025/device4/1553_LeafPhotoA_2025-09-09 10_18_50.828-05_00.jpg,CV2
data/ne2025/device4/1304_LeafPhotoA_2025-09-08 09_18_49.655-05_00.jpg,CV2
data/ne2025/device4/1590_LeafPhotoA_2025-09-09 09_34_55.449-05_00.jpg,CV2
data/ne2025/device4/2337_LeafPhotoA_2025-09-08 11_05_36.828-05_00.jpg,CV2
data/ne2025/device4/2348_LeafPhotoA_2025-09-08 11_15_56.048-05_00.jpg,CV2
data/ne2025/device4/1311_LeafPhotoA_2025-09-08 09_27_50.762-05_00.jpg,CV2
data/ne2025/device4/2326_LeafPhotoA_2025-09-08 10_54_19.018-05_00.jpg,CV2
data/ne2025/device4/1326_LeafPhotoA_2025-09-08 09_49_04.977-05_00.jpg,CV2
data/ne2025/device4/1582_LeafPhotoA_2025-09-09 09_42_48.417-05_00.jpg,CV2
data/ne2025/device4/1856_LeafPhotoA_2025-09-09 13_40_18.948-05_00.jpg,CV2
data/ne2025/device4/1858_LeafPhotoA_2025-09-09 13_39_18.807-05_00.jpg,CV2
data/ne2025/device4/1312_LeafPhotoA_2025-09-08 09_29_34.710-05_00.jpg,CV2
data/ne2025/device4/1316_LeafPhotoA_2025-09-08 09_35_01.396-05_00.jpg,CV2
data/ne2025/device4/2354_LeafPhotoA_2025-09-08 11_24_31.366-05_00.jpg,CV2
data/ne2025/device4/1399_LeafPhotoA_2025-09-08 12_25_54.043-05_00.jpg,CV2
data/ne2025/device4/2351_LeafPhotoA_2025-09-08 11_20_51.197-05_00.jpg,CV2
data/ne2025/device4/2343_LeafPhotoA_2025-09-08 11_10_48.082-05_00.jpg,CV2
data/ne2025/device4/1374_LeafPhotoA_2025-09-08 12_56_52.744-05_00.jpg,CV2
data/ne2025/device4/1347_LeafPhotoA_2025-09-08 10_15_42.901-05_00.jpg,CV2
data/ne2025/device4/2377_LeafPhotoA_2025-09-08 11_47_13.064-05_00.jpg,CV2
data/ne2025/device4/2554_LeafPhotoA_2025-09-09 11_05_31.279-05_00.jpg,CV2
data/ne2025/device4/2369_LeafPhotoA_2025-09-08 11_37_47.971-05_00.jpg,CV2
data/ne2025/device4/2861_LeafPhotoA_2025-09-09 14_55_29.768-05_00.jpg,CV2
data/ne2025/device4/1560_LeafPhotoA_2025-09-09 10_12_37.535-05_00.jpg,CV2
data/ne2025/device4/2597_LeafPhotoA_2025-09-09 10_25_46.649-05_00.jpg,CV2
data/ne2025/device4/2852_LeafPhotoA_2025-09-09 15_03_30.678-05_00.jpg,CV2
data/ne2025/device4/2861_LeafPhotoA_2025-09-09 14_55_15.426-05_00.jpg,CV2
data/ne2025/device4/1335_LeafPhotoA_2025-09-08 10_03_33.177-05_00.jpg,CV2
data/ne2025/device4/1858_LeafPhotoA_2025-09-09 13_38_22.566-05_00.jpg,CV2
data/ne2025/device4/2349_LeafPhotoA_2025-09-08 11_17_33.401-05_00.jpg,CV2
data/ne2025/device4/2340_LeafPhotoA_2025-09-08 11_08_35.472-05_00.jpg,CV2
data/ne2025/device4/2368_LeafPhotoA_2025-09-08 11_36_38.586-05_00.jpg,CV2
data/ne2025/device4/2878_LeafPhotoA_2025-09-09 14_41_56.851-05_00.jpg,CV2
data/ne2025/device4/2346_LeafPhotoA_2025-09-08 11_14_01.928-05_00.jpg,CV2
data/ne2025/device4/2366_LeafPhotoA_2025-09-08 11_35_18.114-05_00.jpg,CV2
data/ne2025/device4/1315_LeafPhotoA_2025-09-08 09_33_12.652-05_00.jpg,CV2
data/ne2025/device4/2595_LeafPhotoA_2025-09-09 10_27_15.935-05_00.jpg,CV2
data/ne2025/device4/1316_LeafPhotoA_2025-09-08 09_34_38.201-05_00.jpg,CV2
data/ne2025/device4/2586_LeafPhotoA_2025-09-09 10_35_22.188-05_00.jpg,CV2
data/ne2025/device4/1587_LeafPhotoA_2025-09-09 09_38_08.962-05_00.jpg,CV2
data/ne2025/device4/2869_LeafPhotoA_2025-09-09 14_48_44.251-05_00.jpg,CV2
data/ne2025/device4/1868_LeafPhotoA_2025-09-09 13_29_37.011-05_00.jpg,CV2
data/ne2025/device4/1315_LeafPhotoA_2025-09-08 09_34_04.345-05_00.jpg,CV2
data/ne2025/device4/1365_LeafPhotoA_2025-09-08 12_47_05.614-05_00.jpg,CV2
data/ne2025/device4/2892_LeafPhotoA_2025-09-09 14_01_08.419-05_00.jpg,CV2
data/ne2025/device4/2318_LeafPhotoA_2025-09-08 10_46_40.691-05_00.jpg,CV2
data/ne2025/device4/2590_LeafPhotoA_2025-09-09 10_31_37.971-05_00.jpg,CV2
data/ne2025/device4/1900_LeafPhotoA_2025-09-09 13_45_34.903-05_00.jpg,CV2
data/ne2025/device4/1342_LeafPhotoA_2025-09-08 10_10_41.383-05_00.jpg,CV2
data/ne2025/device4/1341_LeafPhotoA_2025-09-08 10_09_38.844-05_00.jpg,CV2
data/ne2025/device4/2379_LeafPhotoA_2025-09-08 11_49_47.715-05_00.jpg,CV2
data/ne2025/device4/1562_LeafPhotoA_2025-09-09 10_11_20.903-05_00.jpg,CV2
data/ne2025/device4/2862_LeafPhotoA_2025-09-09 14_54_57.602-05_00.jpg,CV2
data/ne2025/device4/2883_LeafPhotoA_2025-09-09 14_08_10.558-05_00.jpg,CV2
data/ne2025/device4/1320_LeafPhotoA_2025-09-08 09_42_02.349-05_00.jpg,CV2
data/ne2025/device4/1388_LeafPhotoA_2025-09-08 13_08_04.955-05_00.jpg,CV2
data/ne2025/device4/2319_LeafPhotoA_2025-09-08 10_47_21.052-05_00.jpg,CV2
data/ne2025/device4/1336_LeafPhotoA_2025-09-08 10_04_22.990-05_00.jpg,CV2
data/ne2025/device4/1387_LeafPhotoA_2025-09-08 13_07_10.555-05_00.jpg,CV2
data/ne2025/device4/2583_LeafPhotoA_2025-09-09 10_38_39.926-05_00.jpg,CV2
data/ne2025/device4/2344_LeafPhotoA_2025-09-08 11_12_07.490-05_00.jpg,CV2
data/ne2025/device4/2345_LeafPhotoA_2025-09-08 11_13_33.598-05_00.jpg,CV2
data/ne2025/device4/2361_LeafPhotoA_2025-09-08 11_30_56.521-05_00.jpg,CV2
data/ne2025/device4/1597_LeafPhotoA_2025-09-09 09_30_09.532-05_00.jpg,CV2
data/ne2025/device4/1351_LeafPhotoA_2025-09-08 12_28_16.380-05_00.jpg,CV2
data/ne2025/device4/1308_LeafPhotoA_2025-09-08 09_23_31.553-05_00.jpg,CV2
data/ne2025/device4/2382_LeafPhotoA_2025-09-08 11_52_08.982-05_00.jpg,CV2
data/ne2025/device4/1310_LeafPhotoA_2025-09-08 09_26_39.882-05_00.jpg,CV2
data/ne2025/device4/2352_LeafPhotoA_2025-09-08 11_21_37.931-05_00.jpg,CV2
data/ne2025/device4/2344_LeafPhotoA_2025-09-08 11_12_26.443-05_00.jpg,CV2
data/ne2025/device4/1354_LeafPhotoA_2025-09-08 12_31_07.094-05_00.jpg,CV2
data/ne2025/device4/2872_LeafPhotoA_2025-09-09 14_45_34.832-05_00.jpg,CV2
data/ne2025/device4/1340_LeafPhotoA_2025-09-08 10_08_37.990-05_00.jpg,CV2
data/ne2025/device4/2307_LeafPhotoA_2025-09-08 10_35_41.725-05_00.jpg,CV2
data/ne2025/device4/2309_LeafPhotoA_2025-09-08 10_37_26.186-05_00.jpg,CV2
data/ne2025/device4/1353_LeafPhotoA_2025-09-08 12_29_30.408-05_00.jpg,CV2
data/ne2025/device4/2338_LeafPhotoA_2025-09-08 11_06_18.327-05_00.jpg,CV2
data/ne2025/device4/1383_LeafPhotoA_2025-09-08 13_03_11.486-05_00.jpg,CV2
data/ne2025/device4/1332_LeafPhotoA_2025-09-08 09_59_58.906-05_00.jpg,CV2
data/ne2025/device4/2349_LeafPhotoA_2025-09-08 11_17_21.223-05_00.jpg,CV2
data/ne2025/device4/2394_LeafPhotoA_2025-09-08 12_19_34.246-05_00.jpg,CV2
data/ne2025/device4/1851_LeafPhotoA_2025-09-09 13_45_07.951-05_00.jpg,CV2
data/ne2025/device4/2355_LeafPhotoA_2025-09-08 11_25_14.792-05_00.jpg,CV2
data/ne2025/device4/2362_LeafPhotoA_2025-09-08 11_31_44.910-05_00.jpg,CV2
data/ne2025/device4/2557_LeafPhotoA_2025-09-09 11_03_09.546-05_00.jpg,CV2
data/ne2025/device4/1554_LeafPhotoA_2025-09-09 10_17_31.890-05_00.jpg,CV2
data/ne2025/device4/2315_LeafPhotoA_2025-09-08 10_43_19.379-05_00.jpg,CV2
data/ne2025/device4/2400_LeafPhotoA_2025-09-08 12_24_54.208-05_00.jpg,CV2
data/ne2025/device4/1855_LeafPhotoA_2025-09-09 13_41_50.521-05_00.jpg,CV2
data/ne2025/device4/2380_LeafPhotoA_2025-09-08 11_50_29.744-05_00.jpg,CV2
data/ne2025/device4/1882_LeafPhotoA_2025-09-09 13_17_22.842-05_00.jpg,CV2
data/ne2025/device4/2872_LeafPhotoA_2025-09-09 14_46_07.324-05_00.jpg,CV2
data/ne2025/device4/1877_LeafPhotoA_2025-09-09 13_21_50.382-05_00.jpg,CV2
data/ne2025/device4/1884_LeafPhotoA_2025-09-09 13_14_13.481-05_00.jpg,CV2
data/ne2025/device4/1874_LeafPhotoA_2025-09-09 13_23_32.662-05_00.jpg,CV2
data/ne2025/device4/1370_LeafPhotoA_2025-09-08 12_52_45.620-05_00.jpg,CV2
data/ne2025/device4/1358_LeafPhotoA_2025-09-08 12_35_05.753-05_00.jpg,CV2
data/ne2025/device4/2882_LeafPhotoA_2025-09-09 14_09_31.481-05_00.jpg,CV2
data/ne2025/device4/2587_LeafPhotoA_2025-09-09 10_33_28.831-05_00.jpg,CV2
data/ne2025/device4/1884_LeafPhotoA_2025-09-09 13_14_34.240-05_00.jpg,CV2
data/ne2025/device4/1577_LeafPhotoA_2025-09-09 09_52_09.527-05_00.jpg,CV2
data/ne2025/device4/2375_LeafPhotoA_2025-09-08 11_45_58.952-05_00.jpg,CV2
data/ne2025/device4/2884_LeafPhotoA_2025-09-09 14_07_29.398-05_00.jpg,CV2
data/ne2025/device4/2312_LeafPhotoA_2025-09-08 10_40_44.267-05_00.jpg,CV2
data/ne2025/device4/1588_LeafPhotoA_2025-09-09 09_36_36.189-05_00.jpg,CV2
data/ne2025/device4/2333_LeafPhotoA_2025-09-08 11_01_10.344-05_00.jpg,CV2
data/ne2025/device4/1306_LeafPhotoA_2025-09-08 09_21_07.935-05_00.jpg,CV2
data/ne2025/device4/1856_LeafPhotoA_2025-09-09 13_40_44.812-05_00.jpg,CV2
data/ne2025/device4/1579_LeafPhotoA_2025-09-09 09_49_41.362-05_00.jpg,CV2
data/ne2025/device4/1337_LeafPhotoA_2025-09-08 10_05_50.848-05_00.jpg,CV2
data/ne2025/device4/1385_LeafPhotoA_2025-09-08 13_05_07.306-05_00.jpg,CV2
data/ne2025/device4/1339_LeafPhotoA_2025-09-08 10_07_26.017-05_00.jpg,CV2
data/ne2025/device4/1386_LeafPhotoA_2025-09-08 13_06_11.904-05_00.jpg,CV2
data/ne2025/device4/1330_LeafPhotoA_2025-09-08 09_58_06.898-05_00.jpg,CV2
data/ne2025/device4/1302_LeafPhotoA_2025-09-08 10_22_05.371-05_00.jpg,CV2
data/ne2025/device4/1305_LeafPhotoA_2025-09-08 09_20_08.702-05_00.jpg,CV2
data/ne2025/device4/1573_LeafPhotoA_2025-09-09 09_54_35.196-05_00.jpg,CV2
data/ne2025/device4/2587_LeafPhotoA_2025-09-09 10_34_06.660-05_00.jpg,CV2
data/ne2025/device4/1890_LeafPhotoA_2025-09-09 13_10_15.049-05_00.jpg,CV2
data/ne2025/device4/1582_LeafPhotoA_2025-09-09 09_42_32.403-05_00.jpg,CV2
data/ne2025/device4/2324_LeafPhotoA_2025-09-08 10_52_05.628-05_00.jpg,CV2
data/ne2025/device4/1558_LeafPhotoA_2025-09-09 10_14_26.881-05_00.jpg,CV2
data/ne2025/device4/2331_LeafPhotoA_2025-09-08 10_59_46.770-05_00.jpg,CV2
data/ne2025/device4/1360_LeafPhotoA_2025-09-08 12_40_13.454-05_00.jpg,CV2
data/ne2025/device4/2374_LeafPhotoA_2025-09-08 11_43_28.926-05_00.jpg,CV2
data/ne2025/device4/1331_LeafPhotoA_2025-09-08 09_59_08.980-05_00.jpg,CV2
data/ne2025/device4/1315_LeafPhotoA_2025-09-08 09_33_31.769-05_00.jpg,CV2
data/ne2025/device4/2863_LeafPhotoA_2025-09-09 14_53_39.925-05_00.jpg,CV2
data/ne2025/device4/1856_LeafPhotoA_2025-09-09 13_40_00.876-05_00.jpg,CV2
data/ne2025/device4/2560_LeafPhotoA_2025-09-09 11_02_15.641-05_00.jpg,CV2
data/ne2025/device4/1364_LeafPhotoA_2025-09-08 12_43_52.002-05_00.jpg,CV2
data/ne2025/device4/2350_LeafPhotoA_2025-09-08 11_18_26.349-05_00.jpg,CV2
data/ne2025/device4/1588_LeafPhotoA_2025-09-09 09_36_16.639-05_00.jpg,CV2
data/ne2025/device4/1381_LeafPhotoA_2025-09-08 13_02_12.732-05_00.jpg,CV2
data/ne2025/device4/1319_LeafPhotoA_2025-09-08 09_40_51.056-05_00.jpg,CV2
data/ne2025/device4/1853_LeafPhotoA_2025-09-09 13_43_57.677-05_00.jpg,CV2
data/ne2025/device4/2575_LeafPhotoA_2025-09-09 10_46_01.327-05_00.jpg,CV2
data/ne2025/device4/1357_LeafPhotoA_2025-09-08 12_34_33.310-05_00.jpg,CV2
data/ne2025/device4/1350_LeafPhotoA_2025-09-08 10_18_59.648-05_00.jpg,CV2
data/ne2025/device4/2869_LeafPhotoA_2025-09-09 14_48_58.455-05_00.jpg,CV2
data/ne2025/device4/1379_LeafPhotoA_2025-09-08 13_01_13.542-05_00.jpg,CV2
data/ne2025/device4/2367_LeafPhotoA_2025-09-08 11_35_51.554-05_00.jpg,CV2
data/ne2025/device4/2871_LeafPhotoA_2025-09-09 14_47_23.331-05_00.jpg,CV2
data/ne2025/device4/1399_LeafPhotoA_2025-09-08 12_25_39.723-05_00.jpg,CV2
data/ne2025/device4/1310_LeafPhotoA_2025-09-08 09_27_23.057-05_00.jpg,SAM3
data/ne2025/device4/2597_LeafPhotoA_2025-09-09 10_25_34.827-05_00.jpg,CV2
data/ne2025/device4/2870_LeafPhotoA_2025-09-09 14_47_41.484-05_00.jpg,CV2
data/ne2025/device4/2331_LeafPhotoA_2025-09-08 10_59_30.734-05_00.jpg,CV2
data/ne2025/device4/1317_LeafPhotoA_2025-09-08 09_36_34.963-05_00.jpg,CV2
data/ne2025/device4/1354_LeafPhotoA_2025-09-08 12_31_23.618-05_00.jpg,CV2
data/ne2025/device4/2385_LeafPhotoA_2025-09-08 11_55_37.754-05_00.jpg,CV2
data/ne2025/device4/2309_LeafPhotoA_2025-09-08 10_37_37.394-05_00.jpg,CV2
data/ne2025/device4/2372_LeafPhotoA_2025-09-08 11_41_39.021-05_00.jpg,CV2
data/ne2025/device4/1390_LeafPhotoA_2025-09-08 13_10_18.653-05_00.jpg,CV2
data/ne2025/device4/1341_LeafPhotoA_2025-09-08 10_09_53.998-05_00.jpg,CV2
data/ne2025/device4/1571_LeafPhotoA_2025-09-09 10_00_23.487-05_00.jpg,CV2
data/ne2025/device4/2576_LeafPhotoA_2025-09-09 10_45_03.727-05_00.jpg,CV2
data/ne2025/device4/1893_LeafPhotoA_2025-09-09 12_59_38.775-05_00.jpg,CV2
data/ne2025/device4/2320_LeafPhotoA_2025-09-08 10_48_17.455-05_00.jpg,CV2
data/ne2025/device4/1368_LeafPhotoA_2025-09-08 12_51_12.579-05_00.jpg,CV2
data/ne2025/device4/2869_LeafPhotoA_2025-09-09 14_48_30.620-05_00.jpg,CV2
data/ne2025/device4/1307_LeafPhotoA_2025-09-08 09_22_15.163-05_00.jpg,CV2
data/ne2025/device4/1859_LeafPhotoA_2025-09-09 13_37_34.301-05_00.jpg,CV2
data/ne2025/device4/2553_LeafPhotoA_2025-09-09 11_06_30.916-05_00.jpg,CV2
data/ne2025/device4/1331_LeafPhotoA_2025-09-08 09_58_31.257-05_00.jpg,CV2
data/ne2025/device4/1897_LeafPhotoA_2025-09-09 12_55_47.671-05_00.jpg,CV2
data/ne2025/device4/2868_LeafPhotoA_2025-09-09 14_49_37.155-05_00.jpg,CV2
data/ne2025/device4/2873_LeafPhotoA_2025-09-09 14_44_59.997-05_00.jpg,CV2
data/ne2025/device4/2876_LeafPhotoA_2025-09-09 14_43_48.364-05_00.jpg,CV2
data/ne2025/device4/1561_LeafPhotoA_2025-09-09 10_11_41.214-05_00.jpg,CV2
data/ne2025/device4/2392_LeafPhotoA_2025-09-08 12_03_43.423-05_00.jpg,CV2
data/ne2025/device4/2324_LeafPhotoA_2025-09-08 10_52_24.755-05_00.jpg,CV2
data/ne2025/device4/1355_LeafPhotoA_2025-09-08 12_32_34.587-05_00.jpg,CV2
data/ne2025/device4/2552_LeafPhotoA_2025-09-09 11_07_12.139-05_00.jpg,CV2
data/ne2025/device4/2572_LeafPhotoA_2025-09-09 10_47_38.476-05_00.jpg,CV2
data/ne2025/device4/1344_LeafPhotoA_2025-09-08 10_11_55.418-05_00.jpg,CV2
data/ne2025/device4/2322_LeafPhotoA_2025-09-08 10_50_34.474-05_00.jpg,CV2
data/ne2025/device4/1891_LeafPhotoA_2025-09-09 13_08_48.319-05_00.jpg,CV2
data/ne2025/device4/2336_LeafPhotoA_2025-09-08 11_04_05.137-05_00.jpg,CV2
data/ne2025/device4/2357_LeafPhotoA_2025-09-08 11_28_10.254-05_00.jpg,CV2
data/ne2025/device4/2376_LeafPhotoA_2025-09-08 11_46_40.263-05_00.jpg,CV2
data/ne2025/device4/2596_LeafPhotoA_2025-09-09 10_26_28.393-05_00.jpg,CV2
data/ne2025/device4/1379_LeafPhotoA_2025-09-08 13_00_59.301-05_00.jpg,CV2
data/ne2025/device4/2337_LeafPhotoA_2025-09-08 11_05_24.949-05_00.jpg,CV2
data/ne2025/device4/1360_LeafPhotoA_2025-09-08 12_40_30.592-05_00.jpg,CV2
data/ne2025/device4/1324_LeafPhotoA_2025-09-08 09_47_29.295-05_00.jpg,CV2
data/ne2025/device4/2553_LeafPhotoA_2025-09-09 11_06_19.892-05_00.jpg,CV2
data/ne2025/device4/1348_LeafPhotoA_2025-09-08 10_16_33.542-05_00.jpg,CV2
data/ne2025/device4/1570_LeafPhotoA_2025-09-09 10_01_07.860-05_00.jpg,CV2
data/ne2025/device4/2313_LeafPhotoA_2025-09-08 10_41_17.601-05_00.jpg,CV2
data/ne2025/device4/2894_LeafPhotoA_2025-09-09 13_57_50.386-05_00.jpg,CV2
data/ne2025/device4/1334_LeafPhotoA_2025-09-08 10_01_43.028-05_00.jpg,CV2
data/ne2025/device4/1866_LeafPhotoA_2025-09-09 13_31_18.564-05_00.jpg,CV2
data/ne2025/device4/2382_LeafPhotoA_2025-09-08 11_52_42.959-05_00.jpg,CV2
data/ne2025/device4/1582_LeafPhotoA_2025-09-09 09_43_05.587-05_00.jpg,CV2
data/ne2025/device4/2381_LeafPhotoA_2025-09-08 11_51_50.879-05_00.jpg,CV2
data/ne2025/device4/2356_LeafPhotoA_2025-09-08 11_26_10.806-05_00.jpg,CV2
data/ne2025/device4/1874_LeafPhotoA_2025-09-09 13_24_05.096-05_00.jpg,CV2
data/ne2025/device4/2305_LeafPhotoA_2025-09-08 10_33_04.896-05_00.jpg,CV2
data/ne2025/device4/1364_LeafPhotoA_2025-09-08 12_44_11.915-05_00.jpg,CV2
data/ne2025/device4/2359_LeafPhotoA_2025-09-08 11_29_28.752-05_00.jpg,CV2
data/ne2025/device4/2561_LeafPhotoA_2025-09-09 11_01_04.730-05_00.jpg,CV2
data/ne2025/device4/2355_LeafPhotoA_2025-09-08 11_24_58.704-05_00.jpg,CV2
data/ne2025/device4/1576_LeafPhotoA_2025-09-09 09_52_40.800-05_00.jpg,CV2
data/ne2025/device4/2860_LeafPhotoA_2025-09-09 14_56_33.247-05_00.jpg,CV2
data/ne2025/device4/2360_LeafPhotoA_2025-09-08 11_30_00.112-05_00.jpg,CV2
data/ne2025/device4/2562_LeafPhotoA_2025-09-09 10_59_13.146-05_00.jpg,CV2
data/ne2025/device4/1304_LeafPhotoA_2025-09-08 09_18_32.647-05_00.jpg,SAM3
data/ne2025/device4/1854_LeafPhotoA_2025-09-09 13_42_43.347-05_00.jpg,CV2
data/ne2025/device4/1593_LeafPhotoA_2025-09-09 09_33_14.926-05_00.jpg,CV2
data/ne2025/device4/2304_LeafPhotoA_2025-09-08 10_32_41.541-05_00.jpg,CV2
data/ne2025/device4/2580_LeafPhotoA_2025-09-09 10_40_29.632-05_00.jpg,CV2
data/ne2025/device4/2568_LeafPhotoA_2025-09-09 10_51_10.887-05_00.jpg,CV2
data/ne2025/device4/1892_LeafPhotoA_2025-09-09 13_08_15.511-05_00.jpg,CV2
data/ne2025/device4/1345_LeafPhotoA_2025-09-08 10_13_26.383-05_00.jpg,CV2
data/ne2025/device4/2382_LeafPhotoA_2025-09-08 11_52_26.421-05_00.jpg,CV2
data/ne2025/device4/2312_LeafPhotoA_2025-09-08 10_40_26.535-05_00.jpg,CV2
data/ne2025/device4/2380_LeafPhotoA_2025-09-08 11_50_53.706-05_00.jpg,CV2
data/ne2025/device4/2328_LeafPhotoA_2025-09-08 10_55_54.867-05_00.jpg,CV2
data/ne2025/device4/2330_LeafPhotoA_2025-09-08 10_58_44.992-05_00.jpg,CV2
data/ne2025/device4/2309_LeafPhotoA_2025-09-08 10_37_11.316-05_00.jpg,CV2
data/ne2025/device4/1864_LeafPhotoA_2025-09-09 13_33_01.123-05_00.jpg,CV2
data/ne2025/device4/1598_LeafPhotoA_2025-09-09 09_28_50.071-05_00.jpg,CV2
data/ne2025/device4/1330_LeafPhotoA_2025-09-08 09_57_17.816-05_00.jpg,CV2
data/ne2025/device4/1317_LeafPhotoA_2025-09-08 09_35_24.203-05_00.jpg,CV2
data/ne2025/device4/1318_LeafPhotoA_2025-09-08 09_38_14.702-05_00.jpg,CV2
data/ne2025/device4/2586_LeafPhotoA_2025-09-09 10_34_51.098-05_00.jpg,CV2
data/ne2025/device4/2316_LeafPhotoA_2025-09-08 10_44_31.127-05_00.jpg,CV2
data/ne2025/device4/2348_LeafPhotoA_2025-09-08 11_16_57.826-05_00.jpg,CV2
data/ne2025/device4/1333_LeafPhotoA_2025-09-08 10_00_42.358-05_00.jpg,Failed
data/ne2025/device4/1590_LeafPhotoA_2025-09-09 09_35_12.937-05_00.jpg,CV2
data/ne2025/device4/1371_LeafPhotoA_2025-09-08 12_53_42.124-05_00.jpg,CV2
data/ne2025/device4/2571_LeafPhotoA_2025-09-09 10_49_10.201-05_00.jpg,CV2
data/ne2025/device4/2579_LeafPhotoA_2025-09-09 10_41_50.960-05_00.jpg,CV2
data/ne2025/device4/1893_LeafPhotoA_2025-09-09 13_00_43.028-05_00.jpg,CV2
data/ne2025/device4/1552_LeafPhotoA_2025-09-09 10_19_10.665-05_00.jpg,CV2
data/ne2025/device4/1899_LeafPhotoA_2025-09-09 13_46_46.296-05_00.jpg,CV2
data/ne2025/device4/1363_LeafPhotoA_2025-09-08 12_42_56.904-05_00.jpg,CV2
data/ne2025/device4/2381_LeafPhotoA_2025-09-08 11_51_21.824-05_00.jpg,CV2
data/ne2025/device4/1375_LeafPhotoA_2025-09-08 12_57_28.435-05_00.jpg,CV2
data/ne2025/device4/1321_LeafPhotoA_2025-09-08 09_43_47.604-05_00.jpg,CV2
data/ne2025/device4/1557_LeafPhotoA_2025-09-09 10_14_44.359-05_00.jpg,CV2
data/ne2025/device4/1377_LeafPhotoA_2025-09-08 12_59_27.299-05_00.jpg,CV2
data/ne2025/device4/1876_LeafPhotoA_2025-09-09 13_22_49.642-05_00.jpg,CV2
data/ne2025/device4/2389_LeafPhotoA_2025-09-08 11_59_22.549-05_00.jpg,CV2
data/ne2025/device4/2303_LeafPhotoA_2025-09-08 10_31_06.347-05_00.jpg,CV2
data/ne2025/device4/1576_LeafPhotoA_2025-09-09 09_52_24.983-05_00.jpg,CV2
data/ne2025/device4/2323_LeafPhotoA_2025-09-08 10_50_55.422-05_00.jpg,CV2
data/ne2025/device4/1377_LeafPhotoA_2025-09-08 12_59_16.329-05_00.jpg,CV2
data/ne2025/device4/2336_LeafPhotoA_2025-09-08 11_04_50.552-05_00.jpg,CV2
data/ne2025/device4/1360_LeafPhotoA_2025-09-08 12_39_53.486-05_00.jpg,CV2
data/ne2025/device4/1868_LeafPhotoA_2025-09-09 13_29_01.704-05_00.jpg,CV2
data/ne2025/device4/2570_LeafPhotoA_2025-09-09 10_50_01.735-05_00.jpg,CV2
data/ne2025/device4/2580_LeafPhotoA_2025-09-09 10_40_41.016-05_00.jpg,CV2
data/ne2025/device4/1333_LeafPhotoA_2025-09-08 10_01_03.626-05_00.jpg,CV2
data/ne2025/device4/1343_LeafPhotoA_2025-09-08 10_11_04.420-05_00.jpg,CV2
data/ne2025/device4/1327_LeafPhotoA_2025-09-08 09_50_22.121-05_00.jpg,CV2
data/ne2025/device4/1322_LeafPhotoA_2025-09-08 09_45_01.696-05_00.jpg,CV2
data/ne2025/device4/1392_LeafPhotoA_2025-09-08 13_12_31.182-05_00.jpg,CV2
data/ne2025/device4/2343_LeafPhotoA_2025-09-08 11_11_03.769-05_00.jpg,CV2
data/ne2025/device4/1372_LeafPhotoA_2025-09-08 12_54_49.976-05_00.jpg,CV2
data/ne2025/device4/1865_LeafPhotoA_2025-09-09 13_31_46.367-05_00.jpg,CV2
data/ne2025/device4/2304_LeafPhotoA_2025-09-08 10_32_16.820-05_00.jpg,CV2
data/ne2025/device4/2557_LeafPhotoA_2025-09-09 11_03_37.173-05_00.jpg,CV2
data/ne2025/device4/2568_LeafPhotoA_2025-09-09 10_50_54.288-05_00.jpg,CV2
data/ne2025/device4/2858_LeafPhotoA_2025-09-09 14_57_55.895-05_00.jpg,CV2
data/ne2025/device4/2323_LeafPhotoA_2025-09-08 10_51_30.122-05_00.jpg,CV2
data/ne2025/device4/2338_LeafPhotoA_2025-09-08 11_06_38.534-05_00.jpg,CV2
data/ne2025/device4/1891_LeafPhotoA_2025-09-09 13_09_03.281-05_00.jpg,CV2
data/ne2025/device4/2399_LeafPhotoA_2025-09-08 12_24_05.607-05_00.jpg,CV2
data/ne2025/device4/2561_LeafPhotoA_2025-09-09 11_00_30.429-05_00.jpg,CV2
data/ne2025/device4/2331_LeafPhotoA_2025-09-08 10_59_14.029-05_00.jpg,CV2
data/ne2025/device4/1387_LeafPhotoA_2025-09-08 13_07_31.088-05_00.jpg,CV2
data/ne2025/device4/1855_LeafPhotoA_2025-09-09 13_41_33.020-05_00.jpg,CV2
data/ne2025/device4/1591_LeafPhotoA_2025-09-09 09_34_16.514-05_00.jpg,CV2
data/ne2025/device4/1581_LeafPhotoA_2025-09-09 09_43_24.744-05_00.jpg,CV2
data/ne2025/device4/1390_LeafPhotoA_2025-09-08 13_09_44.069-05_00.jpg,CV2
data/ne2025/device4/1883_LeafPhotoA_2025-09-09 13_16_30.658-05_00.jpg,CV2
data/ne2025/device4/2887_LeafPhotoA_2025-09-09 14_02_57.914-05_00.jpg,CV2
data/ne2025/device4/1378_LeafPhotoA_2025-09-08 13_00_28.777-05_00.jpg,CV2
data/ne2025/device4/1890_LeafPhotoA_2025-09-09 13_10_47.470-05_00.jpg,CV2
data/ne2025/device4/1575_LeafPhotoA_2025-09-09 09_53_19.245-05_00.jpg,CV2
data/ne2025/device4/2883_LeafPhotoA_2025-09-09 14_07_57.385-05_00.jpg,CV2
data/ne2025/device4/1880_LeafPhotoA_2025-09-09 13_18_32.766-05_00.jpg,CV2
data/ne2025/device4/1883_LeafPhotoA_2025-09-09 13_15_58.541-05_00.jpg,CV2
data/ne2025/device4/2356_LeafPhotoA_2025-09-08 11_26_58.132-05_00.jpg,CV2
data/ne2025/device4/2330_LeafPhotoA_2025-09-08 10_58_18.113-05_00.jpg,CV2
data/ne2025/device4/2578_LeafPhotoA_2025-09-09 10_42_33.814-05_00.jpg,CV2
data/ne2025/device4/1897_LeafPhotoA_2025-09-09 12_56_14.284-05_00.jpg,CV2
data/ne2025/device4/1365_LeafPhotoA_2025-09-08 12_47_27.603-05_00.jpg,CV2
data/ne2025/device4/2359_LeafPhotoA_2025-09-08 11_29_27.307-05_00.jpg,CV2
data/ne2025/device4/1343_LeafPhotoA_2025-09-08 10_11_19.080-05_00.jpg,CV2
data/ne2025/device4/1858_LeafPhotoA_2025-09-09 13_38_40.065-05_00.jpg,CV2
data/ne2025/device4/1580_LeafPhotoA_2025-09-09 09_44_29.835-05_00.jpg,CV2
data/ne2025/device4/1360_LeafPhotoA_2025-09-08 12_40_03.936-05_00.jpg,CV2
data/ne2025/device4/1363_LeafPhotoA_2025-09-08 12_43_11.886-05_00.jpg,CV2
data/ne2025/device4/1346_LeafPhotoA_2025-09-08 10_15_00.579-05_00.jpg,CV2
data/ne2025/device4/2334_LeafPhotoA_2025-09-08 11_02_01.003-05_00.jpg,CV2
data/ne2025/device4/2369_LeafPhotoA_2025-09-08 11_37_22.530-05_00.jpg,CV2
data/ne2025/device4/2373_LeafPhotoA_2025-09-08 11_42_55.886-05_00.jpg,CV2
data/ne2025/device4/2354_LeafPhotoA_2025-09-08 11_24_10.805-05_00.jpg,CV2
data/ne2025/device4/2877_LeafPhotoA_2025-09-09 14_42_42.800-05_00.jpg,CV2
data/ne2025/device4/2312_LeafPhotoA_2025-09-08 10_40_59.416-05_00.jpg,CV2
data/ne2025/device4/2311_LeafPhotoA_2025-09-08 10_39_10.387-05_00.jpg,CV2
data/ne2025/device4/2386_LeafPhotoA_2025-09-08 11_56_54.323-05_00.jpg,CV2
data/ne2025/device4/1889_LeafPhotoA_2025-09-09 13_11_50.814-05_00.jpg,CV2
data/ne2025/device4/2322_LeafPhotoA_2025-09-08 10_50_00.196-05_00.jpg,CV2
data/ne2025/device4/1345_LeafPhotoA_2025-09-08 10_12_57.558-05_00.jpg,CV2
data/ne2025/device4/2305_LeafPhotoA_2025-09-08 10_33_36.159-05_00.jpg,CV2
data/ne2025/device4/1599_LeafPhotoA_2025-09-09 10_23_41.725-05_00.jpg,CV2
data/ne2025/device4/2313_LeafPhotoA_2025-09-08 10_41_46.182-05_00.jpg,CV2
data/ne2025/device4/2892_LeafPhotoA_2025-09-09 14_00_39.299-05_00.jpg,CV2
data/ne2025/device4/1352_LeafPhotoA_2025-09-08 12_28_53.645-05_00.jpg,CV2
data/ne2025/device4/2885_LeafPhotoA_2025-09-09 14_06_59.905-05_00.jpg,CV2
data/ne2025/device4/2597_LeafPhotoA_2025-09-09 10_25_59.565-05_00.jpg,CV2
data/ne2025/device4/1557_LeafPhotoA_2025-09-09 10_15_07.131-05_00.jpg,CV2
data/ne2025/device4/1355_LeafPhotoA_2025-09-08 12_32_02.036-05_00.jpg,CV2
data/ne2025/device4/1581_LeafPhotoA_2025-09-09 09_44_04.384-05_00.jpg,CV2
data/ne2025/device4/2852_LeafPhotoA_2025-09-09 15_03_56.830-05_00.jpg,CV2
data/ne2025/device4/1596_LeafPhotoA_2025-09-09 09_30_52.542-05_00.jpg,CV2
data/ne2025/device4/1371_LeafPhotoA_2025-09-08 12_53_26.686-05_00.jpg,CV2
data/ne2025/device4/1879_LeafPhotoA_2025-09-09 13_19_03.820-05_00.jpg,CV2
data/ne2025/device4/2380_LeafPhotoA_2025-09-08 11_50_42.672-05_00.jpg,CV2
data/ne2025/device4/2395_LeafPhotoA_2025-09-08 12_20_11.123-05_00.jpg,CV2
data/ne2025/device4/2368_LeafPhotoA_2025-09-08 11_36_49.594-05_00.jpg,CV2
data/ne2025/device4/1598_LeafPhotoA_2025-09-09 09_29_41.679-05_00.jpg,CV2
data/ne2025/device4/1369_LeafPhotoA_2025-09-08 12_51_46.284-05_00.jpg,CV2
data/ne2025/device4/1359_LeafPhotoA_2025-09-08 12_39_06.490-05_00.jpg,CV2
data/ne2025/device4/1326_LeafPhotoA_2025-09-08 09_49_33.510-05_00.jpg,CV2
data/ne2025/device4/2560_LeafPhotoA_2025-09-09 11_01_46.743-05_00.jpg,CV2
data/ne2025/device4/1305_LeafPhotoA_2025-09-08 09_19_42.020-05_00.jpg,CV2
data/ne2025/device4/2303_LeafPhotoA_2025-09-08 10_31_21.429-05_00.jpg,CV2
data/ne2025/device4/1389_LeafPhotoA_2025-09-08 13_09_09.219-05_00.jpg,CV2
data/ne2025/device4/2575_LeafPhotoA_2025-09-09 10_46_23.046-05_00.jpg,CV2
data/ne2025/device4/1555_LeafPhotoA_2025-09-09 10_16_19.652-05_00.jpg,CV2
data/ne2025/device4/1400_LeafPhotoA_2025-09-08 12_26_27.652-05_00.jpg,CV2
data/ne2025/device4/2400_LeafPhotoA_2025-09-08 12_25_05.924-05_00.jpg,CV2
data/ne2025/device4/2854_LeafPhotoA_2025-09-09 15_02_28.031-05_00.jpg,CV2
data/ne2025/device4/2570_LeafPhotoA_2025-09-09 10_49_34.407-05_00.jpg,CV2
data/ne2025/device4/2373_LeafPhotoA_2025-09-08 11_42_42.836-05_00.jpg,CV2
data/ne2025/device4/1314_LeafPhotoA_2025-09-08 09_32_02.288-05_00.jpg,CV2
data/ne2025/device4/2871_LeafPhotoA_2025-09-09 14_47_06.075-05_00.jpg,CV2
data/ne2025/device4/1326_LeafPhotoA_2025-09-08 09_49_31.523-05_00.jpg,CV2
data/ne2025/device4/2893_LeafPhotoA_2025-09-09 14_00_04.504-05_00.jpg,CV2
data/ne2025/device4/2376_LeafPhotoA_2025-09-08 11_46_17.100-05_00.jpg,CV2
data/ne2025/device4/2577_LeafPhotoA_2025-09-09 10_43_37.288-05_00.jpg,CV2
data/ne2025/device4/1388_LeafPhotoA_2025-09-08 13_08_20.646-05_00.jpg,CV2
data/ne2025/device4/2320_LeafPhotoA_2025-09-08 10_48_43.230-05_00.jpg,CV2
data/ne2025/device4/1385_LeafPhotoA_2025-09-08 13_04_24.143-05_00.jpg,CV2
data/ne2025/device4/2341_LeafPhotoA_2025-09-08 11_09_22.552-05_00.jpg,CV2
data/ne2025/device4/1596_LeafPhotoA_2025-09-09 09_31_19.758-05_00.jpg,CV2
data/ne2025/device4/2301_LeafPhotoA_2025-09-08 10_23_38.387-05_00.jpg,CV2
data/ne2025/device4/1362_LeafPhotoA_2025-09-08 12_42_13.789-05_00.jpg,CV2
data/ne2025/device4/1355_LeafPhotoA_2025-09-08 12_32_16.167-05_00.jpg,CV2
data/ne2025/device4/2341_LeafPhotoA_2025-09-08 11_09_00.781-05_00.jpg,CV2
data/ne2025/device4/2571_LeafPhotoA_2025-09-09 10_48_29.738-05_00.jpg,CV2
data/ne2025/device4/2315_LeafPhotoA_2025-09-08 10_44_03.778-05_00.jpg,CV2
data/ne2025/device4/1307_LeafPhotoA_2025-09-08 09_21_58.249-05_00.jpg,CV2
data/ne2025/device4/2378_LeafPhotoA_2025-09-08 11_48_15.166-05_00.jpg,CV2
data/ne2025/device4/1374_LeafPhotoA_2025-09-08 12_56_08.244-05_00.jpg,CV2
data/ne2025/device4/2364_LeafPhotoA_2025-09-08 11_33_15.177-05_00.jpg,CV2
data/ne2025/device4/2306_LeafPhotoA_2025-09-08 10_34_43.926-05_00.jpg,CV2
data/ne2025/device4/1562_LeafPhotoA_2025-09-09 10_10_53.268-05_00.jpg,CV2
data/ne2025/device4/1577_LeafPhotoA_2025-09-09 09_51_50.173-05_00.jpg,CV2
data/ne2025/device4/2590_LeafPhotoA_2025-09-09 10_31_27.084-05_00.jpg,CV2
data/ne2025/device4/2318_LeafPhotoA_2025-09-08 10_46_28.265-05_00.jpg,CV2
data/ne2025/device4/1579_LeafPhotoA_2025-09-09 09_49_56.429-05_00.jpg,CV2
data/ne2025/device4/2308_LeafPhotoA_2025-09-08 10_36_11.138-05_00.jpg,CV2
data/ne2025/device4/1872_LeafPhotoA_2025-09-09 13_27_40.543-05_00.jpg,CV2
data/ne2025/device4/2554_LeafPhotoA_2025-09-09 11_06_06.455-05_00.jpg,CV2
data/ne2025/device4/2598_LeafPhotoA_2025-09-09 10_24_46.081-05_00.jpg,CV2
data/ne2025/device4/1376_LeafPhotoA_2025-09-08 12_58_59.498-05_00.jpg,CV2
data/ne2025/device4/1319_LeafPhotoA_2025-09-08 09_40_14.780-05_00.jpg,CV2
data/ne2025/device4/2564_LeafPhotoA_2025-09-09 10_58_11.101-05_00.jpg,CV2
data/ne2025/device4/2560_LeafPhotoA_2025-09-09 11_01_58.851-05_00.jpg,CV2
data/ne2025/device4/2357_LeafPhotoA_2025-09-08 11_27_31.904-05_00.jpg,CV2
data/ne2025/device4/2351_LeafPhotoA_2025-09-08 11_20_36.453-05_00.jpg,CV2
data/ne2025/device4/2868_LeafPhotoA_2025-09-09 14_49_55.962-05_00.jpg,CV2
data/ne2025/device4/1551_LeafPhotoA_2025-09-09 10_21_35.149-05_00.jpg,CV2
data/ne2025/device4/1335_LeafPhotoA_2025-09-08 10_03_48.168-05_00.jpg,CV2
data/ne2025/device4/2868_LeafPhotoA_2025-09-09 14_49_22.419-05_00.jpg,CV2
data/ne2025/device4/2885_LeafPhotoA_2025-09-09 14_06_34.264-05_00.jpg,CV2
data/ne2025/device4/2320_LeafPhotoA_2025-09-08 10_48_19.527-05_00.jpg,CV2
data/ne2025/device4/1584_LeafPhotoA_2025-09-09 09_39_38.950-05_00.jpg,CV2
data/ne2025/device4/2853_LeafPhotoA_2025-09-09 15_02_42.867-05_00.jpg,CV2
data/ne2025/device4/2353_LeafPhotoA_2025-09-08 11_23_22.790-05_00.jpg,CV2
data/ne2025/device4/1580_LeafPhotoA_2025-09-09 09_45_01.608-05_00.jpg,CV2
data/ne2025/device4/1329_LeafPhotoA_2025-09-08 09_56_25.680-05_00.jpg,CV2
data/ne2025/device4/2861_LeafPhotoA_2025-09-09 14_56_05.273-05_00.jpg,CV2
data/ne2025/device4/2884_LeafPhotoA_2025-09-09 14_07_17.861-05_00.jpg,CV2
data/ne2025/device4/2374_LeafPhotoA_2025-09-08 11_43_54.221-05_00.jpg,CV2
data/ne2025/device4/1330_LeafPhotoA_2025-09-08 09_57_37.119-05_00.jpg,CV2
data/ne2025/device4/2381_LeafPhotoA_2025-09-08 11_51_08.300-05_00.jpg,CV2
data/ne2025/device4/2853_LeafPhotoA_2025-09-09 15_03_12.660-05_00.jpg,CV2
data/ne2025/device4/1560_LeafPhotoA_2025-09-09 10_13_03.380-05_00.jpg,CV2
data/ne2025/device4/2377_LeafPhotoA_2025-09-08 11_47_38.946-05_00.jpg,CV2
data/ne2025/device4/1597_LeafPhotoA_2025-09-09 09_30_39.354-05_00.jpg,CV2
data/ne2025/device4/2591_LeafPhotoA_2025-09-09 10_30_47.429-05_00.jpg,CV2
data/ne2025/device4/1362_LeafPhotoA_2025-09-08 12_42_33.264-05_00.jpg,CV2
data/ne2025/device4/1348_LeafPhotoA_2025-09-08 10_17_01.061-05_00.jpg,CV2
data/ne2025/device4/9129_LeafPhotoNotesA_2025-09-08 08_59_47.156-05_00.jpg,CV2
data/ne2025/device4/2373_LeafPhotoA_2025-09-08 11_42_29.066-05_00.jpg,CV2
data/ne2025/device4/1314_LeafPhotoA_2025-09-08 09_32_32.845-05_00.jpg,CV2
data/ne2025/device4/2315_LeafPhotoA_2025-09-08 10_43_53.843-05_00.jpg,CV2
data/ne2025/device4/2365_LeafPhotoA_2025-09-08 11_34_28.631-05_00.jpg,CV2
data/ne2025/device4/1573_LeafPhotoA_2025-09-09 09_55_28.681-05_00.jpg,CV2
data/ne2025/device4/2896_LeafPhotoA_2025-09-09 13_57_11.270-05_00.jpg,CV2
data/ne2025/device4/2585_LeafPhotoA_2025-09-09 10_36_12.299-05_00.jpg,CV2
data/ne2025/device4/2395_LeafPhotoA_2025-09-08 12_20_13.779-05_00.jpg,CV2
data/ne2025/device4/2392_LeafPhotoA_2025-09-08 12_04_38.689-05_00.jpg,CV2
data/ne2025/device4/2363_LeafPhotoA_2025-09-08 11_32_22.082-05_00.jpg,CV2
data/ne2025/device4/2595_LeafPhotoA_2025-09-09 10_27_43.323-05_00.jpg,CV2
data/ne2025/device4/1361_LeafPhotoA_2025-09-08 12_40_52.684-05_00.jpg,CV2
data/ne2025/device4/1883_LeafPhotoA_2025-09-09 13_15_30.655-05_00.jpg,CV2
data/ne2025/device4/1302_LeafPhotoA_2025-09-08 10_22_58.013-05_00.jpg,CV2
data/ne2025/device4/2394_LeafPhotoA_2025-09-08 12_19_48.103-05_00.jpg,CV2
data/ne2025/device4/1585_LeafPhotoA_2025-09-09 09_38_59.411-05_00.jpg,CV2
data/ne2025/device4/2575_LeafPhotoA_2025-09-09 10_46_43.109-05_00.jpg,CV2
data/ne2025/device4/1323_LeafPhotoA_2025-09-08 09_46_28.454-05_00.jpg,CV2
data/ne2025/device4/2304_LeafPhotoA_2025-09-08 10_31_58.330-05_00.jpg,CV2
data/ne2025/device4/1393_LeafPhotoA_2025-09-08 13_13_03.754-05_00.jpg,CV2
data/ne2025/device4/1566_LeafPhotoA_2025-09-09 10_03_07.791-05_00.jpg,CV2
data/ne2025/device4/2365_LeafPhotoA_2025-09-08 11_34_01.886-05_00.jpg,CV2
data/ne2025/device4/2360_LeafPhotoA_2025-09-08 11_30_29.114-05_00.jpg,CV2
data/ne2025/device4/1336_LeafPhotoA_2025-09-08 10_04_55.016-05_00.jpg,CV2
data/ne2025/device4/2554_LeafPhotoA_2025-09-09 11_05_52.276-05_00.jpg,CV2
data/ne2025/device4/1560_LeafPhotoA_2025-09-09 10_12_50.607-05_00.jpg,CV2
data/ne2025/device4/1313_LeafPhotoA_2025-09-08 09_30_44.464-05_00.jpg,CV2
data/ne2025/device4/1305_LeafPhotoA_2025-09-08 09_19_24.505-05_00.jpg,CV2
data/ne2025/device4/1359_LeafPhotoA_2025-09-08 12_39_25.385-05_00.jpg,CV2
data/ne2025/device4/2883_LeafPhotoA_2025-09-09 14_08_23.684-05_00.jpg,CV2
data/ne2025/device4/2897_LeafPhotoA_2025-09-09 13_56_14.252-05_00.jpg,CV2
data/ne2025/device4/1311_LeafPhotoA_2025-09-08 09_28_46.614-05_00.jpg,CV2
data/ne2025/device4/1884_LeafPhotoA_2025-09-09 13_14_52.815-05_00.jpg,CV2
data/ne2025/device4/2900_LeafPhotoA_2025-09-09 13_54_18.858-05_00.jpg,CV2
data/ne2025/device4/1338_LeafPhotoA_2025-09-08 10_06_47.896-05_00.jpg,CV2
data/ne2025/device4/1558_LeafPhotoA_2025-09-09 10_14_15.546-05_00.jpg,CV2
data/ne2025/device4/1353_LeafPhotoA_2025-09-08 12_29_44.786-05_00.jpg,CV2
data/ne2025/device4/2887_LeafPhotoA_2025-09-09 14_03_46.022-05_00.jpg,CV2
data/ne2025/device4/1386_LeafPhotoA_2025-09-08 13_05_49.839-05_00.jpg,CV2
data/ne2025/device4/2319_LeafPhotoA_2025-09-08 10_47_00.068-05_00.jpg,CV2
data/ne2025/device4/2864_LeafPhotoA_2025-09-09 14_52_22.635-05_00.jpg,CV2
data/ne2025/device4/1593_LeafPhotoA_2025-09-09 09_32_41.914-05_00.jpg,CV2
data/ne2025/device4/1596_LeafPhotoA_2025-09-09 09_31_04.890-05_00.jpg,CV2
data/ne2025/device4/1861_LeafPhotoA_2025-09-09 13_35_17.850-05_00.jpg,CV2
data/ne2025/device4/1364_LeafPhotoA_2025-09-08 12_46_20.647-05_00.jpg,CV2
data/ne2025/device4/1367_LeafPhotoA_2025-09-08 12_50_01.418-05_00.jpg,CV2
data/ne2025/device4/2342_LeafPhotoA_2025-09-08 11_10_11.218-05_00.jpg,CV2
data/ne2025/device4/2351_LeafPhotoA_2025-09-08 11_21_12.953-05_00.jpg,CV2
data/ne2025/device4/2372_LeafPhotoA_2025-09-08 11_41_28.193-05_00.jpg,CV2
data/ne2025/device4/1369_LeafPhotoA_2025-09-08 12_52_09.172-05_00.jpg,CV2
data/ne2025/device4/2334_LeafPhotoA_2025-09-08 11_02_14.879-05_00.jpg,CV2
data/ne2025/device4/2325_LeafPhotoA_2025-09-08 10_53_09.738-05_00.jpg,CV2
data/ne2025/device4/2302_LeafPhotoA_2025-09-08 10_30_29.450-05_00.jpg,CV2
data/ne2025/device4/2362_LeafPhotoA_2025-09-08 11_31_30.672-05_00.jpg,CV2
data/ne2025/device4/1358_LeafPhotoA_2025-09-08 12_35_55.394-05_00.jpg,CV2
data/ne2025/device4/2361_LeafPhotoA_2025-09-08 11_31_12.171-05_00.jpg,CV2
data/ne2025/device4/1383_LeafPhotoA_2025-09-08 13_03_25.117-05_00.jpg,CV2
data/ne2025/device4/1370_LeafPhotoA_2025-09-08 12_53_00.444-05_00.jpg,CV2
data/ne2025/device4/2347_LeafPhotoA_2025-09-08 11_14_48.020-05_00.jpg,CV2
data/ne2025/device4/1301_LeafPhotoA_2025-09-08 10_19_50.410-05_00.jpg,CV2
data/ne2025/device4/2585_LeafPhotoA_2025-09-09 10_36_30.754-05_00.jpg,CV2
data/ne2025/device4/1346_LeafPhotoA_2025-09-08 10_14_44.618-05_00.jpg,CV2
data/ne2025/device4/2310_LeafPhotoA_2025-09-08 10_38_18.366-05_00.jpg,CV2
data/ne2025/device4/1555_LeafPhotoA_2025-09-09 10_16_41.334-05_00.jpg,CV2
data/ne2025/device4/1587_LeafPhotoA_2025-09-09 09_37_51.582-05_00.jpg,CV2
data/ne2025/device4/2386_LeafPhotoA_2025-09-08 11_56_34.377-05_00.jpg,CV2
data/ne2025/device4/2398_LeafPhotoA_2025-09-08 12_23_24.567-05_00.jpg,CV2
data/ne2025/device4/2393_LeafPhotoA_2025-09-08 12_18_35.288-05_00.jpg,CV2
data/ne2025/device4/2581_LeafPhotoA_2025-09-09 10_39_30.384-05_00.jpg,CV2
data/ne2025/device4/1309_LeafPhotoA_2025-09-08 09_24_37.926-05_00.jpg,CV2
data/ne2025/device4/1391_LeafPhotoA_2025-09-08 13_11_35.950-05_00.jpg,CV2
data/ne2025/device4/1362_LeafPhotoA_2025-09-08 12_41_57.130-05_00.jpg,CV2
data/ne2025/device4/1600_LeafPhotoA_2025-09-09 10_22_02.956-05_00.jpg,CV2
data/ne2025/device4/2854_LeafPhotoA_2025-09-09 15_02_12.395-05_00.jpg,CV2
data/ne2025/device4/1376_LeafPhotoA_2025-09-08 12_59_02.378-05_00.jpg,CV2
data/ne2025/device4/1364_LeafPhotoA_2025-09-08 12_46_15.472-05_00.jpg,CV2
data/ne2025/device4/2337_LeafPhotoA_2025-09-08 11_05_13.063-05_00.jpg,CV2
data/ne2025/device4/1372_LeafPhotoA_2025-09-08 12_54_25.629-05_00.jpg,CV2
data/ne2025/device4/1898_LeafPhotoA_2025-09-09 12_54_33.673-05_00.jpg,CV2
data/ne2025/device4/2877_LeafPhotoA_2025-09-09 14_42_21.535-05_00.jpg,CV2
data/ne2025/device4/2598_LeafPhotoA_2025-09-09 10_24_58.471-05_00.jpg,CV2
data/ne2025/device4/1575_LeafPhotoA_2025-09-09 09_53_55.360-05_00.jpg,CV2
data/ne2025/device4/1570_LeafPhotoA_2025-09-09 10_02_00.700-05_00.jpg,CV2
data/ne2025/device4/2882_LeafPhotoA_2025-09-09 14_08_42.942-05_00.jpg,CV2
data/ne2025/device4/2363_LeafPhotoA_2025-09-08 11_32_49.077-05_00.jpg,CV2
data/ne2025/device4/2328_LeafPhotoA_2025-09-08 10_56_16.059-05_00.jpg,CV2
data/ne2025/device4/1372_LeafPhotoA_2025-09-08 12_54_38.657-05_00.jpg,CV2
data/ne2025/device4/2600_LeafPhotoA_2025-09-09 10_23_58.682-05_00.jpg,CV2
data/ne2025/device4/1327_LeafPhotoA_2025-09-08 09_50_58.746-05_00.jpg,CV2
data/ne2025/device4/1581_LeafPhotoA_2025-09-09 09_43_40.334-05_00.jpg,CV2
data/ne2025/device4/1885_LeafPhotoA_2025-09-09 13_12_51.356-05_00.jpg,CV2
data/ne2025/device4/2329_LeafPhotoA_2025-09-08 10_57_14.098-05_00.jpg,CV2
data/ne2025/device4/1320_LeafPhotoA_2025-09-08 09_42_26.181-05_00.jpg,CV2
data/ne2025/device4/1378_LeafPhotoA_2025-09-08 13_00_09.990-05_00.jpg,SAM3
data/ne2025/device4/2395_LeafPhotoA_2025-09-08 12_20_28.826-05_00.jpg,CV2
data/ne2025/device4/2371_LeafPhotoA_2025-09-08 11_39_40.484-05_00.jpg,CV2
data/ne2025/device4/2391_LeafPhotoA_2025-09-08 12_01_55.589-05_00.jpg,CV2
data/ne2025/device4/2313_LeafPhotoA_2025-09-08 10_41_29.728-05_00.jpg,CV2
data/ne2025/device4/2576_LeafPhotoA_2025-09-09 10_44_25.300-05_00.jpg,CV2
data/ne2025/device4/1564_LeafPhotoA_2025-09-09 10_10_24.159-05_00.jpg,CV2
data/ne2025/device4/2301_LeafPhotoA_2025-09-08 10_23_49.725-05_00.jpg,CV2
data/ne2025/device4/2863_LeafPhotoA_2025-09-09 14_53_58.289-05_00.jpg,CV2
data/ne2025/device4/1389_LeafPhotoA_2025-09-08 13_08_37.035-05_00.jpg,CV2
data/ne2025/device4/1877_LeafPhotoA_2025-09-09 13_21_29.026-05_00.jpg,CV2
data/ne2025/device4/2370_LeafPhotoA_2025-09-08 11_38_56.854-05_00.jpg,CV2
data/ne2025/device4/2867_LeafPhotoA_2025-09-09 14_50_34.297-05_00.jpg,CV2
data/ne2025/device4/2326_LeafPhotoA_2025-09-08 10_54_30.172-05_00.jpg,CV2
data/ne2025/device4/2855_LeafPhotoA_2025-09-09 15_01_16.505-05_00.jpg,CV2
data/ne2025/device4/1391_LeafPhotoA_2025-09-08 13_11_17.073-05_00.jpg,CV2
data/ne2025/device4/1336_LeafPhotoA_2025-09-08 10_04_39.227-05_00.jpg,CV2
data/ne2025/device4/2384_LeafPhotoA_2025-09-08 11_55_15.071-05_00.jpg,CV2
data/ne2025/device4/2346_LeafPhotoA_2025-09-08 11_14_32.498-05_00.jpg,CV2
data/ne2025/device4/2398_LeafPhotoA_2025-09-08 12_23_36.582-05_00.jpg,CV2
data/ne2025/device4/2366_LeafPhotoA_2025-09-08 11_35_02.617-05_00.jpg,CV2
data/ne2025/device4/1326_LeafPhotoA_2025-09-08 09_49_17.811-05_00.jpg,CV2
data/ne2025/device4/2390_LeafPhotoA_2025-09-08 12_01_21.774-05_00.jpg,CV2
data/ne2025/device4/2357_LeafPhotoA_2025-09-08 11_27_46.672-05_00.jpg,CV2
data/ne2025/device4/1379_LeafPhotoA_2025-09-08 13_00_47.446-05_00.jpg,CV2
data/ne2025/device4/1878_LeafPhotoA_2025-09-09 13_20_53.161-05_00.jpg,CV2
data/ne2025/device4/2389_LeafPhotoA_2025-09-08 11_59_40.731-05_00.jpg,CV2
data/ne2025/device4/2339_LeafPhotoA_2025-09-08 11_07_23.379-05_00.jpg,CV2
data/ne2025/device4/2397_LeafPhotoA_2025-09-08 12_22_44.039-05_00.jpg,CV2
data/ne2025/device4/2882_LeafPhotoA_2025-09-09 14_09_03.698-05_00.jpg,CV2
data/ne2025/device4/2591_LeafPhotoA_2025-09-09 10_30_33.033-05_00.jpg,CV2
data/ne2025/device4/2303_LeafPhotoA_2025-09-08 10_31_37.354-05_00.jpg,CV2
data/ne2025/device4/2594_LeafPhotoA_2025-09-09 10_28_33.840-05_00.jpg,CV2
data/ne2025/device4/1889_LeafPhotoA_2025-09-09 13_11_28.788-05_00.jpg,CV2
data/ne2025/device4/1880_LeafPhotoA_2025-09-09 13_18_13.748-05_00.jpg,CV2
data/ne2025/device4/2308_LeafPhotoA_2025-09-08 10_36_53.619-05_00.jpg,CV2
data/ne2025/device4/2585_LeafPhotoA_2025-09-09 10_35_58.662-05_00.jpg,CV2
data/ne2025/device4/1578_LeafPhotoA_2025-09-09 09_51_04.362-05_00.jpg,CV2
data/ne2025/device4/1308_LeafPhotoA_2025-09-08 09_23_10.892-05_00.jpg,CV2
data/ne2025/device4/1314_LeafPhotoA_2025-09-08 09_31_44.782-05_00.jpg,CV2
data/ne2025/device4/1303_LeafPhotoA_2025-09-08 09_17_49.871-05_00.jpg,CV2
data/ne2025/device4/1386_LeafPhotoA_2025-09-08 13_06_28.820-05_00.jpg,CV2
data/ne2025/device4/1578_LeafPhotoA_2025-09-09 09_50_43.842-05_00.jpg,CV2
data/ne2025/device4/1587_LeafPhotoA_2025-09-09 09_38_26.336-05_00.jpg,CV2
data/ne2025/device4/1558_LeafPhotoA_2025-09-09 10_13_47.690-05_00.jpg,CV2
data/ne2025/device4/2321_LeafPhotoA_2025-09-08 10_49_22.045-05_00.jpg,CV2
data/ne2025/device4/2321_LeafPhotoA_2025-09-08 10_49_38.368-05_00.jpg,CV2
data/ne2025/device4/1894_LeafPhotoA_2025-09-09 12_59_06.272-05_00.jpg,CV2
data/ne2025/device4/1334_LeafPhotoA_2025-09-08 10_02_17.468-05_00.jpg,CV2
data/ne2025/device4/1860_LeafPhotoA_2025-09-09 13_36_13.808-05_00.jpg,CV2
data/ne2025/device4/2580_LeafPhotoA_2025-09-09 10_41_01.950-05_00.jpg,CV2
data/ne2025/device4/2356_LeafPhotoA_2025-09-08 11_26_29.241-05_00.jpg,CV2
data/ne2025/device4/1331_LeafPhotoA_2025-09-08 09_58_53.544-05_00.jpg,CV2
data/ne2025/device4/1302_LeafPhotoA_2025-09-08 10_21_01.031-05_00.jpg,CV2
data/ne2025/device4/2317_LeafPhotoA_2025-09-08 10_45_54.278-05_00.jpg,CV2
data/ne2025/device4/1302_LeafPhotoA_2025-09-08 10_22_31.224-05_00.jpg,CV2
data/ne2025/device4/2314_LeafPhotoA_2025-09-08 10_42_26.409-05_00.jpg,CV2
data/ne2025/device4/1365_LeafPhotoA_2025-09-08 12_46_52.460-05_00.jpg,CV2
data/ne2025/device4/2389_LeafPhotoA_2025-09-08 11_59_06.491-05_00.jpg,CV2
data/ne2025/device4/1351_LeafPhotoA_2025-09-08 12_27_34.347-05_00.jpg,CV2
data/ne2025/device4/2366_LeafPhotoA_2025-09-08 11_34_43.010-05_00.jpg,CV2
data/ne2025/device4/1571_LeafPhotoA_2025-09-09 10_00_09.814-05_00.jpg,CV2
data/ne2025/device4/1343_LeafPhotoA_2025-09-08 10_11_32.270-05_00.jpg,CV2
data/ne2025/device4/2388_LeafPhotoA_2025-09-08 11_58_19.980-05_00.jpg,CV2
data/ne2025/device4/2339_LeafPhotoA_2025-09-08 11_07_39.980-05_00.jpg,CV2
data/ne2025/device4/1346_LeafPhotoA_2025-09-08 10_14_27.977-05_00.jpg,CV2
data/ne2025/device4/1573_LeafPhotoA_2025-09-09 09_55_06.241-05_00.jpg,CV2
data/ne2025/device4/2307_LeafPhotoA_2025-09-08 10_35_04.821-05_00.jpg,CV2
data/ne2025/device4/1349_LeafPhotoA_2025-09-08 10_18_15.798-05_00.jpg,CV2
data/ne2025/device4/1882_LeafPhotoA_2025-09-09 13_16_51.402-05_00.jpg,CV2
data/ne2025/device4/1301_LeafPhotoA_2025-09-08 10_20_06.394-05_00.jpg,CV2
data/ne2025/device4/2577_LeafPhotoA_2025-09-09 10_43_58.634-05_00.jpg,CV2
data/ne2025/device4/2316_LeafPhotoA_2025-09-08 10_44_56.764-05_00.jpg,CV2
data/ne2025/device4/1334_LeafPhotoA_2025-09-08 10_01_58.407-05_00.jpg,SAM3
data/ne2025/device4/1896_LeafPhotoA_2025-09-09 12_57_23.415-05_00.jpg,CV2
data/ne2025/device4/1861_LeafPhotoA_2025-09-09 13_35_47.066-05_00.jpg,CV2
data/ne2025/device4/1350_LeafPhotoA_2025-09-08 10_19_29.932-05_00.jpg,CV2
data/ne2025/device4/2367_LeafPhotoA_2025-09-08 11_36_21.785-05_00.jpg,CV2
data/ne2025/device4/1384_LeafPhotoA_2025-09-08 13_03_50.491-05_00.jpg,CV2
data/ne2025/device4/9129_LeafPhotoNotesA_2025-09-08 09_00_07.500-05_00.jpg,CV2
data/ne2025/device4/2887_LeafPhotoA_2025-09-09 14_03_16.714-05_00.jpg,CV2
data/ne2025/device4/1879_LeafPhotoA_2025-09-09 13_18_49.746-05_00.jpg,CV2
data/ne2025/device4/2893_LeafPhotoA_2025-09-09 13_59_36.787-05_00.jpg,Failed
data/ne2025/device4/2866_LeafPhotoA_2025-09-09 14_51_30.250-05_00.jpg,CV2
data/ne2025/device4/2600_LeafPhotoA_2025-09-09 10_24_13.561-05_00.jpg,CV2
data/ne2025/device4/1351_LeafPhotoA_2025-09-08 12_28_03.896-05_00.jpg,CV2
data/ne2025/device4/1898_LeafPhotoA_2025-09-09 12_55_25.546-05_00.jpg,CV2
data/ne2025/device4/1302_LeafPhotoA_2025-09-08 10_21_20.697-05_00.jpg,CV2
data/ne2025/device4/1572_LeafPhotoA_2025-09-09 09_55_57.760-05_00.jpg,CV2
data/ne2025/device4/1356_LeafPhotoA_2025-09-08 12_33_26.204-05_00.jpg,CV2
data/ne2025/device4/2334_LeafPhotoA_2025-09-08 11_02_34.893-05_00.jpg,CV2
data/ne2025/device4/2325_LeafPhotoA_2025-09-08 10_53_41.168-05_00.jpg,CV2
data/ne2025/device4/2886_LeafPhotoA_2025-09-09 14_04_21.298-05_00.jpg,CV2
data/ne2025/device4/1306_LeafPhotoA_2025-09-08 09_21_26.779-05_00.jpg,CV2
data/ne2025/device4/2317_LeafPhotoA_2025-09-08 10_45_32.243-05_00.jpg,CV2
data/ne2025/device4/1565_LeafPhotoA_2025-09-09 10_09_14.010-05_00.jpg,CV2
data/ne2025/device4/2572_LeafPhotoA_2025-09-09 10_48_03.925-05_00.jpg,CV2
data/ne2025/device4/2319_LeafPhotoA_2025-09-08 10_47_34.815-05_00.jpg,CV2
data/ne2025/device4/1357_LeafPhotoA_2025-09-08 12_34_05.972-05_00.jpg,CV2
data/ne2025/device4/1554_LeafPhotoA_2025-09-09 10_18_00.304-05_00.jpg,CV2
data/ne2025/device4/1877_LeafPhotoA_2025-09-09 13_21_11.014-05_00.jpg,CV2
data/ne2025/device4/1859_LeafPhotoA_2025-09-09 13_37_12.958-05_00.jpg,CV2
data/ne2025/device4/1335_LeafPhotoA_2025-09-08 10_03_20.694-05_00.jpg,CV2
data/ne2025/device4/2310_LeafPhotoA_2025-09-08 10_38_03.156-05_00.jpg,CV2
data/ne2025/device4/1594_LeafPhotoA_2025-09-09 09_32_04.545-05_00.jpg,CV2
data/ne2025/device4/1551_LeafPhotoA_2025-09-09 10_21_19.530-05_00.jpg,CV2
data/ne2025/device4/1591_LeafPhotoA_2025-09-09 09_33_52.679-05_00.jpg,CV2
data/ne2025/device4/1350_LeafPhotoA_2025-09-08 10_19_15.288-05_00.jpg,CV2
data/ne2025/device4/2596_LeafPhotoA_2025-09-09 10_26_15.512-05_00.jpg,CV2
data/ne2025/device4/1302_LeafPhotoA_2025-09-08 10_20_46.359-05_00.jpg,CV2
data/ne2025/device4/2557_LeafPhotoA_2025-09-09 11_03_24.662-05_00.jpg,CV2
data/ne2025/device4/1900_LeafPhotoA_2025-09-09 13_46_32.667-05_00.jpg,CV2
data/ne2025/device4/1307_LeafPhotoA_2025-09-08 09_22_33.567-05_00.jpg,CV2
data/ne2025/device4/2894_LeafPhotoA_2025-09-09 13_58_11.834-05_00.jpg,CV2
data/ne2025/device4/1873_LeafPhotoA_2025-09-09 13_24_49.630-05_00.jpg,CV2
data/ne2025/device4/1321_LeafPhotoA_2025-09-08 09_44_03.768-05_00.jpg,CV2
data/ne2025/device4/1552_LeafPhotoA_2025-09-09 10_19_58.469-05_00.jpg,CV2
data/ne2025/device4/1370_LeafPhotoA_2025-09-08 12_52_33.590-05_00.jpg,CV2
data/ne2025/device4/2397_LeafPhotoA_2025-09-08 12_22_15.466-05_00.jpg,CV2
data/ne2025/device4/1879_LeafPhotoA_2025-09-09 13_19_22.623-05_00.jpg,CV2
data/ne2025/device4/2387_LeafPhotoA_2025-09-08 11_57_40.853-05_00.jpg,CV2
data/ne2025/device4/1323_LeafPhotoA_2025-09-08 09_45_23.945-05_00.jpg,CV2
data/ne2025/device4/2302_LeafPhotoA_2025-09-08 10_29_58.116-05_00.jpg,CV2
data/ne2025/device4/2345_LeafPhotoA_2025-09-08 11_13_17.226-05_00.jpg,CV2
data/ne2025/device4/2340_LeafPhotoA_2025-09-08 11_08_03.310-05_00.jpg,CV2
data/ne2025/device4/1373_LeafPhotoA_2025-09-08 12_55_10.349-05_00.jpg,SAM3
data/ne2025/device4/2562_LeafPhotoA_2025-09-09 11_00_06.779-05_00.jpg,CV2
