Unique_ID,Range,Row,Plot ID,Genotype,FLOWERING,Notes,Stand Count
25_9240,2,1,9240,Border,,,
25_9239,2,2,9239,Border,,,
25_9238,2,3,9238,Mixed,,,
25_9237,2,4,9237,Mixed,,,
25_1003,2,5,1003,PI 533981,8/16/2025,,2
25_1004,2,6,1004,Check,8/11/2025,,2
25_1005,2,7,1005,PI 533902,8/21/2025,,
25_1006,2,8,1006,PI 597965,8/11/2025,,
25_1007,2,9,1007,PI 533912,7/25/2025,,
25_1008,2,10,1008,PI 655975,8/11/2025,,
25_1009,2,11,1009,PI 533950,8/8/2025,,
25_1010,2,12,1010,PI 576431,8/8/2025,,
25_1011,2,13,1011,PI 576379,8/14/2025,,
25_1012,2,14,1012,SC0540,8/4/2025,,
25_1013,2,15,1013,PI 533993,8/8/2025,,
25_1014,2,16,1014,SC0834,8/19/2025,chlorosiss,
25_1015,2,17,1015,PI 597959,7/28/2025,,
25_1016,2,18,1016,PI 533825,8/11/2025,,
25_1017,2,19,1017,PI 642791,8/18/2025,,
25_1018,2,20,1018,Check,8/10/2025,,
25_1019,2,21,1019,PI 534082,8/3/2025,,
25_1020,2,22,1020,PI 655999,8/18/2025,,
25_1021,2,23,1021,PI 534129,8/18/2025,,
25_1022,2,24,1022,PI 533985,8/11/2025,,
25_1023,2,25,1023,PI 595717,8/18/2025,,
25_1024,2,26,1024,PI 641874,8/13/2025,,
25_1025,2,27,1025,PI 656091,8/22/2025,,
25_1026,2,28,1026,PI 656070,8/18/2025,,
25_1027,2,29,1027,PI 656040,8/19/2025,,
25_1028,2,30,1028,PI 533767,8/3/2025,,
25_1029,2,31,1029,PI 576393,8/5/2025,,
25_1030,2,32,1030,PI 533899,8/5/2025,,
25_1031,2,33,1031,PI 595728,8/18/2025,,
25_1032,2,34,1032,PI 329440,8/10/2025,,
25_1033,2,35,1033,PI 534021,8/18/2025,,
25_1034,2,36,1034,PI 534120,8/22/2025,,
25_1035,2,37,1035,Check,8/11/2025,,
25_1036,2,38,1036,PI 576400,8/18/2025,,
25_1037,2,39,1037,PI 597943,8/20/2025,,
25_1038,2,40,1038,PI 533768,8/8/2025,,
25_1039,2,41,1039,PI 533980,8/17/2025,,
25_1040,2,42,1040,PI 655995,8/16/2025,,
25_1041,2,43,1041,PI 656042,8/18/2025,,
25_1042,2,44,1042,PI 598069,,,
25_1043,2,45,1043,PI 533852,8/11/2025,,
25_1044,2,46,1044,PI 597952,8/1/2025,,
25_1045,2,47,1045,PI 534140,8/11/2025,,
25_1046,2,48,1046,PI 656035,8/11/2025,,
25_1047,2,49,1047,PI 576435,8/18/2025,,
25_1048,2,50,1048,PI 595741,8/11/2025,Variation in flowering,
25_1049,2,51,1049,PI 656073,8/25/2025,,
25_1050,2,52,1050,PI 576371,8/13/2025,,
25_1001,2,53,1001,PI 533969,8/18/2025,,
25_1002,2,54,1002,PI 534049,8/10/2025,,
25_1099,3,54,1099,PI 656009,8/19/2025,,
25_1100,3,53,1100,PI 656108,7/29/2025,,
25_1051,3,52,1051,Check,8/11/2025,,
25_1052,3,51,1052,PI 534068,8/14/2025,dirs,
25_1053,3,50,1053,PI 534042,7/29/2025,,
25_1054,3,49,1054,PI 656021,7/21/2025,,
25_1055,3,48,1055,PI 576335,8/11/2025,,
25_1056,3,47,1056,PI 576352,8/7/2025,,
25_1057,3,46,1057,PI 597977,7/27/2025,,
25_1058,3,45,1058,SC0445,8/22/2025,,
25_1059,3,44,1059,PI 534146,8/9/2025,missed to collect at right time,
25_1060,3,43,1060,BTx645,8/16/2025,,
25_1061,3,42,1061,PI 656075,8/19/2025,,
25_1062,3,41,1062,PI 533790,7/29/2025,,
25_1063,3,40,1063,PI 576411,8/19/2025,,3
25_1064,3,39,1064,PI 597956,8/11/2025,,
25_1065,3,38,1065,Check,8/10/2025,,4
25_1066,3,37,1066,PI 653617,8/7/2025,,
25_1067,3,36,1067,PI 533846,8/8/2025,,
25_1068,3,35,1068,PI 533901,8/7/2025,,
25_1069,3,34,1069,SC0479,8/20/2025,,
25_1070,3,33,1070,PI 533859,8/20/2025,,
25_1071,3,32,1071,PI 595718,7/30/2025,,
25_1072,3,31,1072,PI 534134,8/15/2025,,
25_1073,3,30,1073,PI 534086,8/15/2025,,
25_1074,3,29,1074,PI 533934,8/13/2025,dirs,
25_1075,3,28,1075,PI 534053,8/11/2025,,
25_1076,3,27,1076,Check,8/8/2025,,
25_1077,3,26,1077,PI 533753,8/11/2025,,
25_1078,3,25,1078,PI 534073,7/30/2025,,
25_1079,3,24,1079,PI 653616,8/21/2025,,
25_1080,3,23,1080,PI 533745,8/1/2025,,
25_1081,3,22,1081,PI 533778,8/2/2025,,
25_1082,3,21,1082,PI 533961,8/12/2025,10% broken plants,
25_1083,3,20,1083,PI 656076,8/18/2025,,
25_1084,3,19,1084,PI 595739,8/18/2025,,
25_1085,3,18,1085,PI 576427,7/30/2025,,
25_1086,3,17,1086,PI 534144,8/18/2025,,
25_1087,3,16,1087,Check,8/12/2025,,
25_1088,3,15,1088,PI 533943,8/18/2025,,4
25_1089,3,14,1089,PI 641849,7/29/2025,,
25_1090,3,13,1090,PI 597969,8/22/2025,,
25_1091,3,12,1091,PI 656028,8/16/2025,,
25_1092,3,11,1092,SC1446,8/1/2025,,
25_1093,3,10,1093,SC0847,8/8/2025,,
25_1094,3,9,1094,PI 655985,8/18/2025,,
25_1095,3,8,1095,PI 533835,8/18/2025,,
25_1096,3,7,1096,PI 576425,8/16/2025,,
25_1097,3,6,1097,PI 534155,8/18/2025,,
25_1098,3,5,1098,PI 534032,8/12/2025,,
25_9244,3,4,9244,Mixed,,,
25_9243,3,3,9243,Mixed,,,
25_9242,3,2,9242,Border,,,
25_9241,3,1,9241,Border,,,
25_9252,4,1,9252,Border,,,
25_9251,4,2,9251,Border,,,
25_9250,4,3,9250,Mixed,,,
25_9249,4,4,9249,Mixed,,,
25_1103,4,5,1103,PI 576417,8/2/2025,,
25_1104,4,6,1104,PI 656038,8/27/2025,,
25_1105,4,7,1105,PI 595735,8/7/2025,,
25_1106,4,8,1106,SC0371,8/12/2025,,
25_1107,4,9,1107,SC0458,8/18/2025,,
25_1108,4,10,1108,PI 533873,8/7/2025,,
25_1109,4,11,1109,Check,8/10/2025,,
25_1110,4,12,1110,PI 533951,8/4/2025,,
25_1111,4,13,1111,PI 656098,7/29/2025,,
25_1112,4,14,1112,PI 24969,8/18/2025,,
25_1113,4,15,1113,PI 598070,8/18/2025,,
25_1114,4,16,1114,SC0860,8/8/2025,,
25_1115,4,17,1115,PI 597972,7/28/2025,,
25_1116,4,18,1116,PI 534135,8/18/2025,,
25_1117,4,19,1117,PI 576365,8/6/2025,,
25_1118,4,20,1118,PI 533988,8/6/2025,,
25_1119,4,21,1119,PI 534100,8/10/2025,,
25_1120,4,22,1120,PI 655987,8/8/2025,,
25_1121,4,23,1121,PI 533968,8/1/2025,,
25_1122,4,24,1122,PI 534069,8/2/2025,,
25_1123,4,25,1123,PI 534002,8/2/2025,,
25_1124,4,26,1124,PI 597945,8/1/2025,,
25_1125,4,27,1125,PI 595708,8/7/2025,,
25_1126,4,28,1126,PI 597981,7/27/2025,,
25_1127,4,29,1127,PI 534153,8/1/2025,,
25_1128,4,30,1128,Check,8/8/2025,,
25_1129,4,31,1129,PI 656046,8/5/2025,,
25_1130,4,32,1130,PI 656067,,,
25_1131,4,33,1131,PI 597947,7/29/2025,,
25_1132,4,34,1132,PI 533759,8/2/2025,,
25_1133,4,35,1133,SC0652,7/29/2025,,
25_1134,4,36,1134,PI 576374,8/20/2025,,
25_1135,4,37,1135,PI 656086,8/8/2025,10% broken,
25_1136,4,38,1136,PI 656105,8/8/2025,,
25_1137,4,39,1137,PI 534121,8/15/2025,,
25_1138,4,40,1138,PI 533841,8/18/2025,,
25_1139,4,41,1139,PI 533920,8/20/2025,,5
25_1140,4,42,1140,PI 533772,8/6/2025,,
25_1141,4,43,1141,PI 533962,8/13/2025,dirs,
25_1142,4,44,1142,PI 595703,8/19/2025,,
25_1143,4,45,1143,SC0871,8/12/2025,,
25_1144,4,46,1144,PI 533817,8/11/2025,,5
25_1145,4,47,1145,Check,8/8/2025,,
25_1146,4,48,1146,PI 533847,8/9/2025,,
25_1147,4,49,1147,PI 533976,8/20/2025,,5
25_1148,4,50,1148,PI 576414,8/11/2025,,5
25_1149,4,51,1149,PI 576378,8/20/2025,,
25_1150,4,52,1150,SC0027,8/13/2025,dirs,
25_1101,4,53,1101,PI 533823,8/4/2025,,
25_1102,4,54,1102,PI 534152,8/12/2025,,
25_1199,5,54,1199,PI 533972,8/18/2025,,
25_1200,5,53,1200,PI 656037,8/14/2025,,
25_1151,5,52,1151,PI 576354,8/13/2025,,
25_1152,5,51,1152,PI 533777,7/31/2025,,
25_1153,5,50,1153,PI 597982,7/25/2025,,
25_1154,5,49,1154,PI 533999,8/15/2025,,
25_1155,5,48,1155,PI 533903,8/5/2025,,
25_1156,5,47,1156,PI 641824,8/20/2025,,
25_1157,5,46,1157,PI 533801,8/20/2025,,
25_1158,5,45,1158,PI 534088,8/16/2025,,
25_1159,5,44,1159,PI 659753,8/20/2025,,
25_1160,5,43,1160,SC0159,8/18/2025,10% broken,
25_1161,5,42,1161,PI 576350,8/3/2025,,
25_1162,5,41,1162,PI 655981,8/12/2025,,
25_1163,5,40,1163,PI 534093,7/29/2025,,
25_1164,5,39,1164,PI 595729,7/28/2025,,
25_1165,5,38,1165,PI 534061,8/4/2025,,
25_1166,5,37,1166,PI 656109,8/4/2025,,
25_1167,5,36,1167,SC0616,8/18/2025,,
25_1168,5,35,1168,PI 534133,7/29/2025,,
25_1169,5,34,1169,PI 534102,8/2/2025,,
25_1170,5,33,1170,PI 534149,8/8/2025,,
25_1171,5,32,1171,PI 533963,8/7/2025,,
25_1172,5,31,1172,PI 276837,,75% broken,
25_1173,5,30,1173,PI 597953,7/27/2025,,
25_1174,5,29,1174,PI 656012,8/18/2025,,
25_1175,5,28,1175,PI 534008,8/8/2025,,
25_1176,5,27,1176,PI 534041,8/19/2025,,
25_1177,5,26,1177,PI 576406,8/15/2025,,
25_1178,5,25,1178,PI 534141,8/18/2025,,
25_1179,5,24,1179,PI 576368,8/11/2025,,
25_1180,5,23,1180,SC0759,7/30/2025,,
25_1181,5,22,1181,PI 533891,8/4/2025,,
25_1182,5,21,1182,PI 533917,8/6/2025,,
25_1183,5,20,1183,PI 534020,8/18/2025,,
25_1184,5,19,1184,PI 576383,7/31/2025,,
25_1185,5,18,1185,PI 629059,8/18/2025,,1
25_1186,5,17,1186,PI 576381,8/11/2025,,
25_1187,5,16,1187,PI 534006,8/18/2025,,4
25_1188,5,15,1188,PI 656003,8/18/2025,,
25_1189,5,14,1189,PI 534077,8/12/2025,,
25_1190,5,13,1190,PI 574455,8/18/2025,,
25_1191,5,12,1191,PI 534143,8/12/2025,,
25_1192,5,11,1192,Check,8/6/2025,,
25_1193,5,10,1193,PI 533848,8/13/2025,,
25_1194,5,9,1194,PI 533866,8/1/2025,,
25_1195,5,8,1195,PI 576362,8/18/2025,,
25_1196,5,7,1196,SC0854,8/2/2025,,
25_1197,5,6,1197,PI 659692,8/18/2025,,
25_1198,5,5,1198,PI 534080,8/1/2025,,
25_9256,5,4,9256,Mixed,,,
25_9255,5,3,9255,Mixed,,,
25_9254,5,2,9254,Border,,,
25_9253,5,1,9253,Border,,,
25_9264,6,1,9264,Border,,,
25_9263,6,2,9263,Border,,,
25_9262,6,3,9262,Mixed,,,
25_9261,6,4,9261,Mixed,,,
25_1203,6,5,1203,SC1166,8/5/2025,,
25_1204,6,6,1204,PI 534038,8/18/2025,,
25_1205,6,7,1205,PI 655991,8/18/2025,,
25_1206,6,8,1206,PI 655992,8/12/2025,,
25_1207,6,9,1207,PI 533855,8/6/2025,,
25_1208,6,10,1208,PI 576416,NA,,0
25_1209,6,11,1209,PI 595736,8/1/2025,,
25_1210,6,12,1210,PI 533878,8/12/2025,,
25_1211,6,13,1211,PI 533890,7/29/2025,,
25_1212,6,14,1212,PI 534083,8/7/2025,,
25_1213,6,15,1213,PI 533800,8/12/2025,,
25_1214,6,16,1214,PI 533763,7/29/2025,,
25_1215,6,17,1215,PI 534118,8/18/2025,,
25_1216,6,18,1216,PI 595714,8/12/2025,,
25_1217,6,19,1217,PI 655974,8/20/2025,,
25_1218,6,20,1218,PI 533931,8/7/2025,,
25_1219,6,21,1219,PI 533822,8/8/2025,,
25_1220,6,22,1220,PI 534060,7/29/2025,,
25_1221,6,23,1221,PI 533839,8/4/2025,,
25_1222,6,24,1222,PI 533789,8/11/2025,,
25_1223,6,25,1223,PI 655983,8/20/2025,,
25_1224,6,26,1224,Check,8/7/2025,,
25_1225,6,27,1225,SC0965,7/30/2025,,
25_1226,6,28,1226,Check,8/6/2025,,
25_1227,6,29,1227,PI 595710,8/18/2025,,
25_1228,6,30,1228,PI 576351,7/30/2025,,
25_1229,6,31,1229,PI 656077,7/31/2025,,
25_1230,6,32,1230,PI 656010,8/19/2025,,
25_1231,6,33,1231,PI 533843,8/11/2025,,
25_1232,6,34,1232,PI 533872,7/30/2025,,
25_1233,6,35,1233,PI 576410,8/8/2025,,
25_1234,6,36,1234,SC0921,8/15/2025,,
25_1235,6,37,1235,PI 533932,8/18/2025,,5
25_1236,6,38,1236,PI 534030,8/13/2025,,
25_1237,6,39,1237,PI 656015,8/14/2025,,
25_1238,6,40,1238,PI 534014,8/18/2025,,
25_1239,6,41,1239,PI 533746,8/1/2025,,
25_1240,6,42,1240,PI 576363,8/13/2025,,
25_1241,6,43,1241,PI 533975,8/4/2025,,
25_1242,6,44,1242,SC0631,8/4/2025,,
25_1243,6,45,1243,Check,8/10/2025,,
25_1244,6,46,1244,PI 656102,8/8/2025,,
25_1245,6,47,1245,PI 534127,8/18/2025,,
25_1246,6,48,1246,PI 533956,8/12/2025,,
25_1247,6,49,1247,PI 533856,8/12/2025,,
25_1248,6,50,1248,PI 534055,8/4/2025,,
25_1249,6,51,1249,PI 595727,8/6/2025,,
25_1250,6,52,1250,Check,8/9/2025,,
25_1201,6,53,1201,PI 548797,8/18/2025,,
25_1202,6,54,1202,PI 576356,8/8/2025,,
25_1299,7,54,1299,Check,8/7/2025,,
25_1300,7,53,1300,SC0438,8/5/2025,,
25_1251,7,52,1251,SC0747,8/3/2025,,
25_1252,7,51,1252,PI 655971,8/1/2025,,
25_1253,7,50,1253,PI 534108,8/7/2025,,
25_1254,7,49,1254,PI 655970,8/18/2025,50%broken,
25_1255,7,48,1255,SC0895,8/15/2025,,
25_1256,7,47,1256,PI 656113,8/5/2025,,
25_1257,7,46,1257,SC0235,8/18/2025,,
25_1258,7,45,1258,PI 533996,8/4/2025,,
25_1259,7,44,1259,PI 595725,7/31/2025,,
25_1260,7,43,1260,PI 576428,8/11/2025,"not captured, right time",
25_1261,7,42,1261,PI 534131,8/18/2025,,
25_1262,7,41,1262,Check,8/10/2025,,
25_1263,7,40,1263,SC0923,8/19/2025,,
25_1264,7,39,1264,PI 533861,8/18/2025,,
25_1265,7,38,1265,PI 534071,7/30/2025,,
25_1266,7,37,1266,PI 656058,8/15/2025,,5
25_1267,7,36,1267,PI 576336,7/31/2025,,
25_1268,7,35,1268,Check,8/5/2025,,
25_1269,7,34,1269,PI 534057,8/5/2025,,
25_1270,7,33,1270,PI 533796,8/4/2025,,
25_1271,7,32,1271,PI 533982,8/15/2025,,
25_1272,7,31,1272,SC0582,8/18/2025,,
25_1273,7,30,1273,PI 533849,8/1/2025,,
25_1274,7,29,1274,PI 656006,8/16/2025,,
25_1275,7,28,1275,SC0741,8/8/2025,10%root lodging,
25_1276,7,27,1276,PI 576419,7/27/2025,,
25_1277,7,26,1277,SC0636,8/18/2025,,
25_1278,7,25,1278,PI 576413,8/4/2025,,
25_1279,7,24,1279,PI 595733,8/10/2025,,
25_1280,7,23,1280,PI 564165,8/18/2025,,
25_1281,7,22,1281,PI 533896,8/1/2025,,2
25_1282,7,21,1282,Check,8/7/2025,,
25_1283,7,20,1283,PI 534165,8/16/2025,,1
25_1284,7,19,1284,PI 534062,8/18/2025,,
25_1285,7,18,1285,PI 655986,8/15/2025,,
25_1286,7,17,1286,PI 534089,8/18/2025,,3
25_1287,7,16,1287,PI 533857,8/15/2025,,
25_1288,7,15,1288,PI 534160,8/18/2025,,
25_1289,7,14,1289,Check,8/10/2025,,5
25_1290,7,13,1290,PI 533850,8/18/2025,,
25_1291,7,12,1291,SC0870,8/20/2025,,
25_1292,7,11,1292,PI 656052,8/18/2025,,
25_1293,7,10,1293,PI 656072,8/18/2025,,5
25_1294,7,9,1294,PI 534119,8/13/2025,,
25_1295,7,8,1295,PI 533888,8/15/2025,,
25_1296,7,7,1296,PI 534027,8/20/2025,,
25_1297,7,6,1297,SC0178,8/20/2025,,
25_1298,7,5,1298,PI 534138,8/5/2025,,
25_9268,7,4,9268,Mixed,,,
25_9267,7,3,9267,Mixed,,,
25_9266,7,2,9266,Border,,,
25_9265,7,1,9265,Border,,,
25_9276,8,1,9276,Border,,,
25_9275,8,2,9275,Border,,,
25_9274,8,3,9274,Mixed,,,
25_9273,8,4,9273,Mixed,,,
25_1303,8,5,1303,PI 656031,8/8/2025,,
25_1304,8,6,1304,PI 533879,8/11/2025,,3
25_1305,8,7,1305,PI 597961,8/12/2025,,
25_1306,8,8,1306,PI 533851,8/14/2025,,
25_1307,8,9,1307,PI 534036,8/18/2025,,
25_1308,8,10,1308,PI 534048,8/18/2025,,
25_1309,8,11,1309,PI 534147,7/31/2025,,
25_1310,8,12,1310,PI 534122,8/15/2025,,
25_1311,8,13,1311,PI 656101,7/28/2025,,
25_1312,8,14,1312,PI 534009,8/21/2025,,
25_1313,8,15,1313,SC0604,8/8/2025,,
25_1314,8,16,1314,PI 595719,8/18/2025,,
25_1315,8,17,1315,Check,8/10/2025,,
25_1316,8,18,1316,PI 597968,8/11/2025,,
25_1317,8,19,1317,Check,8/10/2025,,
25_1318,8,20,1318,PI 595732,8/10/2025,,
25_1319,8,21,1319,PI 576389,8/10/2025,,
25_1320,8,22,1320,PI 534005,8/17/2025,,
25_1321,8,23,1321,PI 533807,8/11/2025,,5
25_1322,8,24,1322,PI 655978,8/11/2025,,
25_1323,8,25,1323,PI 656065,8/8/2025,,
25_1324,8,26,1324,PI 534022,8/16/2025,,
25_1325,8,27,1325,PI 655977,8/10/2025,,2
25_1326,8,28,1326,PI 656017,9/3/2025,,
25_1327,8,29,1327,PI 533978,7/31/2025,,
25_1328,8,30,1328,SC0547,NA,,0
25_1329,8,31,1329,PI 533871,8/11/2025,,
25_1330,8,32,1330,PI 595740,8/18/2025,,3
25_1331,8,33,1331,PI 576401,8/17/2025,,
25_1332,8,34,1332,PI 533986,8/1/2025,,
25_1333,8,35,1333,PI 533776,8/6/2025,,
25_1334,8,36,1334,PI 533948,8/11/2025,,2
25_1335,8,37,1335,PI 597975,8/4/2025,,2
25_1336,8,38,1336,PI 576437,8/15/2025,,
25_1337,8,39,1337,PI 597978,8/9/2025,,
25_1338,8,40,1338,PI 542718,8/7/2025,,
25_1339,8,41,1339,PI 597949,8/20/2025,,
25_1340,8,42,1340,PI 533755,8/16/2025,,
25_1341,8,43,1341,PI 656053,8/10/2025,,
25_1342,8,44,1342,PI 595721,8/2/2025,,
25_1343,8,45,1343,Check,8/6/2025,,
25_1344,8,46,1344,SC0247,8/13/2025,,
25_1345,8,47,1345,PI 533936,8/17/2025,,
25_1346,8,48,1346,PI 534095,7/29/2025,,3
25_1347,8,49,1347,Check,8/9/2025,,
25_1348,8,50,1348,PI 597967,8/11/2025,,
25_1349,8,51,1349,PI 534157,8/20/2025,,
25_1350,8,52,1350,PI 576380,8/18/2025,,
25_1301,8,53,1301,Check,8/8/2025,,
25_1302,8,54,1302,PI 656018,8/16/2025,,
25_1399,9,54,1399,PI 533854,8/16/2025,,
25_1400,9,53,1400,PI 576337,8/7/2025,,
25_1351,9,52,1351,PI 533782,7/20/2025,,
25_1352,9,51,1352,PI 595745,8/12/2025,,
25_1353,9,50,1353,SC0914,8/13/2025,,
25_1354,9,49,1354,PI 656088,8/5/2025,,
25_1355,9,48,1355,PI 533913,8/8/2025,,3
25_1356,9,47,1356,PI 595702,8/12/2025,,
25_1357,9,46,1357,SC1170,7/30/2025,,
25_1358,9,45,1358,PI 656103,8/7/2025,,
25_1359,9,44,1359,PI 576423,8/15/2025,,
25_1360,9,43,1360,PI 597979,8/2/2025,,
25_1361,9,42,1361,Check,8/8/2025,,
25_1362,9,41,1362,PI 576360,8/15/2025,,
25_1363,9,40,1363,PI 534166,8/2/2025,,
25_1364,9,39,1364,PI 533818,7/31/2025,,
25_1365,9,38,1365,SC0156,8/16/2025,,
25_1366,9,37,1366,PI 533813,8/11/2025,,5
25_1367,9,36,1367,PI 595712,8/13/2025,,
25_1368,9,35,1368,SC0777,8/10/2025,,
25_1369,9,34,1369,PI 533894,8/1/2025,,
25_1370,9,33,1370,PI 656093,8/16/2025,,
25_1371,9,32,1371,PI 533876,7/26/2025,,
25_1372,9,31,1372,Check,8/11/2025,,2
25_1373,9,30,1373,PI 534040,8/11/2025,,3
25_1374,9,29,1374,PI 534016,8/15/2025,,
25_1375,9,28,1375,SC1442,8/5/2025,,
25_1376,9,27,1376,PI 533819,7/31/2025,,
25_1377,9,26,1377,PI 533938,8/12/2025,,
25_1378,9,25,1378,PI 533928,8/19/2025,,2
25_1379,9,24,1379,Check,8/9/2025,,
25_1380,9,23,1380,PI 597964,NA,,0
25_1381,9,22,1381,PI 656071,8/17/2025,,
25_1382,9,21,1382,PI 533974,NA,,0
25_1383,9,20,1383,PI 655982,8/6/2025,missed to capture on right time,
25_1384,9,19,1384,SC0287,7/29/2025,,
25_1385,9,18,1385,PI 595704,8/15/2025,,
25_1386,9,17,1386,PI 659691,8/21/2025,,
25_1387,9,16,1387,PI 564163,8/8/2025,,
25_1388,9,15,1388,PI 576418,8/18/2025,,
25_1389,9,14,1389,PI 533916,8/10/2025,dirs,
25_1390,9,13,1390,PI 656066,,,
25_1391,9,12,1391,PI 534087,7/29/2025,,
25_1392,9,11,1392,PI 597971,8/5/2025,,
25_1393,9,10,1393,PI 656023,8/15/2025,,
25_1394,9,9,1394,PI 533870,7/29/2025,,
25_1395,9,8,1395,PI 656104,8/10/2025,,
25_1396,9,7,1396,Fill,8/8/2025,,
25_1397,9,6,1397,PI 533877,8/19/2025,,
25_1398,9,5,1398,SC0041,8/3/2025,,
25_9280,9,4,9280,Mixed,,,
25_9279,9,3,9279,Mixed,,,
25_9278,9,2,9278,Border,,,
25_9277,9,1,9277,Border,,,
25_9288,10,1,9288,Border,,,
25_9287,10,2,9287,Border,,,
25_9286,10,3,9286,Mixed,,,
25_9285,10,4,9285,Mixed,,,
25_1403,10,5,1403,PI 533915,8/3/2025,,
25_1404,10,6,1404,PI 533816,8/14/2025,,
25_1405,10,7,1405,PI 533774,8/6/2025,,
25_1406,10,8,1406,PI 533991,8/18/2025,,
25_1407,10,9,1407,PI 533984,8/18/2025,,
25_1408,10,10,1408,Check,8/17/2025,,
25_1409,10,11,1409,PI 656106,8/13/2025,,
25_1410,10,12,1410,PI 533897,8/6/2025,,
25_1411,10,13,1411,PI 656001,8/16/2025,,
25_1412,10,14,1412,BTx399,8/8/2025,,
25_1413,10,15,1413,PI 533930,8/5/2025,,
25_1414,10,16,1414,PI 540816,8/18/2025,,4
25_1415,10,17,1415,PI 534001,8/17/2025,,5
25_1416,10,18,1416,PI 533803,7/22/2025,,
25_1417,10,19,1417,PI 533983,8/17/2025,,
25_1418,10,20,1418,PI 597976,8/7/2025,,
25_1419,10,21,1419,PI 576392,8/7/2025,,
25_1420,10,22,1420,PI 656060,8/15/2025,,
25_1421,10,23,1421,PI 533808,8/13/2025,,3
25_1422,10,24,1422,PI 534123,8/20/2025,,
25_1423,10,25,1423,PI 534142,8/4/2025,,
25_1424,10,26,1424,PI 576349,8/7/2025,,
25_1425,10,27,1425,PI 655980,8/5/2025,,
25_1426,10,28,1426,PI 534010,8/16/2025,,
25_1427,10,29,1427,PI 533905,8/18/2025,,2
25_1428,10,30,1428,PI 533886,8/3/2025,,4
25_1429,10,31,1429,PI 534158,8/13/2025,,
25_1430,10,32,1430,PI 656094,8/20/2025,,
25_1431,10,33,1431,PI 595711,8/16/2025,,
25_1432,10,34,1432,PI 655996,8/13/2025,,
25_1433,10,35,1433,Check,8/8/2025,,
25_1434,10,36,1434,PI 533831,8/20/2025,,
25_1435,10,37,1435,PI 533942,8/14/2025,,
25_1436,10,38,1436,PI 534145,8/7/2025,,
25_1437,10,39,1437,PI 576421,8/8/2025,LMK,
25_1438,10,40,1438,PI 655989,8/15/2025,,
25_1439,10,41,1439,PI 576339,8/5/2025,,
25_1440,10,42,1440,PI 656020,8/15/2025,,
25_1441,10,43,1441,PI 595705,8/6/2025,,2
25_1442,10,44,1442,PI 533994,8/15/2025,,
25_1443,10,45,1443,PI 153846,8/6/2025,,
25_1444,10,46,1444,PI 576387,8/8/2025,,
25_1445,10,47,1445,PI 576366,8/13/2025,,
25_1446,10,48,1446,PI 533979,8/8/2025,,
25_1447,10,49,1447,PI 153844,8/18/2025,,
25_1448,10,50,1448,PI 656090,8/7/2025,,
25_1449,10,51,1449,SC0463,8/18/2025,,
25_1450,10,52,1450,PI 534128,8/18/2025,,
25_1401,10,53,1401,PI 595731,8/13/2025,,
25_1402,10,54,1402,SC0877,8/7/2025,,
25_1499,11,54,1499,PI 533756,8/4/2025,missed to capture at right time,
25_1500,11,53,1500,PI 656014,8/13/2025,,4
25_1451,11,52,1451,PI 534017,8/7/2025,,
25_1452,11,51,1452,PI 533794,8/12/2025,,
25_1453,11,50,1453,PI 533964,8/17/2025,,
25_1454,11,49,1454,PI 534039,8/3/2025,,
25_1455,11,48,1455,PI 656034,8/17/2025,,
25_1456,11,47,1456,SC0191,8/6/2025,,
25_1457,11,46,1457,Check,8/11/2025,,
25_1458,11,45,1458,SC0297,7/31/2025,,2
25_1459,11,44,1459,PI 533904,8/15/2025,,
25_1460,11,43,1460,PI 595743,8/19/2025,,
25_1461,11,42,1461,Check,8/9/2025,,
25_1462,11,41,1462,PI 534054,8/20/2025,,
25_1463,11,40,1463,PI 561073,8/19/2025,,
25_1464,11,39,1464,PI 534034,8/14/2025,,
25_1465,11,38,1465,PI 597958,8/8/2025,,
25_1466,11,37,1466,PI 656100,8/20/2025,,
25_1467,11,36,1467,Check,8/9/2025,,
25_1468,11,35,1468,SC0618,8/16/2025,,
25_1469,11,34,1469,PI 656054,,,
25_1470,11,33,1470,PI 656036,8/17/2025,,
25_1471,11,32,1471,PI 533765,8/8/2025,,
25_1472,11,31,1472,PI 48770,8/13/2025,,
25_1473,11,30,1473,SC0263,8/15/2025,,
25_1474,11,29,1474,PI 597966,8/6/2025,,
25_1475,11,28,1475,SC1024,8/15/2025,,
25_1476,11,27,1476,PI 533987,8/1/2025,,
25_1477,11,26,1477,PI 656118,8/16/2025,,
25_1478,11,25,1478,PI 534136,8/17/2025,,
25_1479,11,24,1479,PI 576409,7/29/2025,,
25_1480,11,23,1480,PI 595724,8/9/2025,,
25_1481,11,22,1481,PI 576402,8/18/2025,,
25_1482,11,21,1482,PI 534159,8/19/2025,,
25_1483,11,20,1483,PI 534076,8/4/2025,,
25_1484,11,19,1484,PI 534094,8/2/2025,,
25_1485,11,18,1485,PI 534056,8/13/2025,,
25_1486,11,17,1486,PI 534106,8/15/2025,,
25_1487,11,16,1487,PI 533834,8/20/2025,,
25_1488,11,15,1488,PI 533781,7/30/2025,,5
25_1489,11,14,1489,PI 533935,8/8/2025,,
25_1490,11,13,1490,PI 613536,8/4/2025,,
25_1491,11,12,1491,PI 533953,8/10/2025,,
25_1492,11,11,1492,Check,8/7/2025,,
25_1493,11,10,1493,PI 534125,8/17/2025,,3
25_1494,11,9,1494,SC1133,7/29/2025,,
25_1495,11,8,1495,SC0550,8/13/2025,,2
25_1496,11,7,1496,Check,8/10/2025,,
25_1497,11,6,1497,PI 659695,8/16/2025,,
25_1498,11,5,1498,PI 533929,8/7/2025,,
25_9292,11,4,9292,Mixed,,,
25_9291,11,3,9291,Mixed,,,
25_9290,11,2,9290,Border,,,
25_9289,11,1,9289,Border,,,
25_9300,12,1,9300,Border,,,
25_9299,12,2,9299,Border,,,
25_9298,12,3,9298,Mixed,,,
25_9297,12,4,9297,Mixed,,,
25_1503,12,5,1503,PI 533769,8/1/2025,,
25_1504,12,6,1504,PI 656112,8/12/2025,,
25_1505,12,7,1505,PI 656033,8/19/2025,,
25_1506,12,8,1506,PI 576373,8/20/2025,,1
25_1507,12,9,1507,PI 656116,8/2/2025,,
25_1508,12,10,1508,SC0201,8/16/2025,,
25_1509,12,11,1509,PI 576404,7/27/2025,,
25_1510,12,12,1510,PI 629040,8/11/2025,,
25_1511,12,13,1511,SC0517,7/30/2025,,
25_1512,12,14,1512,PI 534050,8/9/2025,missed to capture in time,
25_1513,12,15,1513,PI 534099,8/9/2025,,
25_1514,12,16,1514,PI 597962,8/20/2025,,
25_1515,12,17,1515,SC0003,8/5/2025,,
25_1516,12,18,1516,PI 656002,8/16/2025,,
25_1517,12,19,1517,Check,8/5/2025,,
25_1518,12,20,1518,PI 533914,8/11/2025,,
25_1519,12,21,1519,PI 656044,8/13/2025,,
25_1520,12,22,1520,PI 576394,8/15/2025,,
25_1521,12,23,1521,PI 533880,8/4/2025,,2
25_1522,12,24,1522,Check,8/7/2025,,
25_1523,12,25,1523,PI 533833,8/6/2025,,
25_1524,12,26,1524,SC1120,8/5/2025,,
25_1525,12,27,1525,PI 576359,8/15/2025,,
25_1526,12,28,1526,PI 656095,7/31/2025,,
25_1527,12,29,1527,Check,8/7/2025,,
25_1528,12,30,1528,PI 656013,8/7/2025,,
25_1529,12,31,1529,PI 533965,8/4/2025,,
25_1530,12,32,1530,PI 656107,8/15/2025,chlorosis,
25_1531,12,33,1531,PI 534028,8/14/2025,,
25_1532,12,34,1532,PI 576390,8/1/2025,,
25_1533,12,35,1533,PI 534070,7/30/2025,,
25_1534,12,36,1534,PI 533786,8/13/2025,,1
25_1535,12,37,1535,PI 534031,8/17/2025,,
25_1536,12,38,1536,PI 576412,8/18/2025,,2
25_1537,12,39,1537,PI 533762,8/4/2025,,
25_1538,12,40,1538,PI 533791,7/29/2025,,
25_1539,12,41,1539,PI 533787,8/1/2025,,
25_1540,12,42,1540,PI 533773,8/5/2025,,
25_1541,12,43,1541,PI 595723,8/5/2025,50%root lodging,
25_1542,12,44,1542,PI 656025,8/1/2025,,
25_1543,12,45,1543,PI 576355,8/3/2025,,
25_1544,12,46,1544,PI 534111,8/6/2025,,
25_1545,12,47,1545,PI 656120,8/5/2025,,
25_1546,12,48,1546,PI 576331,8/14/2025,,
25_1547,12,49,1547,SC0814,8/13/2025,,
25_1548,12,50,1548,SC0276,7/29/2025,,
25_1549,12,51,1549,PI 533864,7/28/2025,,
25_1550,12,52,1550,PI 533824,8/17/2025,,
25_1501,12,53,1501,PI 534139,8/8/2025,,
25_1502,12,54,1502,SC1193,8/11/2025,,
25_1599,13,54,1599,PI 534164,8/14/2025,difficult to capture the right stagey7,
25_1600,13,53,1600,PI 656063,8/17/2025,,5
25_1551,13,52,1551,Check,8/10/2025,,
25_1552,13,51,1552,PI 576430,7/29/2025,,
25_1553,13,50,1553,PI 597973,8/18/2025,,
25_1554,13,49,1554,PI 533885,7/29/2025,,
25_1555,13,48,1555,PI 597954,8/6/2025,,
25_1556,13,47,1556,PI 533926,7/28/2025,,
25_1557,13,46,1557,PI 576370,8/12/2025,,
25_1558,13,45,1558,PI 534037,8/4/2025,,
25_1559,13,44,1559,PI 533887,7/31/2025,100%root lodging,
25_1560,13,43,1560,PI 576353,8/15/2025,,
25_1561,13,42,1561,PI 534107,8/5/2025,,
25_1562,13,41,1562,PI 576426,8/18/2025,,
25_1563,13,40,1563,PI 656114,8/8/2025,,
25_1564,13,39,1564,SC0713,7/29/2025,,
25_1565,13,38,1565,PI 656097,8/15/2025,,
25_1566,13,37,1566,PI 534154,8/20/2025,,2
25_1567,13,36,1567,PI 576332,8/4/2025,,5
25_1568,13,35,1568,PI 533867,8/11/2025,,
25_1569,13,34,1569,PI 534011,8/18/2025,,
25_1570,13,33,1570,PI 534148,8/21/2025,,
25_1571,13,32,1571,PI 655997,8/18/2025,,
25_1572,13,31,1572,SC0436,8/13/2025,DIRS(difficult to identify right stage),
25_1573,13,30,1573,PI 533829,8/16/2025,,
25_1574,13,29,1574,PI 597955,8/8/2025,,
25_1575,13,28,1575,PI 659694,8/15/2025,,
25_1576,13,27,1576,PI 534110,8/9/2025,,
25_1577,13,26,1577,PI 534113,8/13/2025,,
25_1578,13,25,1578,PI 534044,8/6/2025,,
25_1579,13,24,1579,PI 656092,8/21/2025,,
25_1580,13,23,1580,PI 533995,7/29/2025,,
25_1581,13,22,1581,PI 597974,7/29/2025,,
25_1582,13,21,1582,PI 533998,7/29/2025,,
25_1583,13,20,1583,PI 329435,8/17/2025,,
25_1584,13,19,1584,PI 533906,8/18/2025,,
25_1585,13,18,1585,PI 534126,8/20/2025,,
25_1586,13,17,1586,PI 533792,8/1/2025,,
25_1587,13,16,1587,SC0542,8/5/2025,,
25_1588,13,15,1588,Check,8/5/2025,,
25_1589,13,14,1589,PI 533971,8/5/2025,,
25_1590,13,13,1590,PI 533766,8/6/2025,,
25_1591,13,12,1591,SC0470,8/4/2025,,
25_1592,13,11,1592,PI 533882,8/18/2025,,1
25_1593,13,10,1593,PI 576364,8/5/2025,,
25_1594,13,9,1594,PI 533939,7/30/2025,,
25_1595,13,8,1595,PI 659693,7/29/2025,,
25_1596,13,7,1596,PI 576329,8/18/2025,,
25_1597,13,6,1597,PI 656048,8/18/2025,,
25_1598,13,5,1598,PI 534004,8/13/2025,,
25_9304,13,4,9304,Mixed,,,
25_9303,13,3,9303,Mixed,,,
25_9302,13,2,9302,Border,,,
25_9301,13,1,9301,Border,,,
25_9312,14,1,9312,Border,,,
25_9311,14,2,9311,Border,,,
25_9310,14,3,9310,Mixed,,,
25_9309,14,4,9309,Mixed,,,
25_1603,14,5,1603,PI 533893,8/8/2025,,
25_1604,14,6,1604,PI 576344,8/13/2025,,5
25_1605,14,7,1605,PI 576369,8/17/2025,,
25_1606,14,8,1606,PI 533908,8/17/2025,,
25_1607,14,9,1607,SC0150,8/14/2025,,
25_1608,14,10,1608,PI 534079,7/30/2025,,
25_1609,14,11,1609,SC0249,8/3/2025,,
25_1610,14,12,1610,PI 534137,8/4/2025,,
25_1611,14,13,1611,PI 534114,8/16/2025,,
25_1612,14,14,1612,PI 595734,8/6/2025,,
25_1613,14,15,1613,PI 534074,8/5/2025,,
25_1614,14,16,1614,PI 656083,8/4/2025,,
25_1615,14,17,1615,SC0556,8/4/2025,,
25_1616,14,18,1616,PI 552861,8/18/2025,,
25_1617,14,19,1617,PI 534167,8/12/2025,,
25_1618,14,20,1618,Check,8/10/2025,,
25_1619,14,21,1619,PI 534090,7/30/2025,,
25_1620,14,22,1620,PI 656057,8/22/2025,,
25_1621,14,23,1621,PI 534163,8/13/2025,,
25_1622,14,24,1622,PI 595720,8/4/2025,,
25_1623,14,25,1623,SC0999,8/17/2025,,5
25_1624,14,26,1624,PI 656056,8/13/2025,,
25_1625,14,27,1625,PI 534026,8/8/2025,,
25_1626,14,28,1626,Check,8/4/2025,,
25_1627,14,29,1627,PI 533958,8/16/2025,,
25_1628,14,30,1628,PI 533751,8/12/2025,,
25_1629,14,31,1629,PI 533802,8/1/2025,,
25_1630,14,32,1630,PI 534117,8/1/2025,,
25_1631,14,33,1631,PI 533837,8/12/2025,,3
25_1632,14,34,1632,PI 17548,8/4/2025,,
25_1633,14,35,1633,PI 533798,8/6/2025,,
25_1634,14,36,1634,PI 642998,8/8/2025,data captured late,
25_1635,14,37,1635,PI 576330,8/14/2025,,2
25_1636,14,38,1636,PI 656008,8/15/2025,,
25_1637,14,39,1637,PI 534052,8/14/2025,,
25_1638,14,40,1638,PI 534035,8/18/2025,,
25_1639,14,41,1639,PI 656089,8/2/2025,,
25_1640,14,42,1640,PI 533966,8/14/2025,,
25_1641,14,43,1641,PI 534161,8/21/2025,,
25_1642,14,44,1642,PI 534063,8/11/2025,,
25_1643,14,45,1643,PI 35038,8/15/2025,,
25_1644,14,46,1644,BTx643,8/10/2025,,
25_1645,14,47,1645,PI 534103,8/8/2025,,
25_1646,14,48,1646,PI 656051,8/17/2025,,
25_1647,14,49,1647,PI 533883,7/31/2025,,
25_1648,14,50,1648,PI 534151,8/16/2025,,
25_1649,14,51,1649,PI 533909,8/12/2025,,
25_1650,14,52,1650,PI 533949,8/8/2025,,
25_1601,14,53,1601,Check,8/8/2025,,
25_1602,14,54,1602,PI 656005,8/12/2025,,
25_1699,15,54,1699,PI 656084,8/12/2025,"not captured, right time",
25_1700,15,53,1700,PI 609456,8/24/2025,,
25_1651,15,52,1651,PI 533795,8/17/2025,,3
25_1652,15,51,1652,Check,8/10/2025,,
25_1653,15,50,1653,PI 533954,8/2/2025,,
25_1654,15,49,1654,SC0409,8/4/2025,,
25_1655,15,48,1655,PI 576399,8/5/2025,,
25_1656,15,47,1656,PI 534084,7/27/2025,,
25_1657,15,46,1657,PI 656004,8/12/2025,,
25_1658,15,45,1658,PI 533780,8/13/2025,,
25_1659,15,44,1659,PI 576372,8/16/2025,,
25_1660,15,43,1660,PI 533832,8/7/2025,,
25_1661,15,42,1661,PI 656078,8/10/2025,,
25_1662,15,41,1662,PI 533967,8/15/2025,,
25_1663,15,40,1663,Check,8/8/2025,,
25_1664,15,39,1664,PI 534003,8/16/2025,,
25_1665,15,38,1665,PI 656087,8/6/2025,,
25_1666,15,37,1666,PI 534130,8/20/2025,,4
25_1667,15,36,1667,SC1178,7/30/2025,,
25_1668,15,35,1668,PI 576396,8/16/2025,,
25_1669,15,34,1669,PI 533922,8/19/2025,,
25_1670,15,33,1670,Check,8/8/2025,,
25_1671,15,32,1671,PI 533940,8/12/2025,dirs,
25_1672,15,31,1672,PI 534065,8/4/2025,,
25_1673,15,30,1673,PI 534115,8/11/2025,,
25_1674,15,29,1674,PI 656047,8/20/2025,,
25_1675,15,28,1675,SC0640,8/7/2025,,
25_1676,15,27,1676,PI 533805,8/7/2025,,
25_1677,15,26,1677,Check,8/7/2025,,
25_1678,15,25,1678,PI 534081,8/8/2025,,
25_1679,15,24,1679,PI 534066,8/7/2025,,
25_1680,15,23,1680,PI 656043,8/20/2025,,
25_1681,15,22,1681,SC1097,8/19/2025,,
25_1682,15,21,1682,PI 533788,7/30/2025,,
25_1683,15,20,1683,PI 534098,8/8/2025,,
25_1684,15,19,1684,PI 533845,8/8/2025,,
25_1685,15,18,1685,PI 534112,8/11/2025,,
25_1686,15,17,1686,PI 576375,8/13/2025,,
25_1687,15,16,1687,PI 534162,8/8/2025,,5
25_1688,15,15,1688,PI 533970,8/8/2025,,
25_1689,15,14,1689,SC0190,8/7/2025,,
25_1690,15,13,1690,PI 533779,8/2/2025,,
25_1691,15,12,1691,PI 656080,8/7/2025,,
25_1692,15,11,1692,PI 533924,8/17/2025,,
25_1693,15,10,1693,PI 534116,7/30/2025,,
25_1694,15,9,1694,PI 576433,8/17/2025,,
25_1695,15,8,1695,PI 533992,8/18/2025,,
25_1696,15,7,1696,PI 576395,8/8/2025,,
25_1697,15,6,1697,PI 533907,8/22/2025,,
25_1698,15,5,1698,SC0179,8/8/2025,,
25_9316,15,4,9316,Mixed,,,
25_9315,15,3,9315,Mixed,,,
25_9314,15,2,9314,Border,,,
25_9313,15,1,9313,Border,,,
25_9324,16,1,9324,Border,,,
25_9323,16,2,9323,Border,,,
25_9322,16,3,9322,Mixed,,,
25_9321,16,4,9321,Mixed,,,
25_1703,16,5,1703,SC0581,,,
25_1704,16,6,1704,PI 656059,8/18/2025,,
25_1705,16,7,1705,PI 656119,7/29/2025,,
25_1706,16,8,1706,Check,8/12/2025,,
25_1707,16,9,1707,PI 533747,8/1/2025,,
25_1708,16,10,1708,PI 533810,8/18/2025,,
25_1709,16,11,1709,PI 656074,8/6/2025,,
25_1710,16,12,1710,PI 656085,7/30/2025,,
25_1711,16,13,1711,PI 576361,8/9/2025,,
25_1712,16,14,1712,SC0521,7/27/2025,,
25_1713,16,15,1713,PI 533874,8/2/2025,,
25_1714,16,16,1714,SC0138,8/12/2025,,
25_1715,16,17,1715,Check,8/10/2025,,
25_1716,16,18,1716,PI 534104,8/12/2025,DIRS,
25_1717,16,19,1717,SC0685,7/29/2025,,
25_1718,16,20,1718,PI 595700,8/17/2025,,
25_1719,16,21,1719,PI 534067,8/4/2025,,
25_1720,16,22,1720,PI 656117,8/11/2025,,
25_1721,16,23,1721,PI 533749,8/15/2025,,
25_1722,16,24,1722,PI 533947,8/22/2025,,
25_1723,16,25,1723,PI 533844,8/20/2025,,
25_1724,16,26,1724,SC0893,8/15/2025,,
25_1725,16,27,1725,PI 561071,8/19/2025,,
25_1726,16,28,1726,PI 576367,8/10/2025,,
25_1727,16,29,1727,PI 642992,8/15/2025,,
25_1728,16,30,1728,PI 659696,8/10/2025,,
25_1729,16,31,1729,PI 534101,8/13/2025,,
25_1730,16,32,1730,PI 533809,8/12/2025,missed to capture at the right time,
25_1731,16,33,1731,PI 533750,8/25/2025,,
25_1732,16,34,1732,PI 656050,8/11/2025,,
25_1733,16,35,1733,PI 576338,8/11/2025,,
25_1734,16,36,1734,PI 656121,8/1/2025,,
25_1735,16,37,1735,PI 533815,8/6/2025,,
25_1736,16,38,1736,PI 576333,8/17/2025,,
25_1737,16,39,1737,PI 597946,8/4/2025,,
25_1738,16,40,1738,PI 533911,8/11/2025,,
25_1739,16,41,1739,PI 656019,8/4/2025,,
25_1740,16,42,1740,SC0157,8/15/2025,,
25_1741,16,43,1741,PI 533758,8/11/2025,,
25_1742,16,44,1742,PI 656111,8/16/2025,,
25_1743,16,45,1743,Check,8/9/2025,,
25_1744,16,46,1744,PI 576424,8/22/2025,,
25_1745,16,47,1745,PI 533828,8/4/2025,,
25_1746,16,48,1746,PI 534132,8/15/2025,,
25_1747,16,49,1747,PI 533959,8/4/2025,,
25_1748,16,50,1748,PI 656061,8/19/2025,,
25_1749,16,51,1749,PI 533941,8/1/2025,,
25_1750,16,52,1750,PI 576415,7/30/2025,,
25_1701,16,53,1701,PI 576398,8/16/2025,,
25_1702,16,54,1702,PI 533869,8/19/2025,,
25_1799,17,54,1799,PI 655998,8/22/2025,"3 plants flowered, and REMANING 4PLANTS ARE STUNTED",
25_1800,17,53,1800,PI 533785,8/1/2025,,
25_1751,17,52,1751,PI 656082,8/18/2025,,
25_1752,17,51,1752,PI 534024,8/20/2025,,
25_1753,17,50,1753,PI 534092,8/13/2025,,
25_1754,17,49,1754,PI 533862,7/23/2025,,
25_1755,17,48,1755,PI 533830,7/28/2025,,
25_1756,17,47,1756,PI 607931,8/20/2025,,
25_1757,17,46,1757,PI 656115,8/11/2025,,
25_1758,17,45,1758,SC0343,8/12/2025,,
25_1759,17,44,1759,PI 595744,8/1/2025,missed at right time,
25_1760,17,43,1760,PI 597980,8/4/2025,,
25_1761,17,42,1761,PI 533865,8/11/2025,,
25_1762,17,41,1762,PI 576397,8/10/2025,,
25_1763,17,40,1763,SC0456,8/13/2025,,
25_1764,17,39,1764,SC1058,8/12/2025,dirs,
25_1765,17,38,1765,PI 533804,7/24/2025,,
25_1766,17,37,1766,SC0092,NA,,
25_1767,17,36,1767,PI 533793,NA,,
25_1768,17,35,1768,PI 576376,8/13/2025,,
25_1769,17,34,1769,Check,8/8/2025,,
25_1770,17,33,1770,PI 595709,8/8/2025,,
25_1771,17,32,1771,PI 533811,8/7/2025,,
25_1772,17,31,1772,PI 576345,8/20/2025,,
25_1773,17,30,1773,PI 576130,9/3/2025,,
25_1774,17,29,1774,SC0868,8/6/2025,,
25_1775,17,28,1775,PI 534096,7/29/2025,,
25_1776,17,27,1776,PI 533977,8/17/2025,,
25_1777,17,26,1777,SC0551,8/6/2025,,
25_1778,17,25,1778,PI 576436,8/10/2025,,
25_1779,17,24,1779,Check,8/9/2025,,
25_1780,17,23,1780,PI 533775,8/7/2025,,
25_1781,17,22,1781,PI 595748,8/17/2025,,
25_1782,17,21,1782,PI 576434,8/20/2025,,
25_1783,17,20,1783,PI 656081,7/30/2025,,
25_1784,17,19,1784,PI 22326,8/19/2025,,
25_1785,17,18,1785,SC0412,8/5/2025,,
25_1786,17,17,1786,PI 651492,8/16/2025,,
25_1787,17,16,1787,PI 533760,8/17/2025,,
25_1788,17,15,1788,PI 533757,8/11/2025,,
25_1789,17,14,1789,PI 656011,8/20/2025,,
25_1790,17,13,1790,PI 656022,8/13/2025,,
25_1791,17,12,1791,PI 534064,8/2/2025,,
25_1792,17,11,1792,PI 561072,8/3/2025,,
25_1793,17,10,1793,PI 533853,8/20/2025,DiRS,
25_1794,17,9,1794,Check,8/11/2025,,
25_1795,17,8,1795,PI 34911,8/19/2025,,
25_1796,17,7,1796,SC0848,8/7/2025,,
25_1797,17,6,1797,PI 656096,8/4/2025,,
25_1798,17,5,1798,PI 656110,8/17/2025,,
25_9328,17,4,9328,Mixed,,,
25_9327,17,3,9327,Mixed,,,
25_9326,17,2,9326,Border,,,
25_9325,17,1,9325,Border,,,
25_9336,18,1,9336,Border,,,
25_9335,18,2,9335,Border,,,
25_9334,18,3,9334,Mixed,,,
25_9333,18,4,9333,Mixed,,,
25_1803,18,5,1803,PI 533842,8/20/2025,,
25_1804,18,6,1804,PI 533814,8/20/2025,,
25_1805,18,7,1805,PI 534033,8/18/2025,,
25_1806,18,8,1806,PI 576385,8/5/2025,,
25_1807,18,9,1807,PI 534150,8/18/2025,,
25_1808,18,10,1808,PI 656049,8/15/2025,,
25_1809,18,11,1809,SC0837,8/15/2025,,
25_1810,18,12,1810,SC1119,8/4/2025,,
25_1811,18,13,1811,PI 534015,8/11/2025,,
25_1812,18,14,1812,Check,8/10/2025,,
25_1813,18,15,1813,PI 533860,8/15/2025,,
25_1814,18,16,1814,PI 533910,8/16/2025,,
25_1815,18,17,1815,PI 534013,8/11/2025,,
25_1816,18,18,1816,PI 656041,8/15/2025,,
25_1817,18,19,1817,PI 655990,8/5/2025,,
25_1818,18,20,1818,PI 533933,8/15/2025,,
25_1819,18,21,1819,PI 533997,8/4/2025,,
25_1820,18,22,1820,PI 534018,8/11/2025,,
25_1821,18,23,1821,PI 533770,8/2/2025,,
25_1822,18,24,1822,PI 533827,8/15/2025,,
25_1823,18,25,1823,SC0314,8/11/2025,,
25_1824,18,26,1824,PI 533812,8/15/2025,,
25_1825,18,27,1825,PI 656068,8/17/2025,,
25_1826,18,28,1826,PI 533858,8/17/2025,,
25_1827,18,29,1827,Check,8/8/2025,,
25_1828,18,30,1828,PI 601816,8/20/2025,75%broken,
25_1829,18,31,1829,PI 656055,8/15/2025,,
25_1830,18,32,1830,PI 533925,8/20/2025,,
25_1831,18,33,1831,PI 655972,8/15/2025,,
25_1832,18,34,1832,PI 533840,8/4/2025,,
25_1833,18,35,1833,PI 533836,8/15/2025,,
25_1834,18,36,1834,PI 534124,8/19/2025,,
25_1835,18,37,1835,PI 534059,8/4/2025,,
25_1836,18,38,1836,PI 533918,8/8/2025,,
25_1837,18,39,1837,PI 533960,8/9/2025,dirs,
25_1838,18,40,1838,SC0602,8/17/2025,,
25_1839,18,41,1839,PI 534085,7/30/2025,,
25_1840,18,42,1840,SC0615,7/30/2025,,
25_1841,18,43,1841,SC0753,8/4/2025,,
25_1842,18,44,1842,PI 576328,8/9/2025,,
25_1843,18,45,1843,PI 585291,8/19/2025,,
25_1844,18,46,1844,PI 564164,8/18/2025,,
25_1845,18,47,1845,PI 597944,8/18/2025,,
25_1846,18,48,1846,PI 576347,7/28/2025,,
25_1847,18,49,1847,PI 597950,8/16/2025,,
25_1848,18,50,1848,PI 153852,8/13/2025,,
25_1849,18,51,1849,PI 534097,8/13/2025,,
25_1850,18,52,1850,PI 651496,8/22/2025,50%broken,
25_1801,18,53,1801,PI 642793,8/9/2025,,
25_1802,18,54,1802,PI 656024,8/19/2025,,
25_1899,19,54,1899,Check,8/9/2025,,
25_1900,19,53,1900,PI 533944,8/6/2025,,
25_1851,19,52,1851,PI 576341,7/31/2025,,
25_1852,19,51,1852,PI 655988,8/9/2025,,
25_1853,19,50,1853,PI 552856,8/8/2025,,
25_1854,19,49,1854,PI 656079,8/7/2025,dirs,
25_1855,19,48,1855,Check,8/7/2025,,
25_1856,19,47,1856,Check,8/9/2025,,
25_1857,19,46,1857,PI 656027,8/12/2025,,
25_1858,19,45,1858,PI 595746,8/18/2025,,
25_1859,19,44,1859,PI 656029,8/15/2025,,
25_1860,19,43,1860,PI 576422,8/11/2025,,
25_1861,19,42,1861,PI 533838,7/28/2025,,
25_1862,19,41,1862,Check,8/8/2025,,
25_1863,19,40,1863,PI 533764,8/13/2025,,
25_1864,19,39,1864,SC1082,7/29/2025,,
25_1865,19,38,1865,PI 576405,8/18/2025,dirs,
25_1866,19,37,1866,PI 576420,7/30/2025,,
25_1867,19,36,1867,PI 576407,8/9/2025,,
25_1868,19,35,1868,PI 595747,8/7/2025,,
25_1869,19,34,1869,PI 533927,8/19/2025,,
25_1870,19,33,1870,PI 595726,8/11/2025,,
25_1871,19,32,1871,SC0236,8/15/2025,,
25_1872,19,31,1872,PI 533957,8/11/2025,,
25_1873,19,30,1873,PI 534046,8/1/2025,,
25_1874,19,29,1874,PI 533889,8/8/2025,,
25_1875,19,28,1875,PI 595742,8/15/2025,,
25_1876,19,27,1876,PI 533900,8/4/2025,,
25_1877,19,26,1877,SC0823,8/15/2025,,
25_1878,19,25,1878,SC1216,8/18/2025,,
25_1879,19,24,1879,PI 565121,8/6/2025,missed to capture,
25_1880,19,23,1880,PI 534072,8/7/2025,,
25_1881,19,22,1881,PI 566819,8/20/2025,75%broken,
25_1882,19,21,1882,PI 656069,8/21/2025,,
25_1883,19,20,1883,PI 576432,7/29/2025,,
25_1884,19,19,1884,Check,8/7/2025,,
25_1885,19,18,1885,PI 533895,8/5/2025,,
25_1886,19,17,1886,PI 656030,7/25/2025,,
25_1887,19,16,1887,SC0505,8/18/2025,,
25_1888,19,15,1888,SC0878,8/11/2025,,
25_1889,19,14,1889,PI 534075,8/1/2025,,
25_1890,19,13,1890,PI 533863,8/10/2025,,
25_1891,19,12,1891,PI 655973,8/18/2025,,
25_1892,19,11,1892,PI 576358,8/18/2025,,
25_1893,19,10,1893,PI 595713,8/13/2025,dirs,
25_1894,19,9,1894,PI 656000,8/12/2025,,
25_1895,19,8,1895,Fill,8/8/2025,,
25_1896,19,7,1896,PI 534091,7/30/2025,,
25_1897,19,6,1897,SC0858,8/12/2025,missed capture at the right time,
25_1898,19,5,1898,PI 533937,8/3/2025,,
25_9340,19,4,9340,Mixed,,,
25_9339,19,3,9339,Mixed,,,
25_9338,19,2,9338,Border,,,
25_9337,19,1,9337,Border,,,
25_9348,20,1,9348,Border,,,
25_9347,20,2,9347,Border,,,
25_9346,20,3,9346,Mixed,,,
25_9345,20,4,9345,Mixed,,,
25_1903,20,5,1903,PI 576403,8/15/2025,,
25_1904,20,6,1904,PI 152651,7/27/2025,,
25_1905,20,7,1905,Check,8/12/2025,,
25_1906,20,8,1906,PI 533881,8/4/2025,,
25_1907,20,9,1907,PI 533921,8/8/2025,,
25_1908,20,10,1908,PI 655994,8/6/2025,,
25_1909,20,11,1909,PI 533923,8/1/2025,,
25_1910,20,12,1910,PI 576382,7/30/2025,,
25_1911,20,13,1911,PI 656007,8/16/2025,,
25_1912,20,14,1912,PI 641836,8/7/2025,,
25_1913,20,15,1913,PI 595722,8/13/2025,,
25_1914,20,16,1914,PI 576342,8/1/2025,,
25_1915,20,17,1915,SC0448,8/21/2025,,
25_1916,20,18,1916,PI 533989,8/12/2025,,
25_1917,20,19,1917,PI 533898,7/27/2025,,
25_1918,20,20,1918,PI 595730,8/12/2025,,
25_1919,20,21,1919,PI 595737,8/6/2025,,
25_1920,20,22,1920,PI 534047,7/29/2025,,
25_1921,20,23,1921,PI 533884,8/7/2025,,
25_1922,20,24,1922,Check,8/11/2025,,
25_1923,20,25,1923,PI 533919,8/16/2025,,
25_1924,20,26,1924,PI 656032,8/29/2025,,
25_1925,20,27,1925,PI 534105,8/7/2025,,
25_1926,20,28,1926,PI 533761,8/18/2025,,
25_1927,20,29,1927,PI 576340,8/11/2025,,
25_1928,20,30,1928,SC1021,8/18/2025,,
25_1929,20,31,1929,PI 534058,7/30/2025,,
25_1930,20,32,1930,PI 595699,8/19/2025,,
25_1931,20,33,1931,PI 533973,8/18/2025,,
25_1932,20,34,1932,SC0864,8/1/2025,25%root lodging,
25_1933,20,35,1933,PI 534051,8/12/2025,,
25_1934,20,36,1934,PI 595706,8/6/2025,,
25_1935,20,37,1935,PI 533955,8/4/2025,,
25_1936,20,38,1936,PI 576348,8/5/2025,,
25_1937,20,39,1937,PI 597970,8/5/2025,,
25_1938,20,40,1938,SC0400,7/29/2025,,
25_1939,20,41,1939,PI 534025,8/18/2025,,
25_1940,20,42,1940,PI 576357,8/9/2025,missed on right time,
25_1941,20,43,1941,PI 533797,8/18/2025,,
25_1942,20,44,1942,PI 533783,7/29/2025,,
25_1943,20,45,1943,PI 655984,8/8/2025,,
25_1944,20,46,1944,PI 576334,8/1/2025,,
25_1945,20,47,1945,PI 597963,8/18/2025,,
25_1946,20,48,1946,PI 585295,8/13/2025,,
25_1947,20,49,1947,PI 533990,8/1/2025,,
25_1948,20,50,1948,PI 533952,8/12/2025,,
25_1949,20,51,1949,PI 534045,8/2/2025,,
25_1950,20,52,1950,PI 533752,8/10/2025,,
25_1901,20,53,1901,PI 534109,8/7/2025,,
25_1902,20,54,1902,PI 576408,8/8/2025,,
25_1999,21,54,1999,PI 576391,8/12/2025,,
25_9351,21,53,9351,Border,8/4/2025,,
25_1951,21,52,1951,PI 533821,8/10/2025,missed,
25_1952,21,51,1952,Check,8/7/2025,,
25_1953,21,50,1953,PI 576377,8/4/2025,,
25_1954,21,49,1954,PI 576343,8/4/2025,,
25_1955,21,48,1955,PI 656064,,,
25_1956,21,47,1956,PI 534043,8/12/2025,,
25_1957,21,46,1957,Check,8/10/2025,,
25_1958,21,45,1958,PI 595738,8/10/2025,,
25_1959,21,44,1959,PI 533754,8/3/2025,,
25_1960,21,43,1960,PI 534000,8/4/2025,,
25_1961,21,42,1961,PI 597960,8/7/2025,missed to capture,
25_1962,21,41,1962,PI 533820,8/20/2025,,
25_1963,21,40,1963,SC0266,7/28/2025,,
25_1964,21,39,1964,Check,8/8/2025,,
25_1965,21,38,1965,PI 595716,7/31/2025,,
25_1966,21,37,1966,PI 656039,8/14/2025,,
25_1967,21,36,1967,PI 542406,8/25/2025,,
25_1968,21,35,1968,PI 533784,7/31/2025,,
25_1969,21,34,1969,Check,8/8/2025,,
25_1970,21,33,1970,PI 534023,8/19/2025,,
25_1971,21,32,1971,Check,8/10/2025,,
25_1972,21,31,1972,PI 576386,8/11/2025,,
25_1973,21,30,1973,PI 656099,8/1/2025,,
25_1974,21,29,1974,PI 576346,7/29/2025,,
25_1975,21,28,1975,PI 561472,8/14/2025,,
25_1976,21,27,1976,PI 534078,7/30/2025,,
25_1977,21,26,1977,PI 597951,8/4/2025,,
25_1978,21,25,1978,PI 656026,8/13/2025,,
25_1979,21,24,1979,PI 656062,8/20/2025,,
25_1980,21,23,1980,PI 655976,8/4/2025,,
25_1981,21,22,1981,PI 629034,8/10/2025,,
25_1982,21,21,1982,Check,8/8/2025,,
25_1983,21,20,1983,SC1107,8/4/2025,,
25_1984,21,19,1984,PI 655979,8/3/2025,,
25_1985,21,18,1985,PI 534007,8/2/2025,,
25_1986,21,17,1986,SC1023,8/7/2025,,
25_1987,21,16,1987,PI 595701,8/7/2025,,
25_1988,21,15,1988,Check,8/11/2025,,
25_1989,21,14,1989,PI 534019,8/18/2025,,
25_1990,21,13,1990,PI 576429,8/2/2025,,
25_1991,21,12,1991,Check,8/11/2025,,
25_1992,21,11,1992,PI 656016,8/4/2025,,
25_1993,21,10,1993,PI 533771,8/5/2025,,
25_1994,21,9,1994,PI 534156,8/19/2025,,
25_1995,21,8,1995,PI 533946,8/18/2025,,
25_1996,21,7,1996,PI 533799,8/17/2025,,
25_1997,21,6,1997,PI 597957,8/7/2025,,
25_1998,21,5,1998,SC1114,8/4/2025,,
25_9353,21,4,9353,Mixed,,,
25_9352,21,3,9352,Mixed,,,
25_9350,21,2,9350,Border,,,
25_9349,21,1,9349,Border,,,
25_9362,22,1,9362,Border,,,
25_9361,22,2,9361,Border,,,
25_9360,22,3,9360,Mixed,,,
25_9359,22,4,9359,Mixed,,,
25_5003,22,5,5003,Fill,8/9/2025,,
25_5004,22,6,5004,PI 555457,8/19/2025,,
25_5005,22,7,5005,PI 605726,8/13/2025,,
25_5006,22,8,5006,Fill,8/11/2025,,
25_5007,22,9,5007,PI 601555,8/11/2025,,
25_5008,22,10,5008,PI 554650,8/5/2025,,
25_5009,22,11,5009,PI 594355,8/19/2025,,
25_5010,22,12,5010,PI 574407,8/15/2025,,
25_5011,22,13,5011,Fill,8/9/2025,,
25_5012,22,14,5012,Fill,8/9/2025,,
25_5013,22,15,5013,Fill,8/9/2025,,
25_5014,22,16,5014,PI 613610,8/9/2025,,
25_5015,22,17,5015,PI 554654,8/9/2025,,
25_5016,22,18,5016,PI 562623,8/20/2025,,
25_5017,22,19,5017,PI 554646,8/15/2025,,
25_5018,22,20,5018,PI 606788,8/10/2025,,
25_5019,22,21,5019,PI 596332,8/13/2025,,
25_5020,22,22,5020,PI 596567,8/27/2025,,
25_5021,22,23,5021,PI 601557,8/18/2025,,
25_5022,22,24,5022,PI 561926,8/8/2025,,
25_5023,22,25,5023,PI 613611,7/29/2025,,
25_5024,22,26,5024,Fill,8/10/2025,,
25_5025,22,27,5025,PI 554648,8/18/2025,,
25_5026,22,28,5026,PI 602599,8/15/2025,,
25_5027,22,29,5027,PI 574398,8/15/2025,,
25_5028,22,30,5028,PI 613613,8/15/2025,,
25_5029,22,31,5029,PI 619402,8/13/2025,,
25_5030,22,32,5030,PI 605724,8/10/2025,,
25_5031,22,33,5031,PI 543247,8/16/2025,,
25_5032,22,34,5032,PI 601415,8/10/2025,,
25_5033,22,35,5033,PI 554649,8/20/2025,,
25_5034,22,36,5034,PI 603983,8/19/2025,,
25_5035,22,37,5035,PI 574397,8/2/2025,,
25_5036,22,38,5036,Fill,8/9/2025,,
25_5037,22,39,5037,PI 601744,8/10/2025,,
25_5038,22,40,5038,PI 605725,8/18/2025,,
25_5039,22,41,5039,PI 601743,8/15/2025,,
25_5040,22,42,5040,PI 605723,8/15/2025,,
25_5041,22,43,5041,PI 601756,8/15/2025,,
25_5042,22,44,5042,PI 613612,8/1/2025,,
25_5043,22,45,5043,Fill,8/8/2025,,
25_5044,22,46,5044,PI 543243,8/11/2025,,
25_5045,22,47,5045,PI 601556,8/7/2025,,
25_5046,22,48,5046,PI 601553,8/11/2025,,
25_5047,22,49,5047,Fill,8/5/2025,,
25_5048,22,50,5048,PI 601716,7/30/2025,,
25_5049,22,51,5049,PI 602600,8/1/2025,,
25_5050,22,52,5050,PI 601721,8/15/2025,,
25_5001,22,53,5001,PI 544069,8/4/2025,,
25_5002,22,54,5002,PI 601554,8/19/2025,,
