plotNumber,Rep,date,genotype,A,B,score_average,Comment,Group
1001,1,813,PI 533969,1.5,1.5,1.5,,A
1002,1,813,PI 534049,1.5,1.5,1.5,,A
1003,1,813,PI 533981,2,2,2,,A
1004,1,813,Check,2,2,2,,A
1005,1,813,PI 533902,2,2,2,,A
1006,1,813,PI 597965,2.5,2,2.25,NLB,A
1007,1,813,PI 533912,1.5,1.5,1.5,,A
1008,1,813,PI 655975,1.5,1.5,1.5,NLB,A
1009,1,813,PI 533950,2,2,2,,A
1010,1,813,PI 576431,2,1.5,1.75,,A
1011,1,813,PI 576379,2,2,2,,A
1012,1,813,SC0540,3,2.5,2.75,,A
1013,1,813,PI 533993,1,1,1,,A
1014,1,813,SC0834,4.5,4,4.25,,A
1015,1,813,PI 597959,1.5,1,1.25,,A
1016,1,813,PI 533825,3.5,3,3.25,,A
1017,1,813,PI 642791,2,3,2.5,,A
1018,1,813,Check,1.5,1.5,1.5,,A
1019,1,813,PI 534082,2,3,2.5,,A
1020,1,813,PI 655999,2,1.5,1.75,Not anthracnose,A
1021,1,813,PI 534129,2.5,2,2.25,,A
1022,1,813,PI 533985,1.5,2,1.75,,A
1023,1,813,PI 595717,1.5,1.5,1.5,,A
1024,1,813,PI 641874,4,3,3.5,,A
1025,1,813,PI 656091,1,1,1,,A
1026,1,813,PI 656070,1.5,1.5,1.5,,A
1027,1,813,PI 656040,1.5,1,1.25,,A
1028,1,813,PI 533767,1.5,1.5,1.5,,A
1029,1,813,PI 576393,2,2,2,,A
1030,1,813,PI 533899,2,2,2,,A
1031,1,813,PI 595728,2.5,3,2.75,NLB,A
1032,1,813,PI 329440,3,2,2.5,Not anthracnose,A
1033,1,813,PI 534021,2.5,2,2.25,,A
1034,1,813,PI 534120,2.5,2.5,2.5,,A
1035,1,813,Check,3,2.5,2.75,,A
1036,1,813,PI 576400,4,4,4,,A
1037,1,813,PI 597943,3,2.5,2.75,,A
1038,1,813,PI 533768,1.5,2,1.75,,A
1039,1,813,PI 533980,2,2,2,,A
1040,1,813,PI 655995,1.5,2,1.75,,A
1041,1,813,PI 656042,3,2.5,2.75,NLB,A
1042,1,813,PI 598069,2.5,2.5,2.5,Lesions,A
1043,1,813,PI 533852,4,4,4,NLB,A
1044,1,813,PI 597952,2.5,3,2.75,,A
1045,1,813,PI 534140,3,3,3,,A
1046,1,813,PI 656035,2,2.5,2.25,,A
1047,1,813,PI 576435,2.5,2,2.25,,A
1048,1,813,PI 595741,2,1.5,1.75,,A
1049,1,813,PI 656073,1.5,1.5,1.5,,A
1050,1,813,PI 576371,3,2,2.5,NLB,A
1051,1,813,Check,2.5,2,2.25,,A
1052,1,813,PI 534068,3,2.5,2.75,,A
1053,1,813,PI 534042,3.5,2,2.75,,A
1054,1,813,PI 656021,2,2.5,2.25,,A
1055,1,813,PI 576335,3.5,3,3.25,,A
1056,1,813,PI 576352,2.5,2,2.25,,A
1057,1,813,PI 597977,4.5,4.5,4.5,,A
1058,1,813,SC0445,3.5,3,3.25,NLB + Anth,A
1059,1,813,PI 534146,2,2,2,,A
1060,1,813,BTx645,1.5,1,1.25,,A
1061,1,813,PI 656075,1,1,1,,A
1062,1,813,PI 533790,3.5,3,3.25,,A
1063,1,813,PI 576411,1.5,2,1.75,,A
1064,1,813,PI 597956,4,4,4,,A
1065,1,813,Check,3,2.5,2.75,,A
1066,1,813,PI 653617,3.5,3.5,3.5,,A
1067,1,813,PI 533846,3.5,3,3.25,,A
1068,1,813,PI 533901,4,4,4,,A
1069,1,813,SC0479,2.5,2.5,2.5,,A
1070,1,813,PI 533859,3.5,3,3.25,,A
1071,1,813,PI 595718,4,3.5,3.75,,A
1072,1,813,PI 534134,3,2.5,2.75,,A
1073,1,813,PI 534086,2.5,3,2.75,,A
1074,1,813,PI 533934,2.5,3,2.75,,A
1075,1,813,PI 534053,1.5,2.5,2,,A
1076,1,813,Check,1.5,1.5,1.5,,A
1077,1,813,PI 533753,3,2.5,2.75,,A
1078,1,813,PI 534073,4,3.5,3.75,,A
1079,1,813,PI 653616,3,4,3.5,,A
1080,1,813,PI 533745,4,4,4,,A
1081,1,813,PI 533778,3,3.5,3.25,,A
1082,1,813,PI 533961,3,3,3,,A
1083,1,813,PI 656076,1.5,2,1.75,,A
1084,1,813,PI 595739,1.5,2,1.75,,A
1085,1,813,PI 576427,2,2,2,,A
1086,1,813,PI 534144,2,2,2,,A
1087,1,813,Check,2,1.5,1.75,,A
1088,1,813,PI 533943,2.5,3,2.75,,A
1089,1,813,PI 641849,2.5,3,2.75,,A
1090,1,813,PI 597969,1.5,2.5,2,,A
1091,1,813,PI 656028,1.5,2,1.75,,A
1092,1,813,SC1446,2,2,2,,A
1093,1,813,SC0847,4.5,4.5,4.5,,A
1094,1,813,PI 655985,2.5,2,2.25,,A
1095,1,813,PI 533835,2,2,2,,A
1096,1,813,PI 576425,2,2,2,,A
1097,1,813,PI 534155,2.5,2,2.25,,A
1098,1,813,PI 534032,2.5,2,2.25,,A
1099,1,813,PI 656009,2.5,2,2.25,,A
1100,1,813,PI 656108,5,2.5,3.75,,A
1101,1,813,PI 533823,4,4,4,,A
1102,1,813,PI 534152,1.5,2.5,2,,A
1103,1,813,PI 576417,2.5,2.5,2.5,,A
1104,1,813,PI 656038,2.5,3,2.75,,A
1105,1,813,PI 595735,2,2.5,2.25,,A
1106,1,813,SC0371,2,3,2.5,,A
1107,1,813,SC0458,2.5,2,2.25,,A
1108,1,813,PI 533873,1.5,2,1.75,,A
1109,1,813,Check,3,2.5,2.75,,A
1110,1,813,PI 533951,3,2.5,2.75,,A
1111,1,813,PI 656098,2,2.5,2.25,,A
1112,1,813,PI 24969,3,2.5,2.75,chlorotic steaks,A
1113,1,813,PI 598070,3.5,3.5,3.5,,A
1114,1,813,SC0860,3.5,3,3.25,,A
1115,1,813,PI 597972,2.5,2.5,2.5,,A
1116,1,813,PI 534135,1.5,1.5,1.5,,A
1117,1,813,PI 576365,3.5,2.5,3,,A
1118,1,813,PI 533988,2,2,2,,A
1119,1,813,PI 534100,3,2,2.5,,A
1120,1,813,PI 655987,3.5,3,3.25,,A
1121,1,813,PI 533968,2,2.5,2.25,,A
1122,1,813,PI 534069,3,3,3,,A
1123,1,813,PI 534002,3,3,3,,A
1124,1,813,PI 597945,1.5,2,1.75,,A
1125,1,813,PI 595708,4,4,4,,A
1126,1,813,PI 597981,3.5,3.5,3.5,,A
1127,1,813,PI 534153,3.5,3.5,3.5,,A
1128,1,813,Check,1.5,2.5,2,,A
1129,1,813,PI 656046,4,4,4,rusty color-not rust,A
1130,1,813,PI 656067,3.5,4,3.75,,A
1131,1,813,PI 597947,2,2.5,2.25,,A
1132,1,813,PI 533759,3,2.5,2.75,,A
1133,1,813,SC0652,2.5,3,2.75,,A
1134,1,813,PI 576374,1.5,2.5,2,,A
1135,1,813,PI 656086,2,2,2,,A
1136,1,813,PI 656105,3,3,3,,A
1137,1,813,PI 534121,2.5,2.5,2.5,,A
1138,1,813,PI 533841,2,3,2.5,,A
1139,1,813,PI 533920,1.5,2,1.75,,A
1140,1,813,PI 533772,2,2.5,2.25,,A
1141,1,813,PI 533962,2,2,2,,A
1142,1,813,PI 595703,3,3.5,3.25,,A
1143,1,813,SC0871,4,4,4,,A
1144,1,813,PI 533817,3.5,4,3.75,,A
1145,1,813,Check,2,2,2,,A
1146,1,813,PI 533847,3,2.5,2.75,,A
1147,1,813,PI 533976,2.5,2,2.25,,A
1148,1,813,PI 576414,3.5,3.5,3.5,,A
1149,1,813,PI 576378,3,3,3,,A
1150,1,813,SC0027,3,4,3.5,,A
1151,1,813,PI 576354,3,2.5,2.75,,A
1152,1,813,PI 533777,2.5,2.5,2.5,,A
1153,1,813,PI 597982,2,2,2,,A
1154,1,813,PI 533999,2.5,2.5,2.5,,A
1155,1,813,PI 533903,2.5,2.5,2.5,,A
1156,1,813,PI 641824,3,3.5,3.25,,A
1157,1,813,PI 533801,2.5,2,2.25,,A
1158,1,813,PI 534088,3,2.5,2.75,,A
1159,1,813,PI 659753,3,2.5,2.75,,A
1160,1,813,SC0159,4.5,4,4.25,,A
1161,1,813,PI 576350,3,2,2.5,,A
1162,1,813,PI 655981,1.5,2.5,2,,A
1163,1,813,PI 534093,4,3,3.5,,A
1164,1,813,PI 595729,1.5,2.5,2,,A
1165,1,813,PI 534061,1.5,2,1.75,,A
1166,1,813,PI 656109,3,2.5,2.75,,A
1167,1,813,SC0616,2.5,2.5,2.5,,A
1168,1,813,PI 534133,2,2.5,2.25,,A
1169,1,813,PI 534102,3,2.5,2.75,,A
1170,1,813,PI 534149,2.5,2,2.25,,A
1171,1,813,PI 533963,1.5,1.5,1.5,,A
1172,1,813,PI 276837,1.5,1.5,1.5,,A
1173,1,813,PI 597953,1.5,1.5,1.5,,A
1174,1,813,PI 656012,3.5,2.5,3,,A
1175,1,813,PI 534008,3,3,3,,A
1176,1,813,PI 534041,2,2,2,,A
1177,1,813,PI 576406,3,2.5,2.75,,A
1178,1,813,PI 534141,3,3,3,,A
1179,1,813,PI 576368,2,2.5,2.25,,A
1180,1,813,SC0759,1.5,1.5,1.5,,A
1181,1,813,PI 533891,2,2,2,,A
1182,1,813,PI 533917,2,2,2,,A
1183,1,813,PI 534020,3,2.5,2.75,,A
1184,1,813,PI 576383,3,2.5,2.75,,A
1185,1,813,PI 629059,2,2,2,,A
1186,1,813,PI 576381,2,1.5,1.75,,A
1187,1,813,PI 534006,2,2,2,,A
1188,1,813,PI 656003,3,3,3,,A
1189,1,813,PI 534077,3,2.5,2.75,,A
1190,1,813,PI 574455,3,2.5,2.75,,A
1191,1,813,PI 534143,3,2.5,2.75,,A
1192,1,813,Check,2,1.5,1.75,,A
1193,1,813,PI 533848,4,3.5,3.75,,A
1194,1,813,PI 533866,2,2,2,,A
1195,1,813,PI 576362,3,3,3,,A
1196,1,813,SC0854,3,2.5,2.75,NLB,A
1197,1,813,PI 659692,4,3.5,3.75,?,A
1198,1,813,PI 534080,2,2.5,2.25,,A
1199,1,813,PI 533972,1.5,1.5,1.5,,A
1200,1,813,PI 656037,1.5,2,1.75,,A
1201,1,813,PI 548797,1.5,2,1.75,,A
1202,1,813,PI 576356,2,2.5,2.25,,A
1203,1,813,SC1166,2.5,3,2.75,,A
1204,1,813,PI 534038,3,3,3,,A
1205,1,813,PI 655991,2,2.5,2.25,,A
1206,1,813,PI 655992,2,2.5,2.25,,A
1207,1,813,PI 533855,3,3,3,,A
1208,1,813,PI 576416,,,,no plants,A
1209,1,813,PI 595736,1.5,1.5,1.5,,A
1210,1,813,PI 533878,1,1,1,,A
1211,1,813,PI 533890,2,2.5,2.25,,A
1212,1,813,PI 534083,2,2,2,,A
1213,1,813,PI 533800,2,1.5,1.75,,A
1214,1,813,PI 533763,3.5,3.5,3.5,,A
1215,1,813,PI 534118,3,2,2.5,,A
1216,1,813,PI 595714,2,2,2,,A
1217,1,813,PI 655974,1.5,2,1.75,,A
1218,1,813,PI 533931,4,4,4,,A
1219,1,813,PI 533822,1.5,1.5,1.5,,A
1220,1,813,PI 534060,2,2,2,,A
1221,1,813,PI 533839,1.5,2,1.75,,A
1222,1,813,PI 533789,2.5,2.5,2.5,,A
1223,1,813,PI 655983,3,3,3,,A
1224,1,813,Check,1.5,1.5,1.5,,A
1225,1,813,SC0965,3,3,3,,A
1226,1,813,Check,2.5,2.5,2.5,,A
1227,1,813,PI 595710,3,2.5,2.75,,A
1228,1,813,PI 576351,2,2,2,,A
1229,1,813,PI 656077,1.5,1.5,1.5,,A
1230,1,813,PI 656010,2.5,2,2.25,,A
1231,1,813,PI 533843,2.5,2,2.25,,A
1232,1,813,PI 533872,2,1.5,1.75,,A
1233,1,813,PI 576410,2,2,2,,A
1234,1,813,SC0921,4,3.5,3.75,,A
1235,1,813,PI 533932,3,2.5,2.75,,A
1236,1,813,PI 534030,1.5,1.2,1.35,,A
1237,1,813,PI 656015,2,2,2,,A
1238,1,813,PI 534014,3,2.5,2.75,,A
1239,1,813,PI 533746,4,4,4,,A
1240,1,813,PI 576363,3,2.5,2.75,,A
1241,1,813,PI 533975,2.5,2.5,2.5,,A
1242,1,813,SC0631,2,2.5,2.25,,A
1243,1,813,Check,2,2,2,,A
1244,1,813,PI 656102,3,2.5,2.75,,A
1245,1,813,PI 534127,2,2,2,,A
1246,1,813,PI 533956,3,3,3,,A
1247,1,813,PI 533856,2.5,2.5,2.5,,A
1248,1,813,PI 534055,2,2,2,,A
1249,1,813,PI 595727,2.5,2.5,2.5,something else,A
1250,1,813,Check,2.5,2.5,2.5,,A
1251,1,813,SC0747,2,2,2,,A
1252,1,813,PI 655971,2,2.5,2.25,NLB,A
1253,1,813,PI 534108,2,2.5,2.25,,A
1254,1,813,PI 655970,2,2.5,2.25,,A
1255,1,813,SC0895,3.5,3,3.25,,A
1256,1,813,PI 656113,3,3,3,,A
1257,1,813,SC0235,3,2.5,2.75,,A
1258,1,813,PI 533996,2,2,2,,A
1259,1,813,PI 595725,3,2.5,2.75,,A
1260,1,813,PI 576428,2,2,2,,A
1261,1,813,PI 534131,2,2,2,,A
1262,1,813,Check,1.5,1.5,1.5,,A
1263,1,813,SC0923,2.5,2.5,2.5,,A
1264,1,813,PI 533861,2.5,2,2.25,something else,A
1265,1,813,PI 534071,3,2.5,2.75,,A
1266,1,813,PI 656058,2.5,3,2.75,,A
1267,1,813,PI 576336,3,3,3,,A
1268,1,813,Check,2.5,3,2.75,,A
1269,1,813,PI 534057,3.5,3.5,3.5,,A
1270,1,813,PI 533796,3.5,3,3.25,,A
1271,1,813,PI 533982,4,3,3.5,,A
1272,1,813,SC0582,4,3.5,3.75,,A
1273,1,813,PI 533849,4,4,4,,A
1274,1,813,PI 656006,2,2,2,,A
1275,1,813,SC0741,4,4,4,,A
1276,1,813,PI 576419,3,3.5,3.25,,A
1277,1,813,SC0636,3.5,3,3.25,,A
1278,1,813,PI 576413,3,3,3,,A
1279,1,813,PI 595733,2,2.5,2.25,,A
1280,1,813,PI 564165,2,2,2,,A
1281,1,813,PI 533896,3,3,3,,A
1282,1,813,Check,2,2.5,2.25,,A
1283,1,813,PI 534165,2,2,2,2 plants,A
1284,1,813,PI 534062,2.5,2.5,2.5,,A
1285,1,813,PI 655986,2.5,2.5,2.5,,A
1286,1,813,PI 534089,3,3,3,,A
1287,1,813,PI 533857,2,1.5,1.75,,A
1288,1,813,PI 534160,2.5,2.5,2.5,,A
1289,1,813,Check,2.5,2,2.25,,A
1290,1,813,PI 533850,3.5,3.5,3.5,,A
1291,1,813,SC0870,3.5,3,3.25,,A
1292,1,813,PI 656052,2.5,2.5,2.5,,A
1293,1,813,PI 656072,2.5,2.5,2.5,,A
1294,1,813,PI 534119,2,2,2,,A
1295,1,813,PI 533888,2,3,2.5,,A
1296,1,813,PI 534027,2.5,3,2.75,,A
1297,1,813,SC0178,2.5,2.5,2.5,,A
1298,1,813,PI 534138,2.5,3,2.75,,A
1299,1,813,Check,2,2,2,,A
1300,1,813,SC0438,3,2.5,2.75,,A
2001,2,813,PI 576411,2,2,2,,A
2002,2,813,PI 655987,2.5,2.5,2.5,,A
2003,2,813,PI 533938,3.5,3,3.25,,A
2004,2,813,Check,3,2.5,2.75,,A
2005,2,813,PI 533825,3,3.5,3.25,,A
2006,2,813,SC1107,3,2.5,2.75,,A
2007,2,813,PI 533895,3,3,3,,A
2008,2,813,PI 576340,2,2,2,,A
2009,2,813,PI 533757,2.5,2.5,2.5,,A
2010,2,813,PI 533810,2,2,2,,A
2011,2,813,PI 656083,2,2,2,,A
2012,2,813,PI 533861,2,1.5,1.75,,A
2013,2,813,SC0470,3,3,3,,A
2014,2,813,PI 576392,3,3,3,,A
2015,2,813,Check,2,2,2,,A
2016,2,813,PI 595711,3.5,2.5,3,,A
2017,2,813,PI 533889,3,2.5,2.75,,A
2018,2,813,PI 534062,3,3,3,,A
2019,2,813,PI 641874,3,3,3,,A
2020,2,813,PI 576424,3,3,3,,A
2021,2,813,PI 656095,2,2.5,2.25,,A
2022,2,813,SC0159,4,3.5,3.75,,A
2023,2,813,SC0640,2.5,3,2.75,,A
2024,2,813,SC0652,3.5,3.5,3.5,,A
2025,2,813,PI 655976,3.5,3.5,3.5,,A
2026,2,813,PI 534105,1.5,2,1.75,,A
2027,2,813,PI 534097,2.5,2.5,2.5,,A
2028,2,813,SC1446,2,2.5,2.25,,A
2029,2,813,PI 533777,3,3,3,,A
2030,2,813,Fill,2,2,2,,A
2031,2,813,PI 533877,2,2.5,2.25,,A
2032,2,813,Check,2,2,2,,A
2033,2,813,SC1170,3.5,3,3.25,,A
2034,2,813,PI 534124,2.5,2.5,2.5,,A
2035,2,813,PI 597961,2,2,2,,A
2036,2,813,PI 655980,2,2.5,2.25,,A
2037,2,813,PI 533920,2,2,2,,A
2038,2,813,PI 533848,3.5,3.5,3.5,,A
2039,2,813,PI 534107,3.5,3,3.25,,A
2040,2,813,PI 533958,3.5,3,3.25,NLB,A
2041,2,813,PI 533751,3,3,3,,A
2042,2,813,PI 534110,2.5,2.5,2.5,,A
2043,2,813,SC0860,3.5,3.5,3.5,,A
2044,2,813,SC0456,2,1.5,1.75,,A
2045,2,813,PI 576428,2,2,2,,A
2046,2,813,PI 576383,2,2.5,2.25,,A
2047,2,813,PI 576417,2.5,3,2.75,,A
2048,2,813,PI 576364,2.5,3,2.75,,A
2049,2,813,PI 656060,2.5,3,2.75,,A
2050,2,813,Check,1.5,2,1.75,,A
2051,2,813,PI 533763,3.5,3.5,3.5,,A
2052,2,813,PI 534164,2,2.5,2.25,,A
2053,2,813,PI 576419,2.5,2.5,2.5,,A
2054,2,813,PI 534046,2.5,3,2.75,,A
2055,2,813,PI 534038,2,2.5,2.25,,A
2056,2,813,PI 533903,2.5,2.5,2.5,,A
2057,2,813,PI 533814,3,3,3,,A
2058,2,813,PI 533904,3,3,3,,A
2059,2,813,PI 595732,2,1.5,1.75,,A
2060,2,813,PI 534167,2.5,2.5,2.5,,A
2061,2,813,PI 534037,2,2,2,,A
2062,2,813,Check,3,2.5,2.75,,A
2063,2,813,PI 534150,3.5,3,3.25,,A
2064,2,813,PI 533841,3.5,3.5,3.5,,A
2065,2,813,PI 534055,2,2.5,2.25,,A
2066,2,813,PI 595737,2,2,2,,A
2067,2,813,PI 595704,2.5,2.5,2.5,,A
2068,2,813,PI 659695,2.5,2.5,2.5,,A
2069,2,813,SC0893,2,2,2,,A
2070,2,813,PI 656051,1.5,1.5,1.5,,A
2071,2,813,PI 533876,3,3,3,,A
2072,2,813,PI 533884,4,3.5,3.75,,A
2073,2,813,PI 576391,2,2,2,,A
2074,2,813,PI 533817,4,4,4,,A
2075,2,813,PI 655984,3.5,3.5,3.5,,A
2076,2,813,Check,2.5,2.5,2.5,,A
2077,2,813,PI 534153,3.5,3,3.25,,A
2078,2,813,PI 533900,1.5,2,1.75,,A
2079,2,813,PI 533915,3,2.5,2.75,,A
2080,2,813,PI 597953,2,2,2,,A
2081,2,813,PI 533783,2.5,2.5,2.5,,A
2082,2,813,PI 534158,2,2,2,,A
2083,2,813,SC0157,2.5,2.5,2.5,,A
2084,2,813,PI 534022,3.5,3,3.25,,A
2085,2,813,PI 534048,2.5,2,2.25,,A
2086,2,813,SC0297,4,3.5,3.75,,A
2087,2,813,PI 534143,4,4,4,,A
2088,2,813,PI 534071,3.5,3,3.25,,A
2089,2,813,PI 533789,3.5,2.5,3,,A
2090,2,813,PI 534009,3,2.5,2.75,,A
2091,2,813,PI 534003,4,3.5,3.75,,A
2092,2,813,SC0753,3.5,2.5,3,,A
2093,2,813,PI 533888,2,2.5,2.25,,A
2094,2,813,PI 656099,3,3.5,3.25,,A
2095,2,813,PI 597945,2,2.5,2.25,,A
2096,2,813,PI 533767,1.5,2,1.75,,A
2097,2,813,PI 533893,2,2,2,,A
2098,2,813,PI 656075,1.5,1.5,1.5,,A
2099,2,813,PI 656039,2,2,2,,A
2100,2,813,PI 534033,2,2,2,,A
2101,2,813,SC0814,3,3,3,,A
2102,2,813,PI 533899,2.5,2,2.25,,A
2103,2,813,PI 601743,,,,no plants,A
2104,2,813,PI 613610,1.5,1.5,1.5,,A
2105,2,813,Fill,2,2,2,,A
2106,2,813,PI 601554,2,2.5,2.25,,A
2107,2,813,PI 533910,2,2.5,2.25,,A
2108,2,813,Check,2,2,2,,A
2109,2,813,PI 534108,2.5,2.5,2.5,,A
2110,2,813,PI 548797,1.5,1.5,1.5,,A
2111,2,813,PI 542406,2,2.5,2.25,,A
2112,2,813,PI 533831,1.5,2,1.75,,A
2113,2,813,PI 576395,2,2,2,,A
2114,2,813,PI 533804,3,2.5,2.75,,A
2115,2,813,PI 656035,2.5,2.5,2.5,,A
2116,2,813,Check,2.5,2,2.25,,A
2117,2,813,PI 533846,4,3,3.5,,A
2118,2,813,SC0858,3.5,2.5,3,,A
2119,2,813,PI 534004,4,3,3.5,,A
2120,2,813,PI 533944,4,4.5,4.25,,A
2121,2,813,PI 533832,2,2.5,2.25,,A
2122,2,813,PI 534064,3,2.5,2.75,,A
2123,2,813,PI 597963,2,2,2,,A
2124,2,813,PI 533833,2.5,2.5,2.5,,A
2125,2,813,PI 656003,2.5,2.5,2.5,,A
2126,2,813,PI 24969,3.5,3,3.25,,A
2127,2,813,PI 534144,2,2.5,2.25,,A
2128,2,813,PI 595709,1.5,1.5,1.5,,A
2129,2,813,Check,2,1.5,1.75,,A
2130,2,813,PI 656015,2,3,2.5,,A
2131,2,813,PI 533979,2.5,2,2.25,,A
2132,2,813,PI 534018,3,2.5,2.75,,A
2133,2,813,PI 576333,2,3,2.5,,A
2134,2,813,PI 534041,2,2,2,,A
2135,2,813,PI 655992,3,2,2.5,,A
2136,2,813,PI 533891,2.5,2,2.25,,A
2137,2,813,PI 656022,2,2.5,2.25,,A
2138,2,813,PI 534163,2,2,2,,A
2139,2,813,PI 656087,2,2,2,,A
2140,2,813,PI 534088,3,3,3,,A
2141,2,813,PI 576332,3,3,3,,A
2142,2,813,Check,2,2,2,,A
2143,2,813,PI 576376,2,2,2,,A
2144,2,813,PI 533902,2.5,2.5,2.5,,A
2145,2,813,PI 656014,2.5,3,2.75,,A
2146,2,813,SC0201,3,3,3,,A
2147,2,813,PI 533941,2,2,2,,A
2148,2,813,PI 576348,2.5,3,2.75,,A
2149,2,813,PI 533835,2.5,2.5,2.5,,A
2150,2,813,PI 533801,2,2,2,,A
2151,2,813,PI 533935,3.5,3,3.25,,A
2152,2,813,Check,2,2,2,,A
2153,2,813,PI 534013,2,2.5,2.25,,A
2154,2,813,PI 534086,3,3,3,,A
2155,2,813,PI 656062,,,,no plants,A
2156,2,813,PI 533778,3.5,3,3.25,,A
2157,2,813,PI 659692,4,4,4,,A
2158,2,813,PI 534103,2.5,2,2.25,,A
2159,2,813,PI 533770,2,2,2,,A
2160,2,813,PI 597976,2,2,2,,A
2161,2,813,SC0371,3,2.5,2.75,,A
2162,2,813,PI 552861,3,3,3,,A
2163,2,813,PI 576431,2,2,2,2 plants,A
2164,2,813,PI 576130,1.5,2.5,2,,A
2165,2,813,Check,2.5,2,2.25,,A
2166,2,813,PI 597966,2,2.5,2.25,,A
2167,2,813,Check,2,2.5,2.25,,A
2168,2,813,PI 595741,2.5,2.5,2.5,NLB,A
2169,2,813,PI 534111,2,2,2,,A
2170,2,813,PI 656094,3,3,3,,A
2171,2,813,PI 153846,3,2,2.5,,A
2172,2,813,PI 534146,2,2,2,,A
2173,2,813,PI 534053,2,2,2,,A
2174,2,813,PI 595745,2,2,2,,A
2175,2,813,PI 534060,2.5,3,2.75,,A
2176,2,813,PI 595743,3,2.5,2.75,,A
2177,2,813,PI 659691,2.5,2.5,2.5,,A
2178,2,813,PI 656118,2.5,2,2.25,,A
2179,2,813,PI 533919,3,3,3,,A
2180,2,813,PI 576371,2,2.5,2.25,,A
2181,2,813,PI 533840,3.5,3,3.25,,A
2182,2,813,SC0505,2,2,2,,A
2183,2,813,PI 656038,2.5,3,2.75,,A
2184,2,813,PI 595726,2,2,2,,A
2185,2,813,PI 533760,2,2,2,,A
2186,2,813,PI 533794,2,2,2,,A
2187,2,813,Check,2,2,2,,A
2188,2,813,SC0777,2,2,2,,A
2189,2,813,PI 276837,3,2.5,2.75,,A
2190,2,813,PI 534127,3,2.5,2.75,,A
2191,2,813,PI 533974,2,2,2,,A
2192,2,813,PI 656084,2.5,2,2.25,,A
2193,2,813,PI 597962,2,2,2,3 plants,A
2194,2,813,PI 533953,4,3,3.5,,A
2195,2,813,PI 595712,2,2.5,2.25,,A
2196,2,813,PI 534077,3.5,3.5,3.5,,A
2197,2,813,PI 595713,2,2,2,,A
2198,2,813,PI 534074,2,3,2.5,,A
2199,2,813,PI 542718,4.5,4,4.25,,A
2200,2,813,PI 534135,1.5,1.5,1.5,,A
2201,2,813,PI 595733,2,2,2,,A
2202,2,813,PI 576380,2,2.5,2.25,,A
2203,2,813,SC0604,3.5,3,3.25,,A
2204,2,813,PI 656031,2,2,2,,A
2205,2,813,PI 576385,3,3,3,,A
2206,2,813,PI 656048,2,2.5,2.25,,A
2207,2,813,PI 533766,2.5,2.5,2.5,,A
2208,2,813,PI 656109,3,3,3,,A
2209,2,813,PI 642992,2.5,2.5,2.5,,A
2210,2,813,SC0837,2.5,2,2.25,,A
2211,2,813,PI 595736,2,2,2,,A
2212,2,813,SC0235,3,3,3,,A
2213,2,813,PI 534019,3,3.5,3.25,,A
2214,2,813,SC0615,3,3,3,,A
2215,2,813,PI 534069,3,3,3,,A
2216,2,813,Check,2,2,2,,A
2217,2,813,PI 533843,2.5,2.5,2.5,,A
2218,2,813,SC0581,2,2,2,spray damage,A
2219,2,813,PI 561072,2.5,2.5,2.5,,A
2220,2,813,PI 597951,3.5,3,3.25,,A
2221,2,813,PI 651492,2,2,2,,A
2222,2,813,PI 534123,2,2.5,2.25,,A
2223,2,813,PI 576360,4,3,3.5,,A
2224,2,813,SC0190,4,4,4,,A
2225,2,813,Check,3,2.5,2.75,,A
2226,2,813,PI 533954,2.5,2.5,2.5,,A
2227,2,813,SC0178,3,2.5,2.75,,A
2228,2,813,PI 655978,2.5,2.5,2.5,,A
2229,2,813,PI 534016,3,2.5,2.75,,A
2230,2,813,Check,3,2.5,2.75,,A
2231,2,813,PI 533775,3.5,3,3.25,,A
2232,2,813,PI 597973,3,2.5,2.75,,A
2233,2,813,PI 533939,4,4,4,,A
2234,2,813,SC0616,3,2.5,2.75,,A
2235,2,813,PI 576433,3,2.5,2.75,,A
2236,2,813,SC1178,2,2.5,2.25,,A
2237,2,813,PI 534008,2.5,2,2.25,,A
2238,2,813,PI 533951,2,3,2.5,,A
2239,2,813,PI 533934,3.5,3,3.25,,A
2240,2,813,PI 576398,2,2,2,,A
2241,2,813,SC0179,3.5,3,3.25,,A
2242,2,813,PI 656081,2,2.5,2.25,,A
2243,2,813,PI 534129,2.5,2,2.25,,A
2244,2,813,PI 533994,2,2,2,,A
2245,2,813,PI 533897,3,3,3,,A
2246,2,813,PI 533916,3,3,3,,A
2247,2,813,PI 534140,2.5,2.5,2.5,,A
2248,2,813,SC0868,2,2,2,,A
2249,2,813,PI 534114,2,2,2,,A
2250,2,813,PI 534109,2,2,2,,A
2251,2,813,PI 533793,1.5,2.5,2,,A
2252,2,813,PI 585295,2,2,2,,A
2253,2,813,Fill,2,2.5,2.25,,A
2254,2,813,PI 533890,3,3,3,,A
2255,2,813,SC0741,4.5,4,4.25,lodge,A
2256,2,813,PI 533772,2,2.5,2.25,height seg,A
2257,2,813,PI 595740,2,2,2,,A
2258,2,813,PI 533901,3.5,4,3.75,,A
2259,2,813,Check,2,2,2,,A
2260,2,813,PI 534134,2.5,3,2.75,,A
2261,2,813,PI 534161,2,2,2,,A
2262,2,813,PI 533798,2,2,2,,A
2263,2,813,PI 534014,2.5,3,2.75,,A
2264,2,813,PI 533882,2,1.5,1.75,,A
2265,2,813,PI 576378,2,2.5,2.25,,A
2266,2,813,PI 656064,3,3.5,3.25,,A
2267,2,813,SC0636,3.5,3,3.25,,A
2268,2,813,PI 576342,3.5,3.5,3.5,,A
2269,2,813,PI 533860,2,2.5,2.25,,A
2270,2,813,PI 655989,2,2.5,2.25,,A
2271,2,813,PI 533926,2,3,2.5,,A
2272,2,813,PI 533898,1.5,2,1.75,,A
2273,2,813,PI 613536,2,2,2,,A
2274,2,813,PI 656108,2,2.5,2.25,,A
2275,2,813,PI 656104,2,2,2,,A
2276,2,813,PI 656050,2,1.5,1.75,,A
2277,2,813,PI 597947,2,2.5,2.25,,A
2278,2,813,SC0834,4.5,4,4.25,,A
2279,2,813,PI 533784,2,2,2,,A
2280,2,813,PI 533883,2.5,2,2.25,,A
2281,2,813,SC0923,3,3,3,,A
2282,2,813,PI 597943,3,3,3,,A
2283,2,813,PI 597954,2.5,2.5,2.5,,A
2284,2,813,PI 576353,3,2.5,2.75,,A
2285,2,813,PI 595747,1.5,2,1.75,,A
2286,2,813,PI 629040,2,1.5,1.75,,A
2287,2,813,PI 533922,3,2,2.5,,A
2288,2,813,PI 534099,3,2.5,2.75,,A
2289,2,813,PI 576410,2.5,2,2.25,,A
2290,2,813,PI 656067,3.5,3.5,3.5,,A
2291,2,813,PI 533824,3,3,3,NLB,A
2292,2,813,PI 533947,4,4,4,,A
2293,2,813,Check,2,2,2,,A
2294,2,813,PI 533845,2,2,2,,A
2295,2,813,PI 35038,3.5,3,3.25,,A
2296,2,813,PI 576373,2,2.5,2.25,,A
2297,2,813,PI 576370,4,3.5,3.75,,A
2298,2,813,SC0517,3,2.5,2.75,,A
2299,2,813,Check,2,2,2,,A
2300,2,813,PI 533973,2,2.5,2.25,3 plants,A
1301,1,813,Check,1.5,1.5,1.5,,B
1302,1,813,PI 656018,2,2,2,,B
1303,1,813,PI 656031,1,1,1,,B
1304,1,813,PI 533879,2,2.5,2.25,,B
1305,1,813,PI 597961,1,1,1,,B
1306,1,813,PI 533851,2,2,2,,B
1307,1,813,PI 534036,1,4,2.5,,B
1308,1,813,PI 534048,1,4,2.5,,B
1309,1,813,PI 534147,2,2,2,grey leaf spot,B
1310,1,813,PI 534122,2.5,2,2.25,,B
1311,1,813,PI 656101,4,4.5,4.25,,B
1312,1,813,PI 534009,2.5,2.5,2.5,,B
1313,1,813,SC0604,3,3,3,,B
1314,1,813,PI 595719,1.5,1.5,1.5,NLB,B
1315,1,813,Check,1.5,1.5,1.5,,B
1316,1,813,PI 597968,1.5,1.5,1.5,,B
1317,1,813,Check,1.5,1,1.25,,B
1318,1,813,PI 595732,1,1,1,,B
1319,1,813,PI 576389,2.5,2,2.25,,B
1320,1,813,PI 534005,3.5,4,3.75,,B
1321,1,813,PI 533807,2,2,2,,B
1322,1,813,PI 655978,2,2,2,,B
1323,1,813,PI 656065,3.5,3.5,3.5,,B
1324,1,813,PI 534022,4,4,4,,B
1325,1,813,PI 655977,1.5,1.5,1.5,,B
1326,1,813,PI 656017,3,4,3.5,,B
1327,1,813,PI 533978,2.5,2.5,2.5,,B
1328,1,813,SC0547,,,,,B
1329,1,813,PI 533871,2,2,2,,B
1330,1,813,PI 595740,1,1.5,1.25,,B
1331,1,813,PI 576401,1,1,1,,B
1332,1,813,PI 533986,2.5,3,2.75,,B
1333,1,813,PI 533776,2.5,3,2.75,,B
1334,1,813,PI 533948,,,,,B
1335,1,813,PI 597975,1,1,1,,B
1336,1,813,PI 576437,1,1,1,,B
1337,1,813,PI 597978,3,3.5,3.25,pigment color,B
1338,1,813,PI 542718,4,4.5,4.25,pigment color,B
1339,1,813,PI 597949,3.5,3,3.25,,B
1340,1,813,PI 533755,1,1,1,,B
1341,1,813,PI 656053,1,1,1,,B
1342,1,813,PI 595721,1,1,1,,B
1343,1,813,Check,1,1,1,,B
1344,1,813,SC0247,,,,pigment color,B
1345,1,813,PI 533936,4,4,4,,B
1346,1,813,PI 534095,4.5,3.5,4,,B
1347,1,813,Check,1,1,1,,B
1348,1,813,PI 597967,1,1,1,,B
1349,1,813,PI 534157,1,1,1,,B
1350,1,813,PI 576380,1.5,1.5,1.5,,B
1351,1,813,PI 533782,1.5,1.5,1.5,,B
1352,1,813,PI 595745,1,1,1,,B
1353,1,813,SC0914,1,1,1,,B
1354,1,813,PI 656088,4.5,1.5,3,,B
1355,1,813,PI 533913,3,3,3,,B
1356,1,813,PI 595702,4,3,3.5,,B
1357,1,813,SC1170,4.5,4,4.25,,B
1358,1,813,PI 656103,5,5,5,,B
1359,1,813,PI 576423,1,1,1,,B
1360,1,813,PI 597979,3,3,3,,B
1361,1,813,Check,2,2,2,,B
1362,1,813,PI 576360,5,5,5,,B
1363,1,813,PI 534166,3.5,3,3.25,,B
1364,1,813,PI 533818,3,4,3.5,,B
1365,1,813,SC0156,2,1.5,1.75,,B
1366,1,813,PI 533813,1,1,1,,B
1367,1,813,PI 595712,3,2.5,2.75,,B
1368,1,813,SC0777,2,1,1.5,,B
1369,1,813,PI 533894,4,4,4,,B
1370,1,813,PI 656093,1,1,1,,B
1371,1,813,PI 533876,4,4,4,,B
1372,1,813,Check,,,,,B
1373,1,813,PI 534040,3,3.5,3.25,,B
1374,1,813,PI 534016,3,4,3.5,,B
1375,1,813,SC1442,2,1.5,1.75,,B
1376,1,813,PI 533819,3,2,2.5,,B
1377,1,813,PI 533938,3,3,3,,B
1378,1,813,PI 533928,2,2,2,,B
1379,1,813,Check,2,2,2,,B
1380,1,813,PI 597964,,,,,B
1381,1,813,PI 656071,2,2.5,2.25,,B
1382,1,813,PI 533974,,,,,B
1383,1,813,PI 655982,2,2,2,,B
1384,1,813,SC0287,5,4,4.5,,B
1385,1,813,PI 595704,2,2,2,,B
1386,1,813,PI 659691,1,1,1,,B
1387,1,813,PI 564163,2,1,1.5,,B
1388,1,813,PI 576418,2,2,2,,B
1389,1,813,PI 533916,3,2,2.5,,B
1390,1,813,PI 656066,2,2,2,,B
1391,1,813,PI 534087,,,,,B
1392,1,813,PI 597971,2,2,2,,B
1393,1,813,PI 656023,1,4,2.5,,B
1394,1,813,PI 533870,3,3,3,,B
1395,1,813,PI 656104,3,2,2.5,,B
1396,1,813,Fill,1.5,4,2.75,,B
1397,1,813,PI 533877,3,2.5,2.75,,B
1398,1,813,SC0041,3,2.5,2.75,,B
1399,1,813,PI 533854,5,5,5,,B
1400,1,813,PI 576337,4,3,3.5,,B
1401,1,813,PI 595731,5,4.5,4.75,,B
1402,1,813,SC0877,4.5,5,4.75,,B
1403,1,813,PI 533915,3.5,3.5,3.5,,B
1404,1,813,PI 533816,4.5,5,4.75,,B
1405,1,813,PI 533774,1,1,1,,B
1406,1,813,PI 533991,2,2,2,,B
1407,1,813,PI 533984,1,1,1,,B
1408,1,813,Check,2,1.5,1.75,,B
1409,1,813,PI 656106,2,1,1.5,,B
1410,1,813,PI 533897,4,4,4,,B
1411,1,813,PI 656001,1,1,1,,B
1412,1,813,BTx399,2,2,2,,B
1413,1,813,PI 533930,1,1,1,,B
1414,1,813,PI 540816,2,1.5,1.75,,B
1415,1,813,PI 534001,1,1,1,,B
1416,1,813,PI 533803,3.5,3,3.25,,B
1417,1,813,PI 533983,2,2,2,,B
1418,1,813,PI 597976,2,1.5,1.75,,B
1419,1,813,PI 576392,3.5,4,3.75,,B
1420,1,813,PI 656060,3.5,4,3.75,,B
1421,1,813,PI 533808,3,3,3,,B
1422,1,813,PI 534123,3.5,3,3.25,,B
1423,1,813,PI 534142,2,2,2,,B
1424,1,813,PI 576349,1.5,1,1.25,,B
1425,1,813,PI 655980,1,1,1,,B
1426,1,813,PI 534010,5,4,4.5,,B
1427,1,813,PI 533905,4,4.5,4.25,,B
1428,1,813,PI 533886,4,3.5,3.75,,B
1429,1,813,PI 534158,2,2,2,,B
1430,1,813,PI 656094,4,5,4.5,tar spot?,B
1431,1,813,PI 595711,3.5,3,3.25,,B
1432,1,813,PI 655996,1,1,1,,B
1433,1,813,Check,2,2.5,2.25,,B
1434,1,813,PI 533831,1,1,1,,B
1435,1,813,PI 533942,4.5,5,4.75,,B
1436,1,813,PI 534145,5,5,5,,B
1437,1,813,PI 576421,4,4,4,,B
1438,1,813,PI 655989,3.5,3.5,3.5,,B
1439,1,813,PI 576339,3.5,3.5,3.5,,B
1440,1,813,PI 656020,4.5,4,4.25,,B
1441,1,813,PI 595705,5,5,5,,B
1442,1,813,PI 533994,2,2,2,,B
1443,1,813,PI 153846,3.5,4,3.75,,B
1444,1,813,PI 576387,2.5,3,2.75,,B
1445,1,813,PI 576366,3,4,3.5,,B
1446,1,813,PI 533979,3,2.5,2.75,,B
1447,1,813,PI 153844,3.5,3.5,3.5,,B
1448,1,813,PI 656090,3,3,3,,B
1449,1,813,SC0463,3,2.5,2.75,,B
1450,1,813,PI 534128,1,1,1,,B
1451,1,813,PI 534017,1,1,1,,B
1452,1,813,PI 533794,2,1.5,1.75,,B
1453,1,813,PI 533964,1,1,1,,B
1454,1,813,PI 534039,1,1.5,1.25,,B
1455,1,813,PI 656034,1,1,1,,B
1456,1,813,SC0191,5,5,5,,B
1457,1,813,Check,3.5,3,3.25,,B
1458,1,813,SC0297,5,5,5,,B
1459,1,813,PI 533904,5,5,5,,B
1460,1,813,PI 595743,3.5,3,3.25,bacteria,B
1461,1,813,Check,3,2,2.5,bacteria,B
1462,1,813,PI 534054,3,3,3,,B
1463,1,813,PI 561073,3.5,3.5,3.5,,B
1464,1,813,PI 534034,3.5,4,3.75,,B
1465,1,813,PI 597958,2,1.5,1.75,,B
1466,1,813,PI 656100,4,4.5,4.25,,B
1467,1,813,Check,3,2,2.5,,B
1468,1,813,SC0618,3.5,3.5,3.5,,B
1469,1,813,PI 656054,3.5,3.5,3.5,,B
1470,1,813,PI 656036,2,2,2,,B
1471,1,813,PI 533765,5,4.5,4.75,,B
1472,1,813,PI 48770,4,4.5,4.25,tar spot,B
1473,1,813,SC0263,4.5,5,4.75,,B
1474,1,813,PI 597966,2,2,2,,B
1475,1,813,SC1024,3.5,3.5,3.5,,B
1476,1,813,PI 533987,4,4,4,,B
1477,1,813,PI 656118,1.5,1.5,1.5,,B
1478,1,813,PI 534136,4.5,4.5,4.5,,B
1479,1,813,PI 576409,4,4,4,,B
1480,1,813,PI 595724,4.5,4,4.25,,B
1481,1,813,PI 576402,5,5,5,,B
1482,1,813,PI 534159,1.5,1.5,1.5,,B
1483,1,813,PI 534076,5,5,5,,B
1484,1,813,PI 534094,3.5,3.5,3.5,,B
1485,1,813,PI 534056,2,2,2,,B
1486,1,813,PI 534106,1.5,1.5,1.5,,B
1487,1,813,PI 533834,2,2.5,2.25,,B
1488,1,813,PI 533781,2,2,2,,B
1489,1,813,PI 533935,4,4,4,,B
1490,1,813,PI 613536,2.5,2,2.25,,B
1491,1,813,PI 533953,3,3.5,3.25,,B
1492,1,813,Check,3,3,3,,B
1493,1,813,PI 534125,4,4,4,,B
1494,1,813,SC1133,4,4,4,,B
1495,1,813,SC0550,2.5,2.5,2.5,,B
1496,1,813,Check,2,2,2,,B
1497,1,813,PI 659695,3,3,3,,B
1498,1,813,PI 533929,3,3,3,,B
1499,1,813,PI 533756,4,4.5,4.25,,B
1500,1,813,PI 656014,2,2,2,,B
1501,1,813,PI 534139,3,3,3,,B
1502,1,813,SC1193,5,5,5,,B
1503,1,813,PI 533769,2,2,2,,B
1504,1,813,PI 656112,4,4,4,,B
1505,1,813,PI 656033,3.5,4,3.75,,B
1506,1,813,PI 576373,,,,,B
1507,1,813,PI 656116,5,5,5,,B
1508,1,813,SC0201,3,3.5,3.25,,B
1509,1,813,PI 576404,5,5,5,,B
1510,1,813,PI 629040,1,1,1,,B
1511,1,813,SC0517,4,4,4,,B
1512,1,813,PI 534050,3,3,3,,B
1513,1,813,PI 534099,2,2.5,2.25,,B
1514,1,813,PI 597962,2,2,2,,B
1515,1,813,SC0003,2,2.5,2.25,,B
1516,1,813,PI 656002,3.5,3.5,3.5,,B
1517,1,813,Check,3.5,3.5,3.5,,B
1518,1,813,PI 533914,3,3,3,,B
1519,1,813,PI 656044,1,1,1,,B
1520,1,813,PI 576394,1,1,1,,B
1521,1,813,PI 533880,2,2.5,2.25,,B
1522,1,813,Check,2.5,3,2.75,,B
1523,1,813,PI 533833,3,2.5,2.75,,B
1524,1,813,SC1120,3.5,3.5,3.5,,B
1525,1,813,PI 576359,1.5,1.5,1.5,,B
1526,1,813,PI 656095,1.5,1.5,1.5,,B
1527,1,813,Check,1.5,2,1.75,,B
1528,1,813,PI 656013,5,5,5,highly suscep,B
1529,1,813,PI 533965,3,4,3.5,,B
1530,1,813,PI 656107,4,4,4,,B
1531,1,813,PI 534028,4.5,5,4.75,,B
1532,1,813,PI 576390,5,5,5,,B
1533,1,813,PI 534070,4,4.5,4.25,,B
1534,1,813,PI 533786,,,,,B
1535,1,813,PI 534031,5,5,5,,B
1536,1,813,PI 576412,3.5,3.5,3.5,,B
1537,1,813,PI 533762,2,2,2,,B
1538,1,813,PI 533791,4,4,4,,B
1539,1,813,PI 533787,3,2.5,2.75,,B
1540,1,813,PI 533773,5,4.5,4.75,,B
1541,1,813,PI 595723,4.5,4.5,4.5,,B
1542,1,813,PI 656025,5,5,5,,B
1543,1,813,PI 576355,3,3,3,,B
1544,1,813,PI 534111,2.5,2.5,2.5,,B
1545,1,813,PI 656120,3,2.5,2.75,,B
1546,1,813,PI 576331,5,5,5,,B
1547,1,813,SC0814,5,5,5,,B
1548,1,813,SC0276,5,5,5,,B
1549,1,813,PI 533864,4,4,4,,B
1550,1,813,PI 533824,4,3.5,3.75,bleach,B
1551,1,813,Check,2,2.5,2.25,,B
1552,1,813,PI 576430,3.5,3.5,3.5,,B
1553,1,813,PI 597973,4.5,4.5,4.5,,B
1554,1,813,PI 533885,5,5,5,,B
1555,1,813,PI 597954,4,3.5,3.75,,B
1556,1,813,PI 533926,5,5,5,,B
1557,1,813,PI 576370,5,5,5,,B
1558,1,813,PI 534037,3.5,3.5,3.5,,B
1559,1,813,PI 533887,5,5,5,,B
1560,1,813,PI 576353,4.5,5,4.75,,B
1561,1,813,PI 534107,4.5,4.5,4.5,,B
1562,1,813,PI 576426,4,4,4,,B
1563,1,813,PI 656114,2,2,2,,B
1564,1,813,SC0713,2,2,2,,B
1565,1,813,PI 656097,4,4,4,,B
1566,1,813,PI 534154,4,4,4,,B
1567,1,813,PI 576332,4,4,4,,B
1568,1,813,PI 533867,5,5,5,,B
1569,1,813,PI 534011,4.5,5,4.75,,B
1570,1,813,PI 534148,3,3,3,,B
1571,1,813,PI 655997,2,2,2,,B
1572,1,813,SC0436,4,4,4,,B
1573,1,813,PI 533829,5,5,5,,B
1574,1,813,PI 597955,1.5,1.5,1.5,,B
1575,1,813,PI 659694,1.5,1.5,1.5,,B
1576,1,813,PI 534110,4,4.5,4.25,,B
1577,1,813,PI 534113,2,2,2,,B
1578,1,813,PI 534044,2,2,2,,B
1579,1,813,PI 656092,4,4,4,,B
1580,1,813,PI 533995,3.5,3,3.25,,B
1581,1,813,PI 597974,2.5,2.5,2.5,,B
1582,1,813,PI 533998,3.5,3.5,3.5,,B
1583,1,813,PI 329435,3,2.5,2.75,,B
1584,1,813,PI 533906,3.5,3.5,3.5,,B
1585,1,813,PI 534126,5,5,5,,B
1586,1,813,PI 533792,3,2.5,2.75,,B
1587,1,813,SC0542,4,4,4,,B
1588,1,813,Check,2,2,2,,B
1589,1,813,PI 533971,4,3.5,3.75,,B
1590,1,813,PI 533766,4,4,4,,B
1591,1,813,SC0470,4.5,4.5,4.5,,B
1592,1,813,PI 533882,,,,,B
1593,1,813,PI 576364,4,4.5,4.25,,B
1594,1,813,PI 533939,4.5,4.5,4.5,,B
1595,1,813,PI 659693,4,4,4,,B
1596,1,813,PI 576329,4,4,4,,B
1597,1,813,PI 656048,2,1.5,1.75,,B
1598,1,813,PI 534004,5,5,5,,B
1599,1,813,PI 534164,3.5,3.5,3.5,,B
1600,1,813,PI 656063,3,3,3,,B
1601,1,813,Check,3,3,3,,B
1602,1,813,PI 656005,3,3,3,,B
1603,1,813,PI 533893,4,4,4,,B
1604,1,813,PI 576344,3.5,3,3.25,,B
1605,1,813,PI 576369,4.5,4.5,4.5,check,B
1606,1,813,PI 533908,4,4,4,,B
1607,1,813,SC0150,1.5,1.5,1.5,,B
1608,1,813,PI 534079,2,2,2,,B
1609,1,813,SC0249,4,3.5,3.75,,B
1610,1,813,PI 534137,3,3,3,,B
1611,1,813,PI 534114,2,2,2,,B
1612,1,813,PI 595734,1.5,1.5,1.5,,B
1613,1,813,PI 534074,1.5,1.5,1.5,,B
1614,1,813,PI 656083,3,2.5,2.75,,B
1615,1,813,SC0556,3.5,3.5,3.5,,B
1616,1,813,PI 552861,3,3,3,,B
1617,1,813,PI 534167,3.5,3.5,3.5,,B
1618,1,813,Check,3,3,3,,B
1619,1,813,PI 534090,4.5,4,4.25,,B
1620,1,813,PI 656057,2.5,2.5,2.5,,B
1621,1,813,PI 534163,3,3,3,,B
1622,1,813,PI 595720,3,3,3,,B
1623,1,813,SC0999,3,3,3,,B
1624,1,813,PI 656056,1.5,2,1.75,,B
1625,1,813,PI 534026,4.5,4,4.25,,B
1626,1,813,Check,2.5,2,2.25,,B
1627,1,813,PI 533958,3.5,4,3.75,,B
1628,1,813,PI 533751,3.5,3,3.25,yellow and purple pigment,B
1629,1,813,PI 533802,2,2,2,,B
1630,1,813,PI 534117,3,2.5,2.75,,B
1631,1,813,PI 533837,1.5,1.5,1.5,,B
1632,1,813,PI 17548,5,5,5,,B
1633,1,813,PI 533798,3,3.5,3.25,,B
1634,1,813,PI 642998,2,2.5,2.25,,B
1635,1,813,PI 576330,4.5,4.5,4.5,,B
1636,1,813,PI 656008,1,1.5,1.25,,B
1637,1,813,PI 534052,3.5,3,3.25,,B
1638,1,813,PI 534035,3,3.5,3.25,,B
1639,1,813,PI 656089,3,3,3,,B
1640,1,813,PI 533966,1.5,1.5,1.5,,B
1641,1,813,PI 534161,1,1.5,1.25,,B
1642,1,813,PI 534063,3.5,4,3.75,,B
1643,1,813,PI 35038,4,4,4,,B
1644,1,813,BTx643,1.5,1.5,1.5,,B
1645,1,813,PI 534103,3.5,3,3.25,,B
1646,1,813,PI 656051,1,1,1,,B
1647,1,813,PI 533883,4,4.5,4.25,,B
1648,1,813,PI 534151,4,4,4,,B
1649,1,813,PI 533909,3.5,3.5,3.5,,B
1650,1,813,PI 533949,3,3,3,,B
2301,2,813,PI 656103,4,4.5,4.25,,B
2302,2,813,PI 595742,3,2.5,2.75,,B
2303,2,813,PI 659694,1.5,1.5,1.5,,B
2304,2,813,PI 534160,3,2.5,2.75,,B
2305,2,813,PI 533981,3.5,4,3.75,,B
2306,2,813,SC0747,3.5,3.5,3.5,,B
2307,2,813,PI 534021,3.5,3,3.25,,B
2308,2,813,PI 595730,5,5,5,,B
2309,2,813,PI 533937,2,2,2,,B
2310,2,813,PI 576420,3,2.5,2.75,,B
2311,2,813,PI 656114,1.5,1.5,1.5,,B
2312,2,813,PI 533787,2,2,2,,B
2313,2,813,PI 576346,1.5,4.5,3,,B
2314,2,813,PI 656009,2,2,2,,B
2315,2,813,PI 576437,3,2.5,2.75,,B
2316,2,813,PI 534000,1.5,2,1.75,,B
2317,2,813,PI 534065,3,3.5,3.25,,B
2318,2,813,SC0602,4,3,3.5,,B
2319,2,813,Check,1.5,2,1.75,,B
2320,2,813,PI 656089,3,2,2.5,,B
2321,2,813,PI 656115,3.5,3.5,3.5,,B
2322,2,813,PI 552856,1.5,1.5,1.5,,B
2323,2,813,SC0445,5,5,5,,B
2324,2,813,PI 534081,4,4,4,,B
2325,2,813,Check,2,2,2,,B
2326,2,813,SC1133,4,4,4,,B
2327,2,813,PI 656008,1.5,1.5,1.5,,B
2328,2,813,PI 576397,3,3,3,,B
2329,2,813,PI 533982,3.5,3,3.25,,B
2330,2,813,BTx399,2.5,3,2.75,,B
2331,2,813,PI 576366,2.5,3.5,3,,B
2332,2,813,SC0759,2,2,2,,B
2333,2,813,PI 655998,3,3,3,,B
2334,2,813,SC0412,3,3.5,3.25,,B
2335,2,813,PI 595725,2,2.5,2.25,lodge,B
2336,2,813,PI 576335,4,4.5,4.25,lodge,B
2337,2,813,Check,2.5,2,2.25,lodge,B
2338,2,813,PI 576404,5,5,5,,B
2339,2,813,PI 597958,2,2,2,,B
2340,2,813,PI 656110,3,3.5,3.25,,B
2341,2,813,PI 656011,2.5,2.5,2.5,,B
2342,2,813,PI 534052,3,2.5,2.75,,B
2343,2,813,SC0479,2,3,2.5,,B
2344,2,813,PI 152651,5,5,5,,B
2345,2,813,PI 533812,4,4.5,4.25,,B
2346,2,813,Check,1.5,2,1.75,,B
2347,2,813,PI 656020,4,4.5,4.25,,B
2348,2,813,PI 597952,3,3,3,,B
2349,2,813,PI 534030,2,2,2,,B
2350,2,813,PI 655985,3.5,4,3.75,,B
2351,2,813,PI 609456,4,3.5,3.75,,B
2352,2,813,PI 534130,4.5,4.5,4.5,,B
2353,2,813,PI 595705,5,5,5,,B
2354,2,813,PI 533956,4,4,4,,B
2355,2,813,PI 656030,4,4,4,,B
2356,2,813,PI 576408,5,5,5,,B
2357,2,813,PI 656068,2,2,2,,B
2358,2,813,PI 655991,3.5,3.5,3.5,,B
2359,2,813,PI 534078,4,4,4,,B
2360,2,813,PI 656096,3,3.5,3.25,,B
2361,2,813,PI 595720,2,2.5,2.25,,B
2362,2,813,PI 533961,3,3.5,3.25,,B
2363,2,813,PI 534119,2,1.5,1.75,,B
2364,2,813,PI 533932,3.5,3,3.25,,B
2365,2,813,PI 659693,3.5,3,3.25,,B
2366,2,813,SC0618,3,3,3,,B
2367,2,813,PI 576434,4,4,4,,B
2368,2,813,PI 533917,3,3.5,3.25,,B
2369,2,813,PI 656120,2,2,2,,B
2370,2,813,Check,2,2.5,2.25,,B
2371,2,813,PI 655990,4,4,4,,B
2372,2,813,PI 533780,4,4,4,,B
2373,2,813,PI 651496,4,4,4,snapped,B
2374,2,813,SC0854,5,5,5,,B
2375,2,813,PI 597959,1.5,1.5,1.5,,B
2376,2,813,PI 597978,4,5,4.5,,B
2377,2,813,PI 533879,4,4,4,,B
2378,2,813,PI 533795,2,2,2,,B
2379,2,813,PI 533791,5,5,5,,B
2380,2,813,PI 153844,4,1.5,2.75,,B
2381,2,813,PI 533874,3,3,3,,B
2382,2,813,PI 655995,3,3,3,,B
2383,2,813,PI 533887,4.5,5,4.75,lodge,B
2384,2,813,PI 534162,3,3.5,3.25,,B
2385,2,813,PI 597944,3,2.5,2.75,,B
2386,2,813,PI 656066,2,2,2,,B
2387,2,813,PI 564164,2,2,2,,B
2388,2,813,PI 641836,4,4,4,,B
2389,2,813,PI 576406,2,2,2,,B
2390,2,813,Check,1.5,2,1.75,,B
2391,2,813,SC1442,4,3.5,3.75,lodge,B
2392,2,813,Check,3,3.5,3.25,,B
2393,2,813,PI 656112,5,5,5,,B
2394,2,813,PI 533867,5,5,5,,B
2395,2,813,PI 533815,5,5,5,,B
2396,2,813,PI 576413,4,3.5,3.75,,B
2397,2,813,PI 656037,2,1.5,1.75,,B
2398,2,813,PI 533894,5,5,5,,B
2399,2,813,PI 576352,3,3,3,,B
2400,2,813,PI 533859,4,4,4,,B
2401,2,813,PI 534116,3,3,3,,B
2402,2,813,Check,3,3,3,,B
2403,2,813,PI 533948,3,2.5,2.75,,B
2404,2,813,SC0156,4,4,4,,B
2405,2,813,PI 576382,4,4.5,4.25,,B
2406,2,813,PI 534063,3.5,3,3.25,,B
2407,2,813,PI 534015,4,4,4,,B
2408,2,813,PI 574455,3,3.5,3.25,,B
2409,2,813,PI 534020,3.5,3.5,3.5,,B
2410,2,813,PI 656102,3,3,3,,B
2411,2,813,PI 585291,1,1,1,,B
2412,2,813,PI 576377,5,5,5,,B
2413,2,813,PI 534102,4,3,3.5,,B
2414,2,813,PI 656111,4,4,4,,B
2415,2,813,PI 655996,1.5,1,1.25,,B
2416,2,813,PI 533880,1.5,1.5,1.5,,B
2417,2,813,PI 595701,3,3,3,,B
2418,2,813,PI 533863,3.5,3.5,3.5,,B
2419,2,813,SC1097,4,1.5,2.75,,B
2420,2,813,PI 601816,2,2,2,lodge,B
2421,2,813,SC0138,3,3,3,,B
2422,2,813,PI 533808,3,3.5,3.25,,B
2423,2,813,PI 534034,3.5,4,3.75,,B
2424,2,813,PI 534151,3,3.5,3.25,,B
2425,2,813,PI 595714,2.5,2,2.25,,B
2426,2,813,Check,2,2,2,,B
2427,2,813,PI 576349,2,2,2,,B
2428,2,813,PI 642791,3.5,3.5,3.5,,B
2429,2,813,PI 656065,5,5,5,,B
2430,2,813,SC0003,2.5,3,2.75,,B
2431,2,813,PI 656046,5,5,5,,B
2432,2,813,PI 656004,1,4,2.5,,B
2433,2,813,PI 595735,3,3,3,,B
2434,2,813,PI 153852,3,3,3,,B
2435,2,813,PI 641849,3,4,3.5,,B
2436,2,813,PI 533911,2,2.5,2.25,,B
2437,2,813,PI 656090,3,2.5,2.75,,B
2438,2,813,PI 533966,2,2,2,,B
2439,2,813,PI 534165,,,,1 plant,B
2440,2,813,PI 576421,3,2.5,2.75,,B
2441,2,813,PI 533821,3,3,3,,B
2442,2,813,Check,2.5,2.5,2.5,,B
2443,2,813,PI 533980,1.5,1.5,1.5,,B
2444,2,813,PI 534084,4,4,4,,B
2445,2,813,PI 534157,2,2,2,,B
2446,2,813,PI 533925,1.5,1.5,1.5,,B
2447,2,813,PI 576401,2,2.5,2.25,,B
2448,2,813,PI 656041,4,4,4,,B
2449,2,813,SC1021,5,5,5,,B
2450,2,813,PI 533957,3,3,3,,B
2451,2,813,PI 576351,3,3.5,3.25,,B
2452,2,813,PI 534089,4.5,4.5,4.5,,B
2453,2,813,PI 607931,3,3,3,,B
2454,2,813,PI 656105,4,4,4,,B
2455,2,813,PI 534142,3.5,3,3.25,,B
2456,2,813,PI 656019,3.5,4,3.75,,B
2457,2,813,PI 597946,5,5,5,,B
2458,2,813,SC0542,4,4,4,,B
2459,2,813,PI 533870,4,4.5,4.25,,B
2460,2,813,PI 659753,4.5,4.5,4.5,,B
2461,2,813,PI 533933,4.5,4.5,4.5,,B
2462,2,813,PI 656071,3,3.5,3.25,,B
2463,2,813,PI 534156,1.5,1.5,1.5,,B
2464,2,813,PI 576343,5,5,5,,B
2465,2,813,PI 656021,4,4,4,,B
2466,2,813,PI 656076,1.5,1.5,1.5,,B
2467,2,813,PI 533839,2,2.5,2.25,,B
2468,2,813,PI 533844,3,3,3,,B
2469,2,813,PI 576425,2.5,2.5,2.5,,B
2470,2,813,SC1024,4,5,4.5,,B
2471,2,813,PI 534155,3.5,3,3.25,,B
2472,2,813,PI 534149,2,2,2,,B
2473,2,813,PI 576394,1.5,2,1.75,,B
2474,2,813,PI 656026,2,2.5,2.25,,B
2475,2,813,PI 534040,4,4,4,,B
2476,2,813,Check,3,3,3,,B
2477,2,813,PI 656101,5,5,5,,B
2478,2,813,PI 534148,2,2,2,,B
2479,2,813,SC0965,4,3.5,3.75,,B
2480,2,813,PI 656023,3,3,3,,B
2481,2,813,PI 576334,4,3.5,3.75,,B
2482,2,813,PI 533802,1.5,1.5,1.5,,B
2483,2,813,PI 656017,4,4,4,,B
2484,2,813,PI 653617,5,5,5,,B
2485,2,813,PI 629034,1,1,1,,B
2486,2,813,PI 576386,2,2,2,,B
2487,2,813,PI 576412,3,3,3,,B
2488,2,813,PI 48770,3.5,5,4.25,,B
2489,2,813,PI 534073,5,4,4.5,,B
2490,2,813,PI 534152,1.5,2,1.75,,B
2491,2,813,SC0870,5,5,5,,B
2492,2,813,PI 656072,5,4.5,4.75,,B
2493,2,813,SC0263,5,5,5,,B
2494,2,813,PI 533905,5,5,5,,B
2495,2,813,PI 656034,2,2,2,,B
2496,2,813,PI 595706,5,4,4.5,,B
2497,2,813,PI 533827,4,4,4,,B
2498,2,813,SC0550,3,3.5,3.25,,B
2499,2,813,PI 576374,2,2.5,2.25,,B
2500,2,813,BTx643,2,2,2,,B
2501,2,813,PI 576414,5,5,5,,B
2502,2,813,Check,3,3,3,,B
2503,2,813,PI 533975,3.5,4,3.75,,B
2504,2,813,PI 533813,2,2,2,,B
2505,2,813,PI 656069,3,3,3,,B
2506,2,813,PI 533776,4,4,4,,B
2507,2,813,PI 534043,2,2.5,2.25,,B
2508,2,813,SC0436,4,4,4,,B
2509,2,813,SC0878,5,5,5,,B
2510,2,813,PI 656106,1.5,1.5,1.5,,B
2511,2,813,PI 533866,2,1.5,1.75,,B
2512,2,813,PI 533754,2,2,2,,B
2513,2,813,PI 576416,4,4,4,,B
2514,2,813,PI 533823,5,5,5,,B
2515,2,813,Check,2,2.5,2.25,,B
2516,2,813,PI 533855,4,5,4.5,,B
2517,2,813,PI 533927,3,2.5,2.75,,B
2518,2,813,PI 533836,4,3,3.5,,B
2519,2,813,PI 595738,1,1,1,,B
2520,2,813,Check,2,2,2,,B
2521,2,813,PI 533886,5,4.5,4.75,,B
2522,2,813,PI 656058,4,4,4,,B
2523,2,813,PI 576357,5,5,5,,B
2524,2,813,PI 576345,3.5,3.5,3.5,,B
2525,2,813,PI 533959,4,4,4,,B
2526,2,813,PI 533971,5,5,5,,B
2527,2,813,Check,3.5,2.5,3,,B
2528,2,813,PI 533785,3,3,3,,B
2529,2,813,PI 656073,1.5,2,1.75,,B
2530,2,813,PI 533885,5,5,5,,B
2531,2,813,PI 576387,1.5,2,1.75,,B
2532,2,813,PI 629059,2.5,2.5,2.5,,B
2533,2,813,PI 656005,3,3,3,,B
2534,2,813,PI 576436,2,2,2,,B
2535,2,813,PI 656000,2,2.5,2.25,,B
2536,2,813,PI 534010,5,5,5,,B
2537,2,813,PI 565121,1.5,1,1.25,,B
2538,2,813,PI 533950,5,5,5,,B
2539,2,813,Check,2,2.5,2.25,,B
2540,2,813,SC1120,4,4,4,,B
2541,2,813,PI 534095,5,5,5,,B
2542,2,813,PI 597977,5,5,5,,B
2543,2,813,PI 533896,4,4,4,,B
2544,2,813,PI 533976,1.5,2,1.75,,B
2545,2,813,PI 576355,2,2.5,2.25,,B
2546,2,813,PI 533864,2.5,2.5,2.5,,B
2547,2,813,PI 656078,2,2,2,,B
2548,2,813,PI 576350,4.5,4,4.25,,B
2549,2,813,Check,1.5,1.5,1.5,,B
2550,2,813,PI 656028,3,3,3,,B
2551,2,813,PI 576354,3.5,4,3.75,,B
2552,2,813,SC1114,4,4,4,,B
2553,2,813,PI 656001,1,1.5,1.25,,B
2554,2,813,PI 534032,3.5,4,3.75,,B
2555,2,813,PI 534002,5,5,5,,B
2556,2,813,PI 656097,3.5,4,3.75,,B
2557,2,813,Check,2,2,2,,B
2558,2,813,PI 566819,2,2,2,snapped,B
2559,2,813,PI 533881,3,2.5,2.75,,B
2560,2,813,PI 656070,2,2,2,,B
2561,2,813,PI 655982,3.5,3,3.25,,B
2562,2,813,PI 533816,5,5,5,,B
2563,2,813,PI 533924,2.5,2.5,2.5,,B
2564,2,813,PI 533992,3,3,3,,B
2565,2,813,PI 656080,3.5,3.5,3.5,,B
2566,2,813,PI 656049,5,5,5,,B
2567,2,813,Check,3.5,4,3.75,,B
2568,2,813,PI 576423,1.5,2,1.75,,B
2569,2,813,PI 595727,4.5,4.5,4.5,,B
2570,2,813,PI 534044,2,2,2,,B
2571,2,813,PI 533809,5,5,5,,B
2572,2,813,PI 655970,4,3.5,3.75,,B
2573,2,813,PI 534085,4.5,4,4.25,,B
2574,2,813,PI 533779,5,5,5,,B
2575,2,813,PI 534049,3,2.5,2.75,,B
2576,2,813,PI 656082,2,2.5,2.25,,B
2577,2,813,PI 564163,2.5,2.5,2.5,,B
2578,2,813,PI 576372,3,2.5,2.75,,B
2579,2,813,SC0914,2,2.5,2.25,,B
2580,2,813,SC1082,3.5,3,3.25,,B
2581,2,813,PI 656029,4,4,4,,B
2582,2,813,PI 656107,4,4,4,,B
2583,2,813,PI 533799,2,2.5,2.25,,B
2584,2,813,PI 656043,1.5,1.5,1.5,,B
2585,2,813,PI 656091,1.5,1.5,1.5,,B
2586,2,813,PI 534025,5,5,5,,B
2587,2,813,PI 329435,2.5,2,2.25,,B
2588,2,813,PI 534087,5,5,5,,B
2589,2,813,PI 656074,5,5,5,,B
2590,2,813,PI 534159,2,2,2,,B
2591,2,813,PI 533761,2,2,2,,B
2592,2,813,Check,3,3,3,,B
2593,2,813,PI 576396,3.5,3,3.25,,B
2594,2,813,PI 533977,2,2,2,,B
2595,2,813,PI 533940,5,5,5,,B
2596,2,813,PI 533773,5,5,5,,B
2597,2,813,PI 533983,3,2.5,2.75,,B
2598,2,813,SC0438,4.5,3.5,4,,B
2599,2,813,PI 534068,5,5,5,,B
2600,2,813,PI 533786,4,4,4,,B
2601,2,813,PI 656018,2,3,2.5,,B
2602,2,813,SC0823,3,3.5,3.25,,B
2603,2,813,PI 656036,1.5,1.5,1.5,,B
2604,2,813,PI 534096,4,4,4,,B
2605,2,813,PI 656013,5,5,5,,B
2606,2,813,PI 534133,5,4.5,4.75,,B
2607,2,813,PI 34911,4,5,4.5,,B
2608,2,813,SC1166,5,5,5,,B
2609,2,813,PI 656121,5,5,5,,B
2610,2,813,PI 534007,5,5,5,,B
2611,2,813,PI 576328,3,3.5,3.25,,B
2612,2,813,PI 533942,5,5,5,,B
2613,2,813,PI 533792,3,3,3,,B
2614,2,813,PI 533949,1.5,2,1.75,,B
2615,2,813,PI 534051,3.5,3,3.25,,B
2616,2,813,SC0685,3,3,3,,B
2617,2,813,PI 576379,3,3,3,,B
2618,2,813,PI 656100,4,4,4,,B
2619,2,813,PI 533914,4,4.5,4.25,,B
2620,2,813,SC0877,5,5,5,,B
2621,2,813,SC0247,5,5,5,,B
2622,2,813,SC0276,5,5,5,,B
2623,2,813,PI 533819,4,4.5,4.25,,B
2624,2,813,PI 576407,5,5,5,,B
2625,2,813,PI 533774,3,2.5,2.75,,B
2626,2,813,PI 576409,3.5,4,3.75,,B
2627,2,813,PI 534058,5,5,5,,B
2628,2,813,PI 653616,3.5,4,3.75,,B
2629,2,813,PI 533796,5,5,5,,B
2630,2,813,PI 533850,5,5,5,,B
2631,2,813,PI 533749,4.5,5,4.75,,B
2632,2,813,PI 533764,5,5,5,,B
2633,2,813,PI 656085,3.5,3.5,3.5,,B
2634,2,813,PI 597982,3,3.5,3.25,,B
2635,2,813,PI 576359,2,2,2,,B
2636,2,813,PI 533990,1.5,2,1.75,,B
2637,2,813,Check,2,2,2,,B
2638,2,813,PI 533746,5,5,5,,B
2639,2,813,PI 533800,3,3,3,,B
2640,2,813,PI 533943,5,5,5,,B
2641,2,813,Check,3,3.5,3.25,,B
2642,2,813,PI 534075,5,5,5,,B
2643,2,813,SC1058,5,5,5,,B
2644,2,813,PI 534106,2,2,2,,B
2645,2,813,PI 656052,4,3.5,3.75,,B
2646,2,813,PI 595723,4,4.5,4.25,,B
2647,2,813,PI 641824,4.5,4.5,4.5,,B
2648,2,813,PI 534131,2,2,2,,B
2649,2,813,PI 656077,2,2,2,,B
2650,2,813,PI 534045,2,1.5,1.75,,B
1651,1,813,PI 533795,1,1,1,freckle,C
1652,1,813,Check,1,3,2,"stem, not leaf maybe fusarium",C
1653,1,813,PI 533954,2,2,2,,C
1654,1,813,SC0409,2,2,2,,C
1655,1,813,PI 576399,2.5,3,2.75,,C
1656,1,813,PI 534084,2,2,2,,C
1657,1,813,PI 656004,1,1,1,,C
1658,1,813,PI 533780,1,2,1.5,,C
1659,1,813,PI 576372,1,1,1,,C
1660,1,813,PI 533832,1.5,1,1.25,bacteria long line,C
1661,1,813,PI 656078,1,1,1,,C
1662,1,813,PI 533967,1,1,1,,C
1663,1,813,Check,1,2,1.5,,C
1664,1,813,PI 534003,3.5,4,3.75,,C
1665,1,813,PI 656087,2,1,1.5,,C
1666,1,813,PI 534130,3,2,2.5,,C
1667,1,813,SC1178,2,2,2,,C
1668,1,813,PI 576396,1,1,1,,C
1669,1,813,PI 533922,2,2,2,bipolaris? Sample collected,C
1670,1,813,Check,2,2,2,,C
1671,1,813,PI 533940,2,2,2,,C
1672,1,813,PI 534065,2,2,2,,C
1673,1,813,PI 534115,1,1,1,,C
1674,1,813,PI 656047,4,4.5,4.25,,C
1675,1,813,SC0640,2,2,2,not sure,C
1676,1,813,PI 533805,4,4,4,yellow sample collected,C
1677,1,813,Check,1,1,1,,C
1678,1,813,PI 534081,1,2,1.5,,C
1679,1,813,PI 534066,3,2,2.5,,C
1680,1,813,PI 656043,1,1,1,,C
1681,1,813,SC1097,2,2,2,NLB?,C
1682,1,813,PI 533788,2,1,1.5,not anth,C
1683,1,813,PI 534098,3,2,2.5,not anth,C
1684,1,813,PI 533845,1,1,1,,C
1685,1,813,PI 534112,1,1,1,,C
1686,1,813,PI 576375,2.5,2,2.25,,C
1687,1,813,PI 534162,2,3,2.5,head deformed,C
1688,1,813,PI 533970,1,1,1,freckle,C
1689,1,813,SC0190,3,3,3,,C
1690,1,813,PI 533779,3.5,3,3.25,NLB?,C
1691,1,813,PI 656080,1,1,1,,C
1692,1,813,PI 533924,1,1,1,freckle,C
1693,1,813,PI 534116,1,1,1,,C
1694,1,813,PI 576433,1,1,1,,C
1695,1,813,PI 533992,1,1,1,bipolaris yes,C
1696,1,813,PI 576395,1,1,1,,C
1697,1,813,PI 533907,1,1,1,,C
1698,1,813,SC0179,3,3.5,3.25,,C
1699,1,813,PI 656084,2,2,2,,C
1700,1,813,PI 609456,,,,no plant,C
1701,1,813,PI 576398,1,1,1,,C
1702,1,813,PI 533869,2,3,2.5,,C
1703,1,813,SC0581,1,2,1.5,,C
1704,1,813,PI 656059,2,2,2,,C
1705,1,813,PI 656119,2,3,2.5,,C
1706,1,813,Check,2,2,2,,C
1707,1,813,PI 533747,1,1,1,,C
1708,1,813,PI 533810,2,3,2.5,,C
1709,1,813,PI 656074,2,2,2,,C
1710,1,813,PI 656085,1,1,1,,C
1711,1,813,PI 576361,3.5,4,3.75,,C
1712,1,813,SC0521,3,3,3,,C
1713,1,813,PI 533874,3,3,3,,C
1714,1,813,SC0138,4.5,4,4.25,,C
1715,1,813,Check,2.5,3,2.75,,C
1716,1,813,PI 534104,1.5,1,1.25,,C
1717,1,813,SC0685,1.5,1,1.25,,C
1718,1,813,PI 595700,2,2,2,,C
1719,1,813,PI 534067,2,2,2,broken panicle,C
1720,1,813,PI 656117,2,1,1.5,,C
1721,1,813,PI 533749,2,3,2.5,,C
1722,1,813,PI 533947,3,3,3,,C
1723,1,813,PI 533844,1,1,1,,C
1724,1,813,SC0893,2,2,2,,C
1725,1,813,PI 561071,1,1,1,,C
1726,1,813,PI 576367,3,2,2.5,,C
1727,1,813,PI 642992,1,2,1.5,,C
1728,1,813,PI 659696,2,1,1.5,,C
1729,1,813,PI 534101,1,2,1.5,,C
1730,1,813,PI 533809,2,3,2.5,,C
1731,1,813,PI 533750,1,1,1,,C
1732,1,813,PI 656050,2,1,1.5,,C
1733,1,813,PI 576338,2,2,2,,C
1734,1,813,PI 656121,4,4,4,,C
1735,1,813,PI 533815,3,4,3.5,,C
1736,1,813,PI 576333,1,2,1.5,,C
1737,1,813,PI 597946,4,4,4,,C
1738,1,813,PI 533911,1,1,1,,C
1739,1,813,PI 656019,2,3,2.5,,C
1740,1,813,SC0157,2.5,3,2.75,,C
1741,1,813,PI 533758,2,3,2.5,,C
1742,1,813,PI 656111,2,4,3,,C
1743,1,813,Check,2,3,2.5,bag,C
1744,1,813,PI 576424,3,3,3,,C
1745,1,813,PI 533828,3.5,4,3.75,,C
1746,1,813,PI 534132,1,1,1,,C
1747,1,813,PI 533959,2,3,2.5,,C
1748,1,813,PI 656061,2.5,3,2.75,,C
1749,1,813,PI 533941,1,1,1,,C
1750,1,813,PI 576415,1,1,1,,C
1751,1,813,PI 656082,2,2,2,,C
1752,1,813,PI 534024,3,3,3,,C
1753,1,813,PI 534092,3,3,3,,C
1754,1,813,PI 533862,3,4,3.5,,C
1755,1,813,PI 533830,3,2.5,2.75,,C
1756,1,813,PI 607931,3,3,3,,C
1757,1,813,PI 656115,2,2,2,,C
1758,1,813,SC0343,2,2,2,,C
1759,1,813,PI 595744,3,2.5,2.75,,C
1760,1,813,PI 597980,2,1.5,1.75,,C
1761,1,813,PI 533865,3,3,3,,C
1762,1,813,PI 576397,2,2,2,,C
1763,1,813,SC0456,1,3,2,,C
1764,1,813,SC1058,3.5,4,3.75,,C
1765,1,813,PI 533804,2,2,2,,C
1766,1,813,SC0092,,,,no plant,C
1767,1,813,PI 533793,,,,no plant,C
1768,1,813,PI 576376,1.5,2,1.75,,C
1769,1,813,Check,2,2,2,,C
1770,1,813,PI 595709,1,1,1,,C
1771,1,813,PI 533811,3,3,3,,C
1772,1,813,PI 576345,2.5,2,2.25,,C
1773,1,813,PI 576130,1,1,1,Aspergillus collected,C
1774,1,813,SC0868,2,1,1.5,,C
1775,1,813,PI 534096,2.5,2,2.25,,C
1776,1,813,PI 533977,2,2.5,2.25,NLB?,C
1777,1,813,SC0551,2.5,2,2.25,,C
1778,1,813,PI 576436,1,1,1,,C
1779,1,813,Check,2,1,1.5,,C
1780,1,813,PI 533775,3,3,3,,C
1781,1,813,PI 595748,3,2,2.5,,C
1782,1,813,PI 576434,2,2.5,2.25,,C
1783,1,813,PI 656081,1,1,1,,C
1784,1,813,PI 22326,2,1,1.5,,C
1785,1,813,SC0412,2,3,2.5,,C
1786,1,813,PI 651492,1,1,1,,C
1787,1,813,PI 533760,1,1,1,,C
1788,1,813,PI 533757,2,3,2.5,,C
1789,1,813,PI 656011,1,1,1,,C
1790,1,813,PI 656022,1.5,1,1.25,,C
1791,1,813,PI 534064,3,3,3,,C
1792,1,813,PI 561072,3,3,3,,C
1793,1,813,PI 533853,1,1,1,,C
1794,1,813,Check,2,2,2,,C
1795,1,813,PI 34911,2,1,1.5,,C
1796,1,813,SC0848,4,4,4,bag,C
1797,1,813,PI 656096,2,3,2.5,,C
1798,1,813,PI 656110,2,3,2.5,,C
1799,1,813,PI 655998,3,3,3,,C
1800,1,813,PI 533785,2,1,1.5,,C
1801,1,813,PI 642793,1,1,1,,C
1802,1,813,PI 656024,1,1,1,,C
1803,1,813,PI 533842,2,2.5,2.25,,C
1804,1,813,PI 533814,3,3,3,,C
1805,1,813,PI 534033,2,1,1.5,,C
1806,1,813,PI 576385,3,3,3,,C
1807,1,813,PI 534150,3,3,3,,C
1808,1,813,PI 656049,3,2,2.5,,C
1809,1,813,SC0837,2,2,2,,C
1810,1,813,SC1119,3,3.5,3.25,,C
1811,1,813,PI 534015,3,2,2.5,,C
1812,1,813,Check,1,1,1,,C
1813,1,813,PI 533860,2,2,2,3 plants,C
1814,1,813,PI 533910,3,2,2.5,,C
1815,1,813,PI 534013,2.5,2,2.25,,C
1816,1,813,PI 656041,2.5,2,2.25,,C
1817,1,813,PI 655990,2.5,2,2.25,,C
1818,1,813,PI 533933,2.5,3,2.75,,C
1819,1,813,PI 533997,2,2,2,,C
1820,1,813,PI 534018,3,3,3,,C
1821,1,813,PI 533770,2,2,2,,C
1822,1,813,PI 533827,2.5,2,2.25,head twisted,C
1823,1,813,SC0314,2.5,2,2.25,,C
1824,1,813,PI 533812,3,3,3,,C
1825,1,813,PI 656068,3,2,2.5,,C
1826,1,813,PI 533858,3,3,3,,C
1827,1,813,Check,2,1,1.5,,C
1828,1,813,PI 601816,2,2,2,lodge,C
1829,1,813,PI 656055,3,2,2.5,,C
1830,1,813,PI 533925,2,1,1.5,,C
1831,1,813,PI 655972,3,4,3.5,,C
1832,1,813,PI 533840,3,3,3,,C
1833,1,813,PI 533836,2,2,2,,C
1834,1,813,PI 534124,2,3,2.5,,C
1835,1,813,PI 534059,2,2,2,,C
1836,1,813,PI 533918,2,1,1.5,,C
1837,1,813,PI 533960,1.5,1,1.25,,C
1838,1,813,SC0602,2,2,2,,C
1839,1,813,PI 534085,2.5,2,2.25,,C
1840,1,813,SC0615,3,3,3,,C
1841,1,813,SC0753,2.5,2,2.25,,C
1842,1,813,PI 576328,2,2,2,,C
1843,1,813,PI 585291,2,1,1.5,,C
1844,1,813,PI 564164,1,1,1,,C
1845,1,813,PI 597944,2,1,1.5,,C
1846,1,813,PI 576347,3,3,3,,C
1847,1,813,PI 597950,4,4,4,,C
1848,1,813,PI 153852,2.5,2,2.25,,C
1849,1,813,PI 534097,3,3,3,,C
1850,1,813,PI 651496,2,2.5,2.25,,C
1851,1,813,PI 576341,1,1,1,,C
1852,1,813,PI 655988,3,2.5,2.75,,C
1853,1,813,PI 552856,1,1,1,,C
1854,1,813,PI 656079,3,2.5,2.75,,C
1855,1,813,Check,2,2,2,,C
1856,1,813,Check,2,2,2,,C
1857,1,813,PI 656027,1,1,1,,C
1858,1,813,PI 595746,1,1,1,,C
1859,1,813,PI 656029,2,2,2,,C
1860,1,813,PI 576422,2,2,2,,C
1861,1,813,PI 533838,3,3,3,,C
1862,1,813,Check,3,2,2.5,,C
1863,1,813,PI 533764,4.5,4,4.25,,C
1864,1,813,SC1082,1,3,2,,C
1865,1,813,PI 576405,2,2,2,,C
1866,1,813,PI 576420,2,2,2,,C
1867,1,813,PI 576407,3,2.5,2.75,,C
1868,1,813,PI 595747,1,1,1,,C
1869,1,813,PI 533927,2,2,2,,C
1870,1,813,PI 595726,1.5,1,1.25,,C
1871,1,813,SC0236,3,2,2.5,,C
1872,1,813,PI 533957,2,3,2.5,NLB? Aspergillus?,C
1873,1,813,PI 534046,2,2,2,,C
1874,1,813,PI 533889,1,1,1,,C
1875,1,813,PI 595742,1,2,1.5,freckles,C
1876,1,813,PI 533900,1,1,1,,C
1877,1,813,SC0823,2.5,2,2.25,,C
1878,1,813,SC1216,2,2,2,,C
1879,1,813,PI 565121,1,1,1,,C
1880,1,813,PI 534072,2,2,2,,C
1881,1,813,PI 566819,2,2,2,,C
1882,1,813,PI 656069,1.5,1,1.25,,C
1883,1,813,PI 576432,2,2,2,,C
1884,1,813,Check,1,1,1,,C
1885,1,813,PI 533895,2,2,2,,C
1886,1,813,PI 656030,2.5,3,2.75,,C
1887,1,813,SC0505,2,2,2,,C
1888,1,813,SC0878,3,3,3,,C
1889,1,813,PI 534075,3,3,3,,C
1890,1,813,PI 533863,2.5,2,2.25,,C
1891,1,813,PI 655973,3,4,3.5,,C
1892,1,813,PI 576358,3,3.5,3.25,,C
1893,1,813,PI 595713,1,1,1,,C
1894,1,813,PI 656000,2,1,1.5,,C
1895,1,813,Fill,2,3,2.5,bacteria lines?,C
1896,1,813,PI 534091,3.5,4,3.75,,C
1897,1,813,SC0858,3,3,3,,C
1898,1,813,PI 533937,2,2,2,,C
1899,1,813,Check,2,1,1.5,,C
1900,1,813,PI 533944,4.5,5,4.75,,C
1901,1,813,PI 534109,2,2,2,,C
1902,1,813,PI 576408,4,4,4,,C
1903,1,813,PI 576403,4,4,4,,C
1904,1,813,PI 152651,3,3,3,,C
1905,1,813,Check,1,2,1.5,,C
1906,1,813,PI 533881,2,2,2,,C
1907,1,813,PI 533921,3,3,3,,C
1908,1,813,PI 655994,1,1,1,,C
1909,1,813,PI 533923,1,1,1,,C
1910,1,813,PI 576382,3,2,2.5,,C
1911,1,813,PI 656007,2,2,2,,C
1912,1,813,PI 641836,2.5,2.5,2.5,,C
1913,1,813,PI 595722,1,1,1,,C
1914,1,813,PI 576342,3,3,3,,C
1915,1,813,SC0448,2,1,1.5,,C
1916,1,813,PI 533989,2.5,2.5,2.5,,C
1917,1,813,PI 533898,1,2,1.5,,C
1918,1,813,PI 595730,3,3,3,,C
1919,1,813,PI 595737,1.5,1,1.25,,C
1920,1,813,PI 534047,2,2,2,,C
1921,1,813,PI 533884,3,2.5,2.75,pigment,C
1922,1,813,Check,2,2,2,pigment,C
1923,1,813,PI 533919,2.5,3,2.75,,C
1924,1,813,PI 656032,2,2,2,,C
1925,1,813,PI 534105,1,1,1,,C
1926,1,813,PI 533761,1,1,1,,C
1927,1,813,PI 576340,1.5,1,1.25,,C
1928,1,813,SC1021,3,3,3,,C
1929,1,813,PI 534058,4,4,4,,C
1930,1,813,PI 595699,3.5,4,3.75,,C
1931,1,813,PI 533973,2,2,2,,C
1932,1,813,SC0864,2,2.5,2.25,,C
1933,1,813,PI 534051,3,2,2.5,freckle,C
1934,1,813,PI 595706,3,3,3,head twisted,C
1935,1,813,PI 533955,2.5,3,2.75,,C
1936,1,813,PI 576348,4,4,4,,C
1937,1,813,PI 597970,2,2,2,,C
1938,1,813,SC0400,2,2,2,,C
1939,1,813,PI 534025,4,4,4,,C
1940,1,813,PI 576357,3.5,4,3.75,,C
1941,1,813,PI 533797,2,2,2,,C
1942,1,813,PI 533783,2.5,3,2.75,,C
1943,1,813,PI 655984,3,3,3,,C
1944,1,813,PI 576334,2.5,3,2.75,,C
1945,1,813,PI 597963,1,1,1,,C
1946,1,813,PI 585295,2,2,2,,C
1947,1,813,PI 533990,1,1,1,,C
1948,1,813,PI 533952,3,3,3,,C
1949,1,813,PI 534045,1,1,1,,C
1950,1,813,PI 533752,2,1,1.5,,C
1951,1,813,PI 533821,2,3,2.5,,C
1952,1,813,Check,2,2,2,,C
1953,1,813,PI 576377,4.5,4,4.25,,C
1954,1,813,PI 576343,4.5,4.5,4.5,,C
1955,1,813,PI 656064,3,3,3,,C
1956,1,813,PI 534043,2,2,2,,C
1957,1,813,Check,2,2,2,,C
1958,1,813,PI 595738,2,2,2,,C
1959,1,813,PI 533754,2,1,1.5,,C
1960,1,813,PI 534000,3,3,3,,C
1961,1,813,PI 597960,1,1,1,,C
1962,1,813,PI 533820,2,2,2,,C
1963,1,813,SC0266,3,3,3,,C
1964,1,813,Check,2,2,2,,C
1965,1,813,PI 595716,1,1,1,,C
1966,1,813,PI 656039,2,1,1.5,,C
1967,1,813,PI 542406,1,1,1,HR,C
1968,1,813,PI 533784,2,1,1.5,,C
1969,1,813,Check,3,2,2.5,,C
1970,1,813,PI 534023,4,4,4,,C
1971,1,813,Check,2,2,2,,C
1972,1,813,PI 576386,1,1,1,,C
1973,1,813,PI 656099,2.5,2.5,2.5,,C
1974,1,813,PI 576346,2,2.5,2.25,,C
1975,1,813,PI 561472,2,1,1.5,,C
1976,1,813,PI 534078,2,2,2,,C
1977,1,813,PI 597951,2,2,2,,C
1978,1,813,PI 656026,1,1,1,,C
1979,1,813,PI 656062,2,2,2,,C
1980,1,813,PI 655976,2,2.5,2.25,,C
1981,1,813,PI 629034,1.5,1,1.25,,C
1982,1,813,Check,2,1,1.5,,C
1983,1,813,SC1107,2,2,2,,C
1984,1,813,PI 655979,1,1,1,,C
1985,1,813,PI 534007,3,3,3,,C
1986,1,813,SC1023,1,2,1.5,Freckles,C
1987,1,813,PI 595701,2,2,2,,C
1988,1,813,Check,2,2,2,,C
1989,1,813,PI 534019,4,4,4,,C
1990,1,813,PI 576429,3,3,3,,C
1991,1,813,Check,3,2,2.5,,C
1992,1,813,PI 656016,1,1,1,,C
1993,1,813,PI 533771,2,2,2,,C
1994,1,813,PI 534156,1,1,1,,C
1995,1,813,PI 533946,2,2.5,2.25,,C
1996,1,813,PI 533799,1,1,1,,C
1997,1,813,PI 597957,2,1,1.5,,C
1998,1,813,SC1114,2,2,2,,C
1999,1,813,PI 576391,2,2,2,,C
2651,2,813,PI 656063,2,2,2,,C
2652,2,813,PI 329440,2,2.5,2.25,,C
2653,2,813,PI 533768,1,1,1,,C
2654,2,813,PI 597975,1,2,1.5,,C
2655,2,813,PI 655988,3,2,2.5,,C
2656,2,813,PI 533991,2,2,2,,C
2657,2,813,PI 533952,3,2.5,2.75,,C
2658,2,813,PI 656032,2,1,1.5,,C
2659,2,813,PI 656053,2,2,2,,C
2660,2,813,SC1193,3.5,3,3.25,panicle collected,C
2661,2,813,PI 595700,3,2,2.5,,C
2662,2,813,PI 576356,1,1,1,,C
2663,2,813,PI 656061,3,2,2.5,,C
2664,2,813,PI 656057,1,2,1.5,,C
2665,2,813,PI 533849,3,3.5,3.25,,C
2666,2,813,PI 595717,2,2,2,,C
2667,2,813,PI 533822,1.5,1,1.25,,C
2668,2,813,PI 533829,2.5,2,2.25,,C
2669,2,813,PI 656025,4,4,4,,C
2670,2,813,PI 534023,3.5,3,3.25,,C
2671,2,813,PI 533862,3,3,3,,C
2672,2,813,Check,1,1,1,,C
2673,2,813,PI 561472,1,1,1,,C
2674,2,813,PI 534047,2,2,2,,C
2675,2,813,PI 576365,3,3,3,,C
2676,2,813,Check,1.5,2,1.75,,C
2677,2,813,PI 597969,2,2,2,panicolas tintas,C
2678,2,813,PI 595708,3,3,3,,C
2679,2,813,PI 533865,2.5,2.5,2.5,,C
2680,2,813,PI 534092,2,2,2,,C
2681,2,813,PI 656007,2,3,2.5,,C
2682,2,813,PI 533995,2,2,2,,C
2683,2,813,PI 595746,1,1,1,,C
2684,2,813,PI 595729,1,1,1,,C
2685,2,813,PI 534035,3,2,2.5,,C
2686,2,813,PI 656088,3,2.5,2.75,,C
2687,2,813,PI 576358,3,3,3,,C
2688,2,813,SC0041,2,2,2,,C
2689,2,813,Check,2.5,2,2.25,,C
2690,2,813,PI 597980,2,2,2,,C
2691,2,813,PI 576435,1.5,1,1.25,,C
2692,2,813,PI 576389,2.5,2,2.25,,C
2693,2,813,SC0249,3,3,3,,C
2694,2,813,PI 534056,1,1,1,,C
2695,2,813,PI 534132,1,1,1,,C
2696,2,813,PI 656113,2.5,2,2.25,,C
2697,2,813,SC0448,2,2,2,,C
2698,2,813,PI 595703,2,2.5,2.25,,C
2699,2,813,PI 597974,1,2,1.5,,C
2700,2,813,PI 597964,3,2,2.5,,C
2701,2,813,SC1216,2,2,2,,C
2702,2,813,Check,2,2.5,2.25,,C
2703,2,813,PI 533873,1,1,1,,C
2704,2,813,PI 655977,1,1,1,,C
2705,2,813,PI 659696,2,1,1.5,freckles,C
2706,2,813,PI 533807,2,2,2,,C
2707,2,813,PI 534080,2,2,2,,C
2708,2,813,PI 642793,2,1,1.5,,C
2709,2,813,PI 533811,3,3,3,,C
2710,2,813,PI 533781,1,2,1.5,,C
2711,2,813,PI 533968,2,2,2,,C
2712,2,813,PI 533830,2,2.5,2.25,,C
2713,2,813,PI 534098,3,3,3,,C
2714,2,813,PI 656047,3,3,3,,C
2715,2,813,PI 533782,2,2,2,dry panides chirdrelger,C
2716,2,813,PI 597972,1,2,1.5,,C
2717,2,813,SC0409,3,3,3,,C
2718,2,813,PI 534067,3,3,3,,C
2719,2,813,SC0848,4,5,4.5,,C
2720,2,813,Check,2,2,2,,C
2721,2,813,PI 576375,2.5,2.5,2.5,,C
2722,2,813,SC0551,2,2,2,,C
2723,2,813,PI 534082,4,4,4,,C
2724,2,813,PI 656024,1,1,1,,C
2725,2,813,PI 533762,1.5,2,1.75,,C
2726,2,813,PI 561071,1.5,1,1.25,,C
2727,2,813,SC0999,1.5,2,1.75,,C
2728,2,813,PI 655981,2,1,1.5,,C
2729,2,813,PI 534090,3,3,3,,C
2730,2,813,PI 533857,1,1,1,,C
2731,2,813,PI 576399,3,3,3,,C
2732,2,813,Check,2,2,2,,C
2733,2,813,PI 534100,3,2,2.5,,C
2734,2,813,PI 534120,2,1,1.5,,C
2735,2,813,PI 576429,3,3.5,3.25,,C
2736,2,813,PI 595722,2,2,2,,C
2737,2,813,PI 576361,3.5,4,3.75,,C
2738,2,813,PI 533747,2,2,2,,C
2739,2,813,PI 533759,2.5,2.5,2.5,,C
2740,2,813,SC0864,3,3,3,,C
2741,2,813,PI 598070,4,4,4,,C
2742,2,813,PI 576405,2.5,2,2.25,,C
2743,2,813,SC0540,3,3,3,,C
2744,2,813,PI 533984,1,1,1,,C
2745,2,813,PI 597955,1,1,1,,C
2746,2,813,Check,2,2,2,,C
2747,2,813,PI 534122,2,2.5,2.25,,C
2748,2,813,PI 595731,3,3,3,,C
2749,2,813,PI 576415,1.5,1,1.25,,C
2750,2,813,PI 656010,2,2,2,,C
2751,2,813,PI 533996,2,1,1.5,,C
2752,2,813,PI 534113,1,1,1,,C
2753,2,813,Check,2,1,1.5,,C
2754,2,813,PI 595718,3,3,3,,C
2755,2,813,PI 533929,2,2,2,,C
2756,2,813,PI 656055,2,2,2,,C
2757,2,813,PI 534121,3.5,2,2.75,,C
2758,2,813,PI 534137,2.5,2,2.25,,C
2759,2,813,PI 533851,3,3,3,,C
2760,2,813,PI 576369,3,3,3,,C
2761,2,813,SC0463,2,2,2,,C
2762,2,813,PI 533852,3,4,3.5,,C
2763,2,813,PI 534072,3.5,3.5,3.5,,C
2764,2,813,PI 655986,3,3,3,,C
2765,2,813,PI 533930,2,2,2,,C
2766,2,813,PI 533788,4,4,4,,C
2767,2,813,PI 597956,3,3,3,,C
2768,2,813,PI 595734,3,1,2,,C
2769,2,813,PI 576427,2,2,2,,C
2770,2,813,PI 533837,2,2,2,,C
2771,2,813,PI 533745,3.5,3.5,3.5,,C
2772,2,813,PI 533963,1,1,1,eaten by insects,C
2773,2,813,PI 533912,2,2.5,2.25,,C
2774,2,813,PI 533918,1.5,2,1.75,,C
2775,2,813,PI 656086,2,2,2,,C
2776,2,813,Check,2,2,2,,C
2777,2,813,PI 576330,3,3,3,,C
2778,2,813,PI 656006,2,1,1.5,,C
2779,2,813,PI 534001,1,1,1,,C
2780,2,813,PI 564165,1,1,1,,C
2781,2,813,PI 576368,2,2,2,,C
2782,2,813,PI 533946,3.5,2.5,3,,C
2783,2,813,PI 533869,3.5,3,3.25,,C
2784,2,813,SC0847,4,5,4.5,,C
2785,2,813,PI 534054,2,2,2,,C
2786,2,813,PI 533989,,,,,C
2787,2,813,PI 534118,2,2,2,,C
2788,2,813,PI 656040,2,2,2,freckles,C
2789,2,813,PI 534147,3,3,3,,C
2790,2,813,PI 597979,3,2,2.5,,C
2791,2,813,PI 533771,2,2,2,,C
2792,2,813,PI 533858,3,2.5,2.75,,C
2793,2,813,PI 656027,1.5,1,1.25,,C
2794,2,813,PI 534136,3,3,3,,C
2795,2,813,Check,2,3,2.5,,C
2796,2,813,SC0150,1.5,1,1.25,,C
2797,2,813,PI 576337,2.5,2.5,2.5,,C
2798,2,813,SC1119,3,2.5,2.75,,C
2799,2,813,PI 534039,1,1,1,,C
2800,2,813,Check,3,2,2.5,,C
2801,2,813,PI 533986,3,2.5,2.75,,C
2802,2,813,PI 656012,2.5,2,2.25,,C
2803,2,813,PI 656016,2,1,1.5,,C
2804,2,813,SC0895,3.5,3,3.25,,C
2805,2,813,SC0631,2,2,2,,C
2806,2,813,Check,2,2,2,,C
2807,2,813,PI 597957,1.5,1,1.25,,C
2808,2,813,PI 655994,1,1,1,,C
2809,2,813,PI 598069,2,1,1.5,,C
2810,2,813,PI 655972,4,3,3.5,,C
2811,2,813,PI 656044,1,1,1,,C
2812,2,813,PI 533978,3,2,2.5,,C
2813,2,813,PI 533752,1,1,1,,C
2814,2,813,PI 597950,3,3,3,,C
2815,2,813,Check,1,1,1,,C
2816,2,813,PI 533820,2.5,2,2.25,,C
2817,2,813,PI 534115,2,2,2,,C
2818,2,813,PI 656054,2,3,2.5,,C
2819,2,813,PI 655983,3,3,3,,C
2820,2,813,PI 533878,1,1,1,,C
2821,2,813,PI 655971,3,2,2.5,,C
2822,2,813,PI 655975,3,2,2.5,,C
2823,2,813,PI 656056,1,1,1,,C
2824,2,813,PI 576331,3,3,3,,C
2825,2,813,PI 533928,2,2,2,,C
2826,2,813,PI 597971,2,1,1.5,,C
2827,2,813,PI 534036,1.5,1,1.25,,C
2828,2,813,PI 533965,2,3,2.5,,C
2829,2,813,PI 533921,3,2.5,2.75,,C
2830,2,813,PI 533853,2.5,2,2.25,,C
2831,2,813,PI 595719,2,2,2,,C
2832,2,813,PI 533790,3,3,3,,C
2833,2,813,PI 533907,2,2,2,,C
2834,2,813,PI 533805,3,3,3,,C
2835,2,813,PI 534066,3,3,3,,C
2836,2,813,SC0871,4,4,4,,C
2837,2,813,PI 533985,1,2,1.5,,C
2838,2,813,PI 576341,1,1,1,,C
2839,2,813,Check,2,2.5,2.25,,C
2840,2,813,PI 534154,3,2.5,2.75,,C
2841,2,813,SC0314,2.5,2,2.25,,C
2842,2,813,PI 595699,3.5,4,3.75,,C
2843,2,813,PI 576367,2.5,2,2.25,,C
2844,2,813,PI 534006,2,1,1.5,,C
2845,2,813,PI 656117,2,1,1.5,,C
2846,2,813,PI 533988,2,2,2,,C
2847,2,813,PI 533756,2,2.5,2.25,,C
2848,2,813,SC0458,2.5,2,2.25,,C
2849,2,813,PI 533936,2,2,2,,C
2850,2,813,PI 576344,2,2,2,,C
2851,2,813,PI 656119,3,3,3,,C
2852,2,813,PI 655999,1,1,1,,C
2853,2,813,PI 656002,2,3,2.5,,C
2854,2,813,PI 576339,2,2,2,,C
2855,2,813,PI 533923,1.5,2,1.75,,C
2856,2,813,PI 533765,3,3.5,3.25,,C
2857,2,813,PI 576403,3,2,2.5,,C
2858,2,813,PI 534112,1,1,1,,C
2859,2,813,SC0921,3,2.5,2.75,,C
2860,2,813,Check,2,2,2,,C
2861,2,813,SC0092,3,3,3,,C
2862,2,813,PI 595728,3,3,3,,C
2863,2,813,PI 534083,2,2.5,2.25,,C
2864,2,813,PI 534125,3,2,2.5,,C
2865,2,813,PI 597965,1,2,1.5,,C
2866,2,813,SC0556,3,2,2.5,,C
2867,2,813,PI 540816,3,2,2.5,,C
2868,2,813,PI 533964,1,1,1,,C
2869,2,813,Check,2,2,2,,C
2870,2,813,SC0266,3,3,3,,C
2871,2,813,PI 534091,3,4,3.5,,C
2872,2,813,PI 656059,2,2,2,,C
2873,2,813,Check,2,2,2,,C
2874,2,813,SC0547,3,2,2.5,,C
2875,2,813,PI 655974,2.5,2,2.25,,C
2876,2,813,PI 534094,2,2,2,,C
2877,2,813,PI 534024,2.5,2,2.25,,C
2878,2,813,PI 533818,2.5,2,2.25,,C
2879,2,813,PI 533962,2,2,2,,C
2880,2,813,PI 595721,1,1,1,,C
2881,2,813,PI 534126,3,3,3,,C
2882,2,813,PI 533993,1,1,1,,C
2883,2,813,PI 533755,1.5,1.5,1.5,,C
2884,2,813,PI 534059,2,1.5,1.75,,C
2885,2,813,Check,1,1,1,,C
2886,2,813,PI 595748,3,2.5,2.75,,C
2887,2,813,PI 533970,2,2,2,,C
2888,2,813,PI 534026,3,3,3,,C
2889,2,813,PI 576347,3.5,3,3.25,,C
2890,2,813,PI 595702,3,2,2.5,,C
2891,2,813,PI 533872,1,1,1,,C
2892,2,813,PI 533842,2.5,1.5,2,,C
2893,2,813,PI 534166,2.5,2,2.25,,C
2894,2,813,PI 597949,3,3,3,,C
2895,2,813,PI 597970,3,2,2.5,,C
2896,2,813,PI 561073,2,2,2,,C
2897,2,813,PI 655979,1,1,1,,C
2898,2,813,PI 597967,2,1,1.5,,C
2899,2,813,PI 597981,2,3,2.5,,C
2900,2,813,PI 655973,2,2,2,,C
2901,2,813,PI 533908,3,2,2.5,,C
2902,2,813,Check,3,2,2.5,,C
2903,2,813,PI 534117,2,3,2.5,,C
2904,2,813,PI 595716,2,1,1.5,,C
2905,2,813,PI 534076,3,3,3,,C
2906,2,813,PI 642998,3,2,2.5,,C
2907,2,813,PI 534028,3,3,3,,C
2908,2,813,PI 533999,2.5,2,2.25,,C
2909,2,813,PI 534005,3,3.5,3.25,,C
2910,2,813,Check,1.5,1,1.25,,C
2911,2,813,PI 597960,1,1,1,,C
2912,2,813,Check,2,2,2,,C
2913,2,813,PI 656116,3.5,4,3.75,,C
2914,2,813,PI 534027,3,3,3,,C
2915,2,813,PI 533906,2.5,3,2.75,,C
2916,2,813,PI 576422,3,2,2.5,,C
2917,2,813,PI 597968,1,2,1.5,,C
2918,2,813,PI 533838,2,3,2.5,,C
2919,2,813,Check,1,2,1.5,,C
2920,2,813,PI 533750,1,1,1,,C
2921,2,813,PI 595744,2,2,2,,C
2922,2,813,PI 656093,1,1,1,,C
2923,2,813,SC0343,2,2.5,2.25,,C
2924,2,813,PI 576426,2.5,2.5,2.5,,C
2925,2,813,Check,3,2,2.5,,C
2926,2,813,PI 534070,3,2,2.5,,C
2927,2,813,PI 595724,3,3,3,,C
2928,2,813,Check,2.5,1,1.75,,C
2929,2,813,PI 533972,1,1,1,,C
2930,2,813,PI 533758,3,2.5,2.75,,C
2931,2,813,PI 534138,3,3,3,,C
2932,2,813,PI 534104,2,2,2,,C
2933,2,813,PI 595739,3,2,2.5,,C
2934,2,813,PI 533960,2,2,2,,C
2935,2,813,PI 576400,3,2,2.5,,C
2936,2,813,PI 17548,3,3,3,,C
2937,2,813,SC0400,2.5,2,2.25,,C
2938,2,813,SC1023,2,3,2.5,,C
2939,2,813,PI 533987,2.5,2.5,2.5,,C
2940,2,813,PI 533913,3,2,2.5,,C
2941,2,813,Check,2,2,2,,C
2942,2,813,PI 533828,3,3,3,,C
2943,2,813,PI 22326,3,2,2.5,,C
2944,2,813,SC0287,2.5,3,2.75,,C
2945,2,813,PI 534017,1,1,1,,C
2946,2,813,PI 533769,1.5,2,1.75,,C
2947,2,813,SC0582,3,2,2.5,,C
2948,2,813,PI 533834,2,2,2,,C
2949,2,813,PI 533969,2,2,2,,C
2950,2,813,PI 576338,3,2,2.5,,C
2951,2,813,PI 534061,3,2,2.5,,C
2952,2,813,PI 533997,2,2,2,,C
2953,2,813,PI 534128,1,1,1,,C
2954,2,813,PI 656098,2.5,2,2.25,,C
2955,2,813,Check,3,2,2.5,,C
2956,2,813,PI 655997,1,1,1,,C
2957,2,813,PI 534139,3,2,2.5,,C
2958,2,813,PI 576393,2,2,2,,C
2959,2,813,PI 576418,2.5,3,2.75,,C
2960,2,813,PI 576329,3,2,2.5,,C
2961,2,813,PI 533955,2.5,2,2.25,,C
2962,2,813,PI 576336,3,2,2.5,,C
2963,2,813,PI 576430,2,3,2.5,freckle,C
2964,2,813,Check,2,1,1.5,,C
2965,2,813,PI 533998,2,2,2,,C
2966,2,813,SC0191,3.5,3,3.25,,C
2967,2,813,Check,2.5,2,2.25,,C
2968,2,813,PI 533847,3,3,3,,C
2969,2,813,PI 533931,3,4,3.5,,C
2970,2,813,PI 576402,3,3,3,,C
2971,2,813,PI 656079,2,2.5,2.25,,C
2972,2,813,BTx645,1,1,1,,C
2973,2,813,PI 595710,3,2,2.5,,C
2974,2,813,PI 534093,3,3,3,,C
2975,2,813,SC0236,2,2.5,2.25,,C
2976,2,813,PI 533797,2,2,2,,C
2977,2,813,PI 533803,2.5,2,2.25,,C
2978,2,813,PI 533871,3,3,3,,C
2979,2,813,PI 533909,3,2,2.5,,C
2980,2,813,PI 533856,2,3,2.5,,C
2981,2,813,PI 656033,3,3,3,,C
2982,2,813,PI 534031,3.5,3,3.25,,C
2983,2,813,PI 576362,3,2.5,2.75,,C
2984,2,813,PI 534079,2,2,2,,C
2985,2,813,PI 533967,1.5,1,1.25,,C
2986,2,813,PI 534141,3,2,2.5,,C
2987,2,813,PI 534101,2,2,2,,C
2988,2,813,PI 576390,3.5,3.5,3.5,,C
2989,2,813,SC0521,3,3.5,3.25,,C
2990,2,813,PI 534042,3,3.5,3.25,,C
2991,2,813,PI 533854,3,3,3,,C
2992,2,813,PI 534011,3,2,2.5,,C
2993,2,813,PI 576381,2,1,1.5,,C
2994,2,813,PI 576432,2,2.5,2.25,,C
2995,2,813,PI 576363,2,2,2,,C
2996,2,813,PI 534145,3,2.5,2.75,,C
2997,2,813,PI 656042,3,2.5,2.75,,C
2998,2,813,SC0713,2,2,2,,C
2999,2,813,PI 534050,3,2,2.5,,C
