"","device","image_name","leaf_pixels","ExG_P20_disease_pct"
"1","device5","1003_LeafPhotoA_2025-09-08 09_16_15.481-05_00_leaf.png",4349252,0.0469735945399347
"2","device5","1011_LeafPhotoA_2025-09-08 09_42_35.227-05_00_leaf.png",3937303,0.0179564539482991
"3","device5","1014_LeafPhotoA_2025-09-08 09_46_05.675-05_00_leaf.png",3895466,15.3486643189801
"4","device5","1014_LeafPhotoA_2025-09-08 09_46_45.331-05_00_leaf.png",5064430,6.59622109497021
"5","device5","1017_LeafPhotoA_2025-09-08 09_50_06.635-05_00_leaf.png",3506386,0.148329362483195
"6","device5","1017_LeafPhotoA_2025-09-08 09_50_44.460-05_00_leaf.png",3648075,10.4516491574323
"7","device5","1019_LeafPhotoA_2025-09-08 09_52_56.602-05_00_leaf.png",3707244,11.7674747062778
"8","device5","1021_LeafPhotoA_2025-09-08 09_54_18.191-05_00_leaf.png",2671379,0.243507192352714
"9","device5","1022_LeafPhotoA_2025-09-08 09_56_58.902-05_00_leaf.png",4691346,1.60595701105823
"10","device5","1023_LeafPhotoA_2025-09-08 09_57_52.275-05_00_leaf.png",5607095,0.0123058375147915
"11","device5","1023_LeafPhotoA_2025-09-08 09_58_33.821-05_00_leaf.png",5039273,0.96680612461361
"12","device5","1025_LeafPhotoA_2025-09-08 10_00_48.160-05_00_leaf.png",4551271,0.0484040611952134
"13","device5","1025_LeafPhotoA_2025-09-08 10_01_00.108-05_00_leaf.png",4927363,0.0191583205864881
"14","device5","1026_LeafPhotoA_2025-09-08 10_01_43.312-05_00_leaf.png",5489685,0.0308214405744592
"15","device5","1027_LeafPhotoA_2025-09-08 10_02_50.654-05_00_leaf.png",4973583,0.00731866744759261
"16","device5","1031_LeafPhotoA_2025-09-08 10_05_56.491-05_00_leaf.png",4949719,0.289571993884905
"17","device5","1031_LeafPhotoA_2025-09-08 10_06_14.545-05_00_leaf.png",4492788,0.456576183875135
"18","device5","1066_LeafPhotoA_2025-09-08 12_58_34.508-05_00_leaf.png",3170340,1.61818606206274
"19","device7","1093_LeafPhotoA_2025-09-09 11_05_22.909-05_00_leaf.png",3012370,11.6436227953405
"20","device7","1094_LeafPhotoA_2025-09-09 11_05_53.371-05_00_leaf.png",4926487,0.902935499474575
"21","device7","1094_LeafPhotoA_2025-09-09 11_06_06.446-05_00_leaf.png",5164023,0.160766131366959
"22","device7","1094_LeafPhotoA_2025-09-09 11_06_18.391-05_00_leaf.png",4985420,1.00491031848871
"23","device7","1095_LeafPhotoA_2025-09-09 11_06_35.078-05_00_leaf.png",4544580,0.157088223774254
"24","device7","1096_LeafPhotoA_2025-09-09 11_07_25.616-05_00_leaf.png",3580451,0.378667380170822
"25","device7","1097_LeafPhotoA_2025-09-09 11_08_07.840-05_00_leaf.png",4382471,0.0626587146840219
"26","device7","1098_LeafPhotoA_2025-09-09 11_09_08.326-05_00_leaf.png",5225921,0.375187454995971
"27","device2","1105_LeafPhotoA_2025-09-08 09_38_45.129-05_00_leaf.png",6121865,1.0142987471955
"28","device2","1114_LeafPhotoA_2025-09-08 09_55_33.569-05_00_leaf.png",3294892,0.906615452039096
"29","device6","1167_LeafPhotoA_2025-09-08 16_37_34.329-05_00_leaf.png",1283651,0.100182993664166
"30","device1","1211_LeafPhotoA_2025-09-08 09_40_41.006-05_00_leaf.png",3102600,0.326854895893766
"31","device1","1218_LeafPhotoA_2025-09-08 09_55_48.140-05_00_leaf.png",4245966,10.2250701018331
"32","device1","1246_LeafPhotoA_2025-09-08 10_36_39.620-05_00_leaf.png",3941090,2.32209870873286
"33","device1","1246_LeafPhotoA_2025-09-08 10_36_51.001-05_00_leaf.png",3408937,0.018392830374982
"34","device7","1252_LeafPhotoA_2025-09-08 16_36_12.451-05_00_leaf.png",2575354,0.0461295806324101
"35","device7","1261_LeafPhotoA_2025-09-08 16_28_39.256-05_00_leaf.png",5008211,0.112455325863866
"36","device7","1272_LeafPhotoA_2025-09-08 16_15_18.232-05_00_leaf.png",4397664,7.66763900106966
"37","device7","1283_LeafPhotoA_2025-09-08 16_04_13.413-05_00_leaf.png",3698496,0.0201433231237779
"38","device7","1295_LeafPhotoA_2025-09-08 15_49_55.699-05_00_leaf.png",2383468,2.10474820723416
"39","device4","1364_LeafPhotoA_2025-09-08 12_46_15.472-05_00_leaf.png",3377110,2.31197680857301
"40","device4","1364_LeafPhotoA_2025-09-08 12_46_20.647-05_00_leaf.png",3378360,2.41954676233439
"41","device7","1397_LeafPhotoA_2025-09-08 13_28_16.462-05_00_leaf.png",3357869,1.65700329584031
"42","device3","1419_LeafPhotoB_2025-09-08 10_12_08.008-05_00_leaf.png",5838778,1.5515061541987
"43","device7","1510_LeafPhotoA_2025-09-09 09_05_34.354-05_00_leaf.png",4044881,0.00284309971047356
"44","device7","1530_LeafPhotoA_2025-09-09 09_27_58.432-05_00_leaf.png",4601475,2.8010800884499
"45","device7","1532_LeafPhotoA_2025-09-09 09_30_40.186-05_00_leaf.png",3841718,2.64764358029402
"46","device7","1547_LeafPhotoA_2025-09-09 09_48_32.347-05_00_leaf.png",5320516,0.198552170503763
"47","device6","1607_LeafPhotoA_2025-09-09 09_21_41.813-05_00_leaf.png",3629315,5.59821894765266
"48","device3","1701_LeafPhotoA_2025-09-09 10_10_43.191-05_00_leaf.png",5396378,1.38622609461383
"49","device3","1703_LeafPhotoA_2025-09-09 08_54_00.767-05_00_leaf.png",2304069,1.97719773149155
"50","device3","1703_LeafPhotoA_2025-09-09 08_54_19.208-05_00_leaf.png",5360542,1.61539635357768
"51","device3","1704_LeafPhotoA_2025-09-09 08_56_01.667-05_00_leaf.png",4278488,1.07432812713276
"52","device3","1707_LeafPhotoA_2025-09-09 09_00_57.756-05_00_leaf.png",3288993,17.7579581349063
"53","device3","1707_LeafPhotoA_2025-09-09 09_01_32.749-05_00_leaf.png",3704621,2.50479063850256
"54","device3","1711_LeafPhotoA_2025-09-09 09_06_57.472-05_00_leaf.png",2776086,23.5311153905174
"55","device3","1713_LeafPhotoA_2025-09-09 09_08_44.736-05_00_leaf.png",1918793,0.737546989174966
"56","device3","1714_LeafPhotoA_2025-09-09 09_10_15.671-05_00_leaf.png",3100260,2.2122660680072
"57","device3","1717_LeafPhotoA_2025-09-09 09_14_13.919-05_00_leaf.png",2871055,10.0091778109441
"58","device3","1718_LeafPhotoA_2025-09-09 09_15_04.331-05_00_leaf.png",3255978,4.94404446221688
"59","device3","1718_LeafPhotoA_2025-09-09 09_15_39.984-05_00_leaf.png",5264525,3.65541050712077
"60","device3","1725_LeafPhotoA_2025-09-09 09_26_33.121-05_00_leaf.png",3672185,1.01568956901681
"61","device3","1728_LeafPhotoA_2025-09-09 09_31_07.362-05_00_leaf.png",2534714,7.7601259944909
"62","device3","1729_LeafPhotoA_2025-09-09 09_34_46.373-05_00_leaf.png",4416102,8.92037819778619
"63","device3","1731_LeafPhotoA_2025-09-09 09_38_51.235-05_00_leaf.png",5252764,0.0777114677149021
"64","device3","1737_LeafPhotoA_2025-09-09 09_49_50.732-05_00_leaf.png",3386944,2.20145358175394
"65","device3","1741_LeafPhotoA_2025-09-09 09_56_46.070-05_00_leaf.png",4288109,7.44482008269846
"66","device2","1828_LeafPhotoA_2025-09-09 09_30_57.848-05_00_leaf.png",5326470,1.64033590727067
"67","device1","1918_LeafPhotoA_2025-09-09 15_02_50.307-05_00_leaf.png",3620315,13.0850492291417
"68","device1","1918_LeafPhotoA_2025-09-09 15_03_06.740-05_00_leaf.png",3767580,3.09355076733606
"69","device1","1942_LeafPhotoA_2025-09-09 15_58_03.414-05_00_leaf.png",4355366,2.31785342494752
"70","device1","1942_LeafPhotoA_2025-09-09 15_58_35.948-05_00_leaf.png",4229349,0.637994168842533
"71","device1","1945_LeafPhotoA_2025-09-09 16_03_42.302-05_00_leaf.png",3405619,0.412024950530285
"72","device1","1962_LeafPhotoA_2025-09-09 17_18_15.383-05_00_leaf.png",3340457,0.0540644588450023
"73","device5","2070_LeafPhotoA_2025-09-08 12_04_38.455-05_00_leaf.png",5446005,0.227414407441785
"74","device3","2168_LeafPhotoA_2025-09-09 12_03_43.292-05_00_leaf.png",2048307,3.95585232096556
"75","device3","2173_LeafPhotoA_2025-09-09 12_13_18.928-05_00_leaf.png",2458719,0.870859988473673
"76","device3","2173_LeafPhotoA_2025-09-09 12_14_11.365-05_00_leaf.png",2876217,1.65933237999775
"77","device3","2173_LeafPhotoA_2025-09-09 12_14_23.103-05_00_leaf.png",2546222,0.612122587896892
"78","device3","2174_LeafPhotoA_2025-09-09 12_15_03.048-05_00_leaf.png",3570141,0.925145533467726
"79","device3","2174_LeafPhotoA_2025-09-09 12_15_14.269-05_00_leaf.png",3406520,2.97793642779141
"80","device3","2174_LeafPhotoA_2025-09-09 12_15_26.621-05_00_leaf.png",3794828,1.95426512084342
"81","device3","2175_LeafPhotoA_2025-09-09 12_16_04.953-05_00_leaf.png",1666205,1.13827530225873
"82","device3","2175_LeafPhotoA_2025-09-09 12_16_18.005-05_00_leaf.png",2592202,8.33831622689898
"83","device3","2176_LeafPhotoA_2025-09-09 12_19_48.658-05_00_leaf.png",3191182,0.897347753904353
"84","device3","2176_LeafPhotoA_2025-09-09 12_20_00.501-05_00_leaf.png",3005567,0.339137340807907
"85","device3","2176_LeafPhotoA_2025-09-09 12_20_11.972-05_00_leaf.png",1761764,2.20211106595435
"86","device3","2178_LeafPhotoA_2025-09-09 12_23_02.870-05_00_leaf.png",2173551,0.949092061791971
"87","device3","2179_LeafPhotoA_2025-09-09 12_23_30.000-05_00_leaf.png",2792587,8.1115825576786
"88","device3","2179_LeafPhotoA_2025-09-09 12_23_39.813-05_00_leaf.png",3671466,12.0941879892119
"89","device3","2180_LeafPhotoA_2025-09-09 12_24_28.651-05_00_leaf.png",1893728,3.96091730174555
"90","device3","2180_LeafPhotoA_2025-09-09 12_24_37.417-05_00_leaf.png",2395349,4.38842106098109
"91","device3","2180_LeafPhotoA_2025-09-09 12_24_48.677-05_00_leaf.png",3244066,0.501746881845191
"92","device3","2181_LeafPhotoA_2025-09-09 12_25_24.274-05_00_leaf.png",1800461,1.01124100994134
"93","device3","2181_LeafPhotoA_2025-09-09 12_25_47.850-05_00_leaf.png",3515974,16.8322917063664
"94","device3","2182_LeafPhotoA_2025-09-09 12_26_51.449-05_00_leaf.png",3607242,1.24607664248753
"95","device3","2187_LeafPhotoA_2025-09-09 12_33_18.243-05_00_leaf.png",2204297,1.07594394040368
"96","device7","2273_LeafPhotoA_2025-09-08 17_10_20.317-05_00_leaf.png",6308963,0.24339974731188
"97","device7","2280_LeafPhotoA_2025-09-08 16_59_56.766-05_00_leaf.png",2893061,2.39984569976229
"98","device7","2281_LeafPhotoA_2025-09-08 16_59_13.027-05_00_leaf.png",2338010,88.3684415378891
"99","device7","2283_LeafPhotoA_2025-09-08 16_56_36.626-05_00_leaf.png",3443187,1.75636699371832
"100","device7","2295_LeafPhotoA_2025-09-08 16_45_22.277-05_00_leaf.png",2987956,0.243510948621733
"101","device3","2651_LeafPhotoA_2025-09-09 11_25_22.604-05_00_leaf.png",4127027,7.31720437011922
"102","device3","2652_LeafPhotoA_2025-09-09 11_26_23.246-05_00_leaf.png",4349989,16.3067538791477
"103","device3","2666_LeafPhotoA_2025-09-09 11_39_27.702-05_00_leaf.png",4026174,0.957484698872925
"104","device8","2686_LeafPhotoA_2025-09-09 10_48_44.524-05_00_leaf.png",4600237,3.87293089464738
"105","device3","2721_LeafPhotoA_2025-09-09 10_41_55.885-05_00_leaf.png",3278105,0.0344711350002517
"106","device3","2728_LeafPhotoA_2025-09-09 10_52_01.471-05_00_leaf.png",2957387,3.11240970491856
"107","device2","2807_LeafPhotoA_2025-09-09 10_15_33.932-05_00_leaf.png",4204962,2.34989043896235
"108","device2","2819_LeafPhotoA_2025-09-09 10_31_56.479-05_00_leaf.png",4337787,1.37526346959867
"109","device7","2957_LeafPhotoA_2025-09-09 16_00_50.634-05_00_leaf.png",4273523,0.347160878741029
"110","device7","2957_LeafPhotoA_2025-09-09 16_01_36.267-05_00_leaf.png",2526383,0.827230075566531
"111","device2","5011_LeafPhotoA_2025-09-09 16_15_48.428-05_00_leaf.png",2957884,0.285575769705641
