marker,embedding_name,NE,NE-C,AL,GA,External Environments Stable
9:60446599:A:G,514 (Mean),1,1,1,1,2
4:65205059:T:C,166 (SD),1,0,1,1,2
1:65371952:C:T,129 (Mean),1,1,0,1,1
1:65370402:C:G,139 (Mean),1,0,0,1,1
9:60035864:A:T,37 (Mean),1,0,-0,1,1
2:62930055:T:A,437 (Mean),1,1,0,1,1
8:50179003:C:T,514 (Mean),1,1,1,0,1
10:60309710:C:G,637 (Mean),1,1,-0,1,1
4:39980953:G:A,698 (Mean),1,1,0,1,1
5:60007887:G:C,984 (Mean),1,0,-0,1,1
7:4717906:C:G,132 (SD),1,1,1,0,1
9:60035864:A:T,383 (SD),1,1,1,0,1
10:10589996:T:C,517 (SD),1,0,-0,1,1
5:60007887:G:C,793 (SD),1,0,0,1,1
2:52334639:A:T,821 (SD),1,0,-0,1,1
3:59834531:G:A,918 (SD),1,1,1,0,1
4:65196312:A:C,930 (SD),1,1,1,0,1
7:16429204:G:C,981 (SD),1,0,1,0,1
1:77399985:T:C,108 (Mean),1,-0,-0,-0,0
5:60007887:G:C,119 (Mean),1,0,0,-0,0
3:64823118:A:G,129 (Mean),1,1,-0,-0,0
9:62298007:G:A,129 (Mean),1,1,-0,0,0
6:46829866:C:T,129 (Mean),1,1,0,0,0
4:25707408:C:T,165 (Mean),1,1,0,-0,0
4:22551064:G:A,210 (Mean),1,1,0,-0,0
4:38441478:C:G,210 (Mean),1,1,0,0,0
4:43891946:C:A,514 (Mean),1,1,0,0,0
8:57403783:AT:A,546 (Mean),1,1,0,0,0
4:22551064:G:A,582 (Mean),1,1,0,-0,0
9:62154422:T:C,586 (Mean),1,0,-0,-0,0
2:2510254:C:T,637 (Mean),1,0,-0,-0,0
1:12547681:T:C,656 (Mean),1,0,0,0,0
9:60186716:T:A,734 (Mean),1,1,0,0,0
5:60007887:G:C,792 (Mean),1,0,-0,0,0
1:65370402:C:G,901 (Mean),1,0,-0,0,0
9:60457109:G:A,901 (Mean),1,1,0,0,0
1:19784822:A:AATCGGCTT,901 (Mean),1,1,-0,0,0
1:12518245:G:A,930 (Mean),1,0,0,0,0
7:63087208:C:T,930 (Mean),1,1,-0,0,0
10:52225998:T:A,930 (Mean),1,0,0,0,0
3:12740766:G:C,968 (Mean),1,0,0,0,0
4:26708687:C:T,984 (Mean),1,0,0,0,0
4:22551064:G:A,567 (SD),1,1,0,0,0
1:408094:C:G,567 (SD),1,1,0,0,0
4:20428444:T:C,594 (SD),1,0,0,0,0
7:530343:A:G,594 (SD),1,1,-0,0,0
9:62154422:T:C,793 (SD),1,0,-0,-0,0
2:7435977:G:A,793 (SD),1,0,0,0,0
4:59983152:G:A,793 (SD),1,1,0,0,0
7:17343489:A:C,793 (SD),1,0,0,-0,0
5:46404986:A:T,793 (SD),0,0,0,-0,0
2:14166904:A:G,918 (SD),1,0,0,0,0
5:66872191:AC:A,930 (SD),0,-0,0,0,0
2:2512849:C:T,930 (SD),1,0,-0,0,0
2:12830566:T:C,968 (SD),1,1,-0,-0,0
3:80000107:C:T,968 (SD),1,1,-0,-0,0
8:63746589:G:A,976 (SD),1,1,0,0,0
5:1288288:T:G,981 (SD),0,0,-0,0,0
9:60035864:A:T,983 (SD),1,1,0,0,0
10:57543547:C:T,129 (Mean),1,1,-1,-0,-1
1:65781144:G:GT,839 (SD),1,0,0,-1,-1
1:80217753:T:C,976 (SD),1,1,0,-1,-1
