marker,pval_al,pval_ga
1:408094:C:G,4.26e-01,1.31e-04
1:12518245:G:A,5.31e-01,1.12e-02
1:12547681:T:C,3.81e-01,5.24e-04
1:19784822:A:AATCGGCTT,1.74e-01,2.57e-02
1:65370402:C:G,3.31e-04,7.09e-03
1:65371952:C:T,6.86e-04,1.93e-02
1:65781144:G:GT,4.58e-03,2.24e-01
1:77399985:T:C,2.17e-01,4.19e-01
1:80217753:T:C,8.23e-01,4.79e-01
2:2510254:C:T,8.66e-01,1.14e-01
2:2512849:C:T,8.78e-01,1.14e-01
2:7435977:G:A,6.09e-01,2.10e-03
2:12830566:T:C,2.90e-01,1.11e-01
2:14166904:A:G,8.61e-02,8.41e-03
2:52334639:A:T,3.30e-01,2.01e-03
2:62930055:T:A,2.98e-01,1.41e-04
3:12740766:G:C,1.70e-01,8.69e-04
3:59834531:G:A,3.91e-01,9.32e-01
3:64823118:A:G,2.05e-01,4.78e-07
3:80000107:C:T,1.06e-01,1.88e-02
4:20428444:T:C,6.56e-05,1.89e-01
4:22551064:G:A,8.79e-02,1.03e-03
4:25707408:C:T,2.95e-01,4.30e-01
4:26708687:C:T,3.13e-02,4.46e-01
4:38441478:C:G,2.10e-01,7.04e-02
4:39980953:G:A,1.22e-01,1.69e-01
4:43891946:C:A,5.79e-02,2.28e-02
4:51383685:T:G,8.63e-01,1.94e-01
4:59295200:G:A,4.76e-02,4.93e-01
4:59983152:G:A,2.74e-02,2.13e-01
4:65196312:A:C,2.84e-03,2.59e-01
4:65205059:T:C,7.32e-02,8.97e-02
5:1288288:T:G,8.19e-01,9.26e-02
5:46404986:A:T,9.67e-01,9.63e-01
5:60007887:G:C,7.38e-01,2.99e-01
5:66872191:AC:A,6.03e-01,2.95e-01
6:46829866:C:T,3.10e-01,6.42e-04
6:58584404:G:A,7.63e-05,1.30e-07
7:530343:A:G,2.63e-02,1.14e-03
7:4717906:C:G,8.32e-03,3.45e-04
7:16429204:G:C,9.86e-01,6.80e-01
7:17343489:A:C,3.42e-01,2.21e-01
7:63087208:C:T,2.54e-01,8.45e-01
8:2354126:C:T,8.78e-01,1.19e-01
8:50179003:C:T,8.63e-02,5.48e-03
8:57403783:AT:A,7.40e-02,1.56e-01
8:63746589:G:A,2.79e-02,1.21e-01
9:60035864:A:T,5.55e-05,3.00e-01
9:60186716:T:A,1.40e-01,6.66e-01
9:60446599:A:G,5.83e-03,5.59e-01
9:60457109:G:A,3.83e-02,1.14e-01
9:62154422:T:C,2.10e-01,6.02e-01
9:62298007:G:A,1.98e-01,4.18e-01
10:10589996:T:C,4.65e-01,1.40e-01
10:52225998:T:A,6.43e-01,4.64e-01
10:57543547:C:T,4.87e-01,3.73e-04
10:60309710:C:G,5.81e-01,4.98e-03
