Marker,Gene,Embedding,Annotation
1:65370402:C:G,Sobic.001G323801,"139 (Mean), 901 (Mean)",PLANT INVERTASE_PECTIN METHYLESTERASE INHIBITOR SUPERFAMILY PROTEIN
1:65371952:C:T,Sobic.001G323801,129 (Mean),PLANT INVERTASE_PECTIN METHYLESTERASE INHIBITOR SUPERFAMILY PROTEIN
1:80217753:T:C,Sobic.001G489600,976 (SD),AVRRPT-CLEAVAGE DOMAIN-CONTAINING PROTEIN
2:2510254:C:T,Sobic.002G029100,637 (Mean),PROTEIN ESSENTIAL FOR POTEXVIRUS ACCUMULATION 1
2:2512849:C:T,Sobic.002G029100,930 (SD),PROTEIN ESSENTIAL FOR POTEXVIRUS ACCUMULATION 1
2:12830566:T:C,Sobic.002G106700,968 (SD),weakly similar to Putative wall-associated serine/threonine kinase
3:12740766:G:C,Sobic.003G133800,968 (Mean), LEUCINE-RICH REPEAT-CONTAINING N-TERMINAL PLANT-TYPE DOMAIN-CONTAINING PROTEIN
3:64823118:A:G,Sobic.003G248100,129 (Mean),similar to Mitogen-activated protein kinase 8
3:80000107:C:T,Sobic.003G435900,968 (SD),DISEASE RESISTANCE PROTEIN RFL1-RELATED
6:46829866:C:T,Sobic.006G086900,129 (Mean),PECTINESTERASE_PECTINESTERASE INHIBITOR 51-RELATED
7:4717906:C:G,Sobic.007G045800,132 (SD),RECEPTOR-LIKE SERINE_THREONINE-PROTEIN KINASE
9:62298007:G:A,Sobic.009G249100,129 (Mean),similar to Disease resistance protein-like
2:2510254:C:T,Sobic.002G027700,637 (Mean),RECEPTOR-LIKE PROTEIN 57
2:2512849:C:T,Sobic.002G027700,930 (SD),RECEPTOR-LIKE PROTEIN 57
9:62154422:T:C,Sobic.009G249100,"793 (SD), 586 (Mean)",similar to Disease resistance protein-like
