embedding_set,group_id,n_embeddings,median_within_group_abs_spearman,top_trait,top_trait_category,top_trait_rho,top_trait_p,top_trait_n,top_field_trait,top_field_trait_category,top_field_trait_rho,top_field_trait_p,top_field_trait_n,example_embeddings
dinov2,51,175,0.24082579807201063,NE2025_image__leaf_pixels,image_leaf_size,0.7933575306076059,3.0312715109341355e-202,930,MI2020__leaf_width_cm,architecture,0.4650182127580118,1.4861260871636743e-20,357,dinov2_mean_41;dinov2_mean_52;dinov2_mean_53;dinov2_mean_56;dinov2_mean_62;dinov2_mean_73;dinov2_mean_92;dinov2_mean_100
dinov2,37,54,0.19580481363880328,NE2025_image__log_leaf_pixels,image_leaf_size,0.8908486237204378,3.0365e-320,930,MI2020__leaf_width_cm,architecture,0.47294091396936283,2.694698480462533e-21,357,dinov2_mean_79;dinov2_mean_86;dinov2_mean_107;dinov2_mean_142;dinov2_mean_149;dinov2_mean_221;dinov2_mean_269;dinov2_mean_376
dinov2,39,43,0.6387551507844377,NE2025_image__leaf_pixels,image_leaf_size,-0.9580094253903184,0.0,930,MI2020__leaf_width_cm,architecture,-0.5093833087221793,5.751092788370312e-25,357,dinov2_mean_25;dinov2_mean_32;dinov2_mean_224;dinov2_mean_240;dinov2_mean_284;dinov2_mean_287;dinov2_mean_345;dinov2_mean_354
dinov2,28,26,0.6224021661097432,NE2025_image__leaf_pixels,image_leaf_size,-0.9248438786519051,0.0,930,NE2020__leaf_width_cm,architecture,-0.4885916007173666,2.3026209331511772e-20,316,dinov2_mean_22;dinov2_mean_37;dinov2_mean_99;dinov2_mean_209;dinov2_mean_253;dinov2_mean_257;dinov2_mean_346;dinov2_mean_388
dinov2,22,25,0.3030582160416001,NE2025_image__log_leaf_pixels,image_leaf_size,-0.6851897199436068,6.9414168399325576e-130,930,NE2025__seed_red_intensity,seed_color,-0.4549303365129058,3.439573538086501e-17,309,dinov2_mean_219;dinov2_mean_288;dinov2_mean_322;dinov2_mean_364;dinov2_mean_555;dinov2_mean_593;dinov2_mean_635;dinov2_mean_638
dinov2,31,25,0.19601847092544394,NE2025_image__log_leaf_pixels,image_leaf_size,-0.7582401145529681,1.3946434523610832e-174,930,NE2020__stem_diameter_lower_mm,architecture,-0.36423669434246697,2.569379927447694e-11,315,dinov2_mean_64;dinov2_mean_95;dinov2_mean_272;dinov2_mean_807;dinov2_mean_965;dinov2_mean_991;dinov2_std_199;dinov2_std_248
dinov2,19,15,0.4975090961614297,NE2025_image__leaf_pixels,image_leaf_size,-0.8200192407568304,4.0193250015171465e-227,930,MI2020__leaf_width_cm,architecture,-0.42083971481002413,9.342398956214722e-17,357,dinov2_mean_143;dinov2_mean_245;dinov2_mean_366;dinov2_mean_481;dinov2_mean_515;dinov2_mean_742;dinov2_mean_772;dinov2_mean_802
dinov2,6,14,0.5364474141170857,NE2025_image__leaf_pixels,image_leaf_size,-0.8921700848840831,1.5e-322,930,MI2020__leaf_width_cm,architecture,-0.4830365919373285,2.86550874288593e-22,357,dinov2_mean_76;dinov2_mean_179;dinov2_mean_180;dinov2_mean_258;dinov2_mean_348;dinov2_mean_433;dinov2_mean_762;dinov2_mean_848
dinov2,24,11,0.399896810226885,NE2025_image__log_leaf_pixels,image_leaf_size,-0.6758973462322283,3.9367244883592294e-125,930,NE2025__days_to_flower,phenology,-0.42423193943542675,6.879103837875017e-39,860,dinov2_mean_16;dinov2_mean_157;dinov2_mean_311;dinov2_mean_385;dinov2_mean_669;dinov2_mean_818;dinov2_mean_889;dinov2_mean_937
dinov2,45,11,0.35946949970993824,NE2025_image__leaf_pixels,image_leaf_size,-0.556921256717045,7.08096053299346e-77,930,NE2020__leaf_width_cm,architecture,-0.36124734266145303,3.5641570829142014e-11,316,dinov2_mean_266;dinov2_mean_422;dinov2_mean_439;dinov2_mean_809;dinov2_std_215;dinov2_std_332;dinov2_std_442;dinov2_std_560
dinov2,14,10,0.6688814096087402,NE2025_image__log_leaf_pixels,image_leaf_size,-0.9128486538563989,0.0,930,MI2020__leaf_width_cm,architecture,-0.4709074571428672,4.194502393385752e-21,357,dinov2_mean_213;dinov2_mean_259;dinov2_mean_436;dinov2_mean_446;dinov2_mean_803;dinov2_std_82;dinov2_std_780;dinov2_std_885
dinov2,12,9,0.6044922300571829,NE2025_image__log_leaf_pixels,image_leaf_size,-0.7885716815519836,3.627230664023127e-198,930,NE2025__leaf_number,architecture,-0.4811300131315486,2.5622289775541937e-51,865,dinov2_mean_130;dinov2_mean_185;dinov2_mean_274;dinov2_mean_456;dinov2_mean_689;dinov2_mean_716;dinov2_mean_981;dinov2_mean_992
dinov2,16,7,0.6236113628479905,NE2025_image__log_leaf_pixels,image_leaf_size,-0.8722543133568962,1.5819859809459284e-290,930,MI2020__leaf_width_cm,architecture,-0.4725905316873915,2.9088030438196382e-21,357,dinov2_mean_90;dinov2_mean_210;dinov2_mean_644;dinov2_mean_835;dinov2_mean_983;dinov2_std_305;dinov2_std_684
dinov2,59,7,0.4411592558221416,NE2025_image__log_leaf_pixels,image_leaf_size,-0.6602903210363292,1.5746359521326784e-117,930,NE2020__stem_diameter_lower_mm,architecture,-0.374349474493179,6.465415738823872e-12,315,dinov2_mean_457;dinov2_mean_909;dinov2_std_527;dinov2_std_591;dinov2_std_752;dinov2_std_837;dinov2_std_909
dinov2,77,7,0.6112325078174019,NE2025_image__leaf_pixels,image_leaf_size,-0.8961245846803702,0.0,930,MI2020__leaf_width_cm,architecture,-0.4921634108064444,3.540796638353807e-23,357,dinov2_mean_28;dinov2_mean_335;dinov2_mean_375;dinov2_mean_382;dinov2_mean_577;dinov2_std_180;dinov2_std_470
dinov2,2,6,0.42414703564078154,NE2025_image__leaf_pixels,image_leaf_size,-0.8657854613170683,2.8794602541439585e-281,930,NE2020__leaf_width_cm,architecture,-0.48793862734970384,2.629516482782609e-20,316,dinov2_mean_974;dinov2_std_112;dinov2_std_171;dinov2_std_212;dinov2_std_239;dinov2_std_961
dinov2,4,6,0.3713694604919428,NE2020__flag_leaf_width_cm,architecture,0.31879234054865097,7.157001483165385e-09,315,NE2020__flag_leaf_width_cm,architecture,0.31879234054865097,7.157001483165385e-09,315,dinov2_mean_164;dinov2_mean_175;dinov2_mean_205;dinov2_mean_435;dinov2_mean_704;dinov2_mean_859
dinov2,40,6,0.13225841028594523,NE2025_image__log_leaf_pixels,image_leaf_size,-0.3137831217528845,1.0723045338057897e-22,930,NE2021__days_to_flower,phenology,-0.2663867161947071,7.481615621246813e-15,824,dinov2_mean_135;dinov2_mean_227;dinov2_mean_798;dinov2_std_72;dinov2_std_80;dinov2_std_456
dinov2,47,6,0.4567674805544388,NE2025_image__leaf_pixels,image_leaf_size,-0.8158703268219515,5.482651805015479e-223,930,MI2020__leaf_width_cm,architecture,-0.44550889564871066,8.276693615791756e-19,357,dinov2_mean_14;dinov2_mean_207;dinov2_mean_309;dinov2_mean_951;dinov2_std_169;dinov2_std_543
dinov2,25,5,0.1755681031882858,NE2025_image__leaf_pixels,image_leaf_size,-0.5548322315566627,3.3806987743834394e-76,930,NE2020__leaf_width_cm,architecture,-0.36432947583455927,2.3595828535396836e-11,316,dinov2_mean_475;dinov2_mean_640;dinov2_mean_744;dinov2_std_400;dinov2_std_569
dinov2,30,5,0.24399118923551544,NE2025_image__human_score,disease_severity,0.40414779100134507,3.0813976167634037e-24,581,NE2025__seed_red_intensity,seed_color,-0.36173643183912785,5.5148622053049637e-11,309,dinov2_mean_159;dinov2_mean_177;dinov2_std_188;dinov2_std_553;dinov2_std_937
dinov2,11,4,0.41697241908778576,NE2025_image__leaf_pixels,image_leaf_size,-0.6162895073657959,2.2808548791456964e-98,930,NE2025__seed_mass_g,yield,-0.37117349818689344,1.7569562258973242e-29,860,dinov2_mean_18;dinov2_mean_342;dinov2_mean_522;dinov2_std_510
dinov2,23,4,0.6144173034717695,NE2025_image__leaf_pixels,image_leaf_size,-0.8254278968443921,1.123808988559451e-232,930,NE2025__leaf_number,architecture,-0.47377154856668574,1.320872739435061e-49,865,dinov2_mean_735;dinov2_mean_1012;dinov2_std_681;dinov2_std_985
dinov2,42,4,0.24287082284573644,NE2025_image__leaf_pixels,image_leaf_size,-0.8293858428798699,7.30695787754431e-237,930,MI2020__leaf_width_cm,architecture,-0.46911440185947806,6.181171733507133e-21,357,dinov2_mean_139;dinov2_mean_184;dinov2_mean_222;dinov2_std_892
dinov2,44,4,0.3945240547067037,NE2025_image__leaf_pixels,image_leaf_size,-0.8543607681330494,4.892449216825395e-266,930,MI2020__leaf_width_cm,architecture,-0.44185909120079103,1.7068408684736344e-18,357,dinov2_mean_308;dinov2_mean_524;dinov2_std_446;dinov2_std_848
dinov2,71,4,0.4859068483706278,NE2025_image__log_leaf_pixels,image_leaf_size,-0.8240138198673426,3.318928743193585e-231,930,MI2021__leaf_width_cm,architecture,-0.4224871857989307,4.62805129032617e-17,361,dinov2_mean_51;dinov2_mean_262;dinov2_std_222;dinov2_std_688
dinov2,1,3,0.46250519633369547,NE2025_image__percentUnhealthy,disease_severity,0.6275852968321846,4.2020433043377814e-103,931,NE2025__seed_mass_g,yield,-0.32708047867358986,6.845478448941498e-23,860,dinov2_mean_830;dinov2_std_4;dinov2_std_343
dinov2,5,3,0.16136494038303562,NE2025_image__leaf_pixels,image_leaf_size,0.41507358168267283,4.944805849682696e-40,930,MI2021__leaf_width_cm,architecture,0.2993055652981489,6.608147264734226e-09,361,dinov2_mean_574;dinov2_mean_682;dinov2_std_676
dinov2,20,3,0.15405833577107778,NE2025_image__leaf_pixels,image_leaf_size,0.524427629648736,7.712783233711141e-67,930,MI2020__leaf_width_cm,architecture,0.29942163846007636,7.904323801293449e-09,357,dinov2_mean_750;dinov2_mean_1005;dinov2_std_724
dinov2,26,3,0.27472411008919273,NE2025_image__percentUnhealthy,disease_severity,0.5689648444039834,5.691724939644559e-81,931,NE2021__leaf_number,architecture,-0.3434511482150773,1.0396134475315605e-13,443,dinov2_std_43;dinov2_std_136;dinov2_std_941
dinov2,29,3,0.3424744276832941,NE2025_image__log_leaf_pixels,image_leaf_size,-0.6343086538353017,7.714073864856516e-106,930,NE2020__stem_diameter_lower_mm,architecture,-0.341942890051981,4.556584009683006e-10,315,dinov2_std_93;dinov2_std_377;dinov2_std_763
dinov2,32,3,0.2240431123471514,NE2023__oil_pct,composition,-0.2757324245667348,1.1358556827114884e-06,302,NE2023__oil_pct,composition,-0.2757324245667348,1.1358556827114884e-06,302,dinov2_mean_1023;dinov2_std_388;dinov2_std_863
dinov2,34,3,0.4335058244571154,NE2025_image__log_leaf_pixels,image_leaf_size,0.6589569770609286,6.691713913709492e-117,930,NE2025__days_to_flower,phenology,0.39974330314038375,2.4661224086059613e-34,860,dinov2_mean_469;dinov2_std_596;dinov2_std_927
dinov2,35,3,0.20688516158307654,NE2023__starch_pct,composition,0.2849801363288344,4.735905851152349e-07,302,NE2023__starch_pct,composition,0.2849801363288344,4.735905851152349e-07,302,dinov2_mean_72;dinov2_std_913;dinov2_std_996
dinov2,41,3,0.30305355463703615,NE2025_image__human_score,disease_severity,0.3528885724196551,1.7638761063398853e-18,581,NE2025__seed_mass_g,yield,-0.3391972369153915,1.3426098580007405e-24,860,dinov2_std_263;dinov2_std_402;dinov2_std_736
dinov2,43,3,0.3832925491419872,NE2025_image__log_leaf_pixels,image_leaf_size,-0.5426003968646903,2.566232622315118e-72,930,MI2020__leaf_width_cm,architecture,-0.27750012989356,9.828855094834674e-08,357,dinov2_mean_63;dinov2_mean_657;dinov2_std_494
dinov2,66,3,0.17242339426105718,NE2025_image__percentUnhealthy,disease_severity,0.5852698230450302,1.12108810040367e-86,931,MI2020__final_green_leaves,architecture,-0.3231798730490335,4.0138507549711407e-10,357,dinov2_mean_267;dinov2_std_183;dinov2_std_869
dinov2,70,3,0.2124670397457922,NE2025_image__percentUnhealthy,disease_severity,0.3566769285402848,2.588405616580168e-29,931,MI2020__stem_diameter_lower_mm,architecture,-0.2432962519779527,3.304981876444687e-06,357,dinov2_mean_88;dinov2_mean_105;dinov2_std_704
dinov2,73,3,0.19822399133999596,NE2025_image__log_leaf_pixels,image_leaf_size,-0.5381726189885292,5.955462496271387e-71,930,NE2020__stem_diameter_lower_mm,architecture,-0.3919282046367062,5.227481630507895e-13,315,dinov2_mean_586;dinov2_std_517;dinov2_std_544
dinov2,80,3,0.1012253341895805,NE2023__chlorophyll_concentration_umol_per_m2,physiology,0.1289374196905344,0.016884258824230832,343,NE2023__chlorophyll_concentration_umol_per_m2,physiology,0.1289374196905344,0.016884258824230832,343,dinov2_mean_316;dinov2_mean_462;dinov2_std_259
dinov2,81,3,0.53498488913936,NE2025_image__log_leaf_pixels,image_leaf_size,0.6573402606873805,3.8294480698083246e-116,930,MI2020__leaf_width_cm,architecture,0.3167134062831031,9.273948566163752e-10,357,dinov2_mean_781;dinov2_std_173;dinov2_std_256
dinov2,89,3,0.24333907597643242,NE2025_image__leaf_pixels,image_leaf_size,0.5487102934693149,3.0982245969785927e-74,930,NE2020__leaf_width_cm,architecture,0.34322174093334185,3.6453969996657107e-10,316,dinov2_mean_0;dinov2_mean_553;dinov2_mean_956
dinov2,7,2,0.09334010020093053,MI2021__stem_diameter_lower_mm,architecture,0.24120044739724572,3.5601921590260876e-06,361,MI2021__stem_diameter_lower_mm,architecture,0.24120044739724572,3.5601921590260876e-06,361,dinov2_mean_987;dinov2_std_644
dinov2,8,2,0.6842966576005334,NE2025_image__log_leaf_pixels,image_leaf_size,-0.7964655794732144,5.955970281679609e-205,930,NE2025__leaf_number,architecture,-0.39065879364804523,6.401418933850129e-33,865,dinov2_std_519;dinov2_std_814
dinov2,15,2,0.22561036850515753,NE2025_image__leaf_pixels,image_leaf_size,0.6452305019325458,1.2940946256526917e-110,930,NE2021__leaf_width_cm,architecture,0.3015134771706729,2.5917522604270883e-11,469,dinov2_mean_429;dinov2_std_129
dinov2,17,2,0.10074250867666883,NE2025_image__percentUnhealthy,disease_severity,-0.27592799127404877,9.917744818666484e-18,931,NE2021__primary_branch_count,panicle,0.2033817957748536,0.00032028441638888864,309,dinov2_std_90;dinov2_std_254
dinov2,18,2,0.17345421030296831,NE2025_image__log_leaf_pixels,image_leaf_size,-0.5501848532502434,1.0524979243032594e-74,930,NE2021__days_to_flower,phenology,-0.3347516763482691,5.0292252102984586e-23,824,dinov2_mean_12;dinov2_mean_885
dinov2,21,2,0.4418731571987196,NE2025_image__leaf_pixels,image_leaf_size,-0.66122423441118,5.690319612675702e-118,930,NE2021__days_to_flower,phenology,-0.3725562399317923,1.5779925832345307e-28,824,dinov2_std_808;dinov2_std_862
dinov2,27,2,0.3262166722249719,NE2025_image__leaf_pixels,image_leaf_size,-0.7456221274818756,8.963511858206301e-166,930,MI2020__leaf_width_cm,architecture,-0.36787910980514227,6.980013867396697e-13,357,dinov2_mean_493;dinov2_std_355
dinov2,36,2,0.40288620379065826,NE2025_image__leaf_pixels,image_leaf_size,-0.73304293794192,1.693793756505686e-157,930,MI2020__leaf_width_cm,architecture,-0.4214506749576995,8.348811163088836e-17,357,dinov2_mean_877;dinov2_std_465
dinov2,38,2,0.5768990220785619,NE2025_image__leaf_pixels,image_leaf_size,-0.7446125471549123,4.311919301823806e-165,930,MI2020__leaf_width_cm,architecture,-0.4291390030697095,1.988608909342865e-17,357,dinov2_mean_336;dinov2_mean_563
dinov2,46,2,0.16733167343612582,NE2025_image__log_leaf_pixels,image_leaf_size,-0.4839182441668607,9.276372311132415e-56,930,NE2025__seed_mass_g,yield,-0.3155218897710615,2.4769405908531347e-21,860,dinov2_std_762;dinov2_std_879
dinov2,48,2,0.6599565607122762,NE2025_image__leaf_pixels,image_leaf_size,-0.8095556570453107,6.844274216619366e-217,930,MI2020__leaf_width_cm,architecture,-0.49530761725264194,1.6978517037930883e-23,357,dinov2_std_17;dinov2_std_506
dinov2,49,2,0.10278956161771764,NE2025_image__leaf_pixels,image_leaf_size,0.3622402807479262,3.2406081878466465e-30,930,NE2020__leaf_width_cm,architecture,0.27422960931934226,7.393832569573191e-07,316,dinov2_std_29;dinov2_std_88
dinov2,50,2,0.2873702032068165,NE2025__flag_leaf_height_cm,architecture,0.26980662834925634,7.634318860920543e-16,862,NE2025__flag_leaf_height_cm,architecture,0.26980662834925634,7.634318860920543e-16,862,dinov2_mean_912;dinov2_mean_952
dinov2,58,2,0.578480999351054,NE2025_image__log_leaf_pixels,image_leaf_size,-0.49154939802646797,9.824742278687748e-58,930,MI2021__leaf_width_cm,architecture,-0.24494886435395405,2.479242490807447e-06,361,dinov2_mean_27;dinov2_std_995
dinov2,60,2,0.22345606607606885,NE2025_image__percentUnhealthy,disease_severity,-0.4851225727844864,3.9855521828603573e-56,931,NE2020__oil_pct,composition,0.17802195816388042,0.0017088334436548673,308,dinov2_mean_33;dinov2_std_438
dinov2,61,2,0.5254773173484903,NE2025_image__leaf_pixels,image_leaf_size,0.3145618077033735,8.315140553862903e-23,930,MI2021__plant_height_cm,architecture,-0.2287377357987094,1.1373062995445705e-05,361,dinov2_mean_514;dinov2_std_815
dinov2,67,2,0.21666589708984355,NE2025_image__leaf_pixels,image_leaf_size,-0.787883943449613,1.3704811194191572e-197,930,MI2020__leaf_width_cm,architecture,-0.4615099063110539,3.121131469771423e-20,357,dinov2_mean_445;dinov2_std_793
dinov2,68,2,0.22621389701601827,NE2025_image__log_leaf_pixels,image_leaf_size,0.45650241930501395,4.6232235275414024e-49,930,NE2020__stem_diameter_lower_mm,architecture,0.28270096463074595,3.3617980689096476e-07,315,dinov2_std_291;dinov2_std_776
dinov2,69,2,0.6625223951925945,NE2025_image__leaf_pixels,image_leaf_size,-0.8625971077205278,7.036346963076887e-277,930,MI2020__leaf_width_cm,architecture,-0.453538148942799,1.6326531858957352e-19,357,dinov2_mean_239;dinov2_std_746
dinov2,72,2,0.0305811294309456,NE2025_image__leaf_pixels,image_leaf_size,-0.5413884823109836,6.096773802548674e-72,930,NE2021__leaf_width_cm,architecture,-0.31943930038780405,1.381030434233115e-12,469,dinov2_std_299;dinov2_std_671
dinov2,74,2,0.480363229894321,NE2025_image__log_leaf_pixels,image_leaf_size,-0.4525144342971958,3.88538572389178e-48,930,MI2021__plant_height_cm,architecture,0.36764304143298976,5.384219460989731e-13,361,dinov2_mean_957;dinov2_std_498
dinov2,75,2,0.411341937585314,NE2025_image__log_leaf_pixels,image_leaf_size,-0.5757917958326947,3.1116590502010235e-83,930,NE2021__leaf_number,architecture,-0.3472280578160477,5.353692846172048e-14,443,dinov2_mean_611;dinov2_std_480
dinov2,76,2,0.6171348364171505,NE2025_image__log_leaf_pixels,image_leaf_size,-0.691436345181641,3.502573802445508e-133,930,MI2021__leaf_width_cm,architecture,-0.36778189464810723,5.269382726991695e-13,361,dinov2_mean_386;dinov2_mean_707
dinov2,78,2,0.3332990088549109,NE2025_image__log_leaf_pixels,image_leaf_size,0.40636824127392945,2.733418257873843e-38,930,MI2021__leaf_width_cm,architecture,0.26119736102080826,4.824141996446241e-07,361,dinov2_std_32;dinov2_std_405
dinov2,79,2,0.2771791593097714,NE2025_image__log_leaf_pixels,image_leaf_size,-0.3197620495658208,1.4922006451408735e-23,930,MI2020__leaf_width_cm,architecture,-0.19557410605061398,0.00020058932800674588,357,dinov2_mean_948;dinov2_std_280
dinov2,82,2,0.022282328463185282,NE2025_image__leaf_pixels,image_leaf_size,-0.4333530012643968,7.313409123936114e-44,930,MI2021__leaf_width_cm,architecture,-0.2983407538158074,7.426140715279446e-09,361,dinov2_mean_396;dinov2_std_176
dinov2,83,2,0.42418922828165756,NE2025_image__human_score,disease_severity,-0.4359973276869578,2.34246733000672e-28,581,NE2020__leaf_number,architecture,0.2418089301813454,1.3856548638139218e-05,316,dinov2_mean_357;dinov2_std_122
dinov2,84,2,0.42552799448933415,NE2025_image__percentUnhealthy,disease_severity,0.5065307109473574,7.979477955277149e-62,931,NE2025__seed_mass_g,yield,-0.3913574282017384,7.351778488819305e-33,860,dinov2_mean_168;dinov2_std_102
dinov2,86,2,0.08488803062857164,NE2025_image__leaf_pixels,image_leaf_size,0.3184967340545596,2.2735755389101322e-23,930,MI2021__leaf_width_cm,architecture,0.26449111136356446,3.4146994150651644e-07,361,dinov2_mean_443;dinov2_std_65
dinov2,87,2,0.2943917827043164,NE2025_image__leaf_pixels,image_leaf_size,-0.26567788942187304,1.7262135933317253e-16,930,NE2020__protein_pct,composition,-0.1449828569929606,0.010847696347464884,308,dinov2_mean_192;dinov2_std_45
dinov2,88,2,0.6464127196108028,NE2025_image__leaf_pixels,image_leaf_size,0.8249715716041903,3.362099319163397e-232,930,NE2020__leaf_width_cm,architecture,0.4803083083929262,1.2148391482812105e-19,316,dinov2_mean_474;dinov2_mean_994
dinov2,90,2,0.48659833004758957,NE2025_image__log_leaf_pixels,image_leaf_size,-0.6365929658831616,8.025738003160049e-107,930,NE2025__days_to_flower,phenology,-0.3829381496048603,2.015786029648445e-31,860,dinov2_mean_17;dinov2_mean_861
dinov2,91,2,0.4580683436951275,NE2025_image__leaf_pixels,image_leaf_size,0.6051469448817594,5.499491543565066e-94,930,MI2021__leaf_width_cm,architecture,0.3710945139721528,3.1408435083782253e-13,361,dinov2_mean_307;dinov2_mean_663
dinov2,92,2,0.28949268031032854,NE2025_image__leaf_pixels,image_leaf_size,-0.6046903837548566,8.245054268517781e-94,930,MI2021__leaf_width_cm,architecture,-0.3515880172074723,6.077515577336955e-12,361,dinov2_mean_464;dinov2_mean_582
dinov2,93,2,0.46128056186184135,NE2025_image__log_leaf_pixels,image_leaf_size,-0.6724792463769173,1.9952767086707774e-123,930,MI2020__leaf_width_cm,architecture,-0.3539826346482494,5.611670256367784e-12,357,dinov2_mean_420;dinov2_mean_454
dinov2,3,1,,NE2025_image__leaf_pixels,image_leaf_size,-0.5296615008145272,2.2058842421491177e-68,930,NE2021__leaf_width_cm,architecture,-0.38146780628936944,1.078902354941843e-17,469,dinov2_std_348
dinov2,9,1,,NE2025_image__log_leaf_pixels,image_leaf_size,-0.7094796387748296,3.3841160899289726e-143,930,NE2025__days_to_flower,phenology,-0.4119419105925005,1.4807954102498861e-36,860,dinov2_mean_565
dinov2,10,1,,NE2025_image__percentUnhealthy,disease_severity,-0.3184180339048865,2.2111160235853383e-23,931,NE2025__days_to_flower,phenology,0.223659851178533,3.2744842565271376e-11,860,dinov2_std_798
dinov2,13,1,,NE2025_image__log_leaf_pixels,image_leaf_size,-0.45695852470968895,3.617665228548733e-49,930,NE2025__seed_mass_g,yield,-0.3323696204737171,1.257365182161859e-23,860,dinov2_mean_602
dinov2,33,1,,NE2023__starch_pct,composition,0.1655542154806052,0.003913777964221467,302,NE2023__starch_pct,composition,0.1655542154806052,0.003913777964221467,302,dinov2_mean_9
dinov2,52,1,,NE2025_image__leaf_pixels,image_leaf_size,-0.7417313991970838,3.663670429796054e-163,930,NE2020__leaf_width_cm,architecture,-0.4430750695544494,1.257861207770566e-16,316,dinov2_mean_206
dinov2,53,1,,NE2025_image__log_leaf_pixels,image_leaf_size,-0.48718494612242236,1.3428072634358471e-56,930,MI2021__plant_height_cm,architecture,0.24401027559639943,2.715865446624248e-06,361,dinov2_std_878
dinov2,54,1,,NE2025__thousand_kernel_weight_g,seed_morphology,-0.2276260120292677,6.37454568087618e-05,303,NE2025__thousand_kernel_weight_g,seed_morphology,-0.2276260120292677,6.37454568087618e-05,303,dinov2_std_675
dinov2,55,1,,NE2025_image__leaf_pixels,image_leaf_size,-0.5084793097024551,2.6798210801239108e-62,930,MI2020__leaf_width_cm,architecture,-0.31212068783171737,1.6609071805260187e-09,357,dinov2_std_778
dinov2,56,1,,NE2025_image__human_score,disease_severity,-0.4665644721752666,9.62192539683097e-33,581,NE2020__leaf_angle_median_degrees,architecture,-0.24686330307606275,8.710737963362029e-06,317,dinov2_std_952
dinov2,57,1,,NE2025_image__log_leaf_pixels,image_leaf_size,0.3942292616427176,6.052170684948727e-36,930,MI2020__stem_diameter_lower_mm,architecture,0.23829761364807137,5.302258295890769e-06,357,dinov2_std_796
dinov2,62,1,,NE2025__seed_red_intensity,seed_color,-0.3192345432712779,9.480753286319534e-09,309,NE2025__seed_red_intensity,seed_color,-0.3192345432712779,9.480753286319534e-09,309,dinov2_std_96
dinov2,63,1,,NE2025_image__percentUnhealthy,disease_severity,-0.2478030525345942,1.7088317757941492e-14,931,AL2022__days_to_flower,phenology,0.2004196785333136,0.00013472261589068946,358,dinov2_std_107
dinov2,64,1,,NE2020__seed_mass_g,yield,0.22944972605888891,4.4129454448791096e-05,311,NE2020__seed_mass_g,yield,0.22944972605888891,4.4129454448791096e-05,311,dinov2_std_661
dinov2,65,1,,NE2025_image__percentUnhealthy,disease_severity,0.34112731568831417,8.40509876433662e-27,931,NE2020__leaf_angle_median_degrees,architecture,0.18563577766146147,0.0008969359080016597,317,dinov2_std_889
dinov2,85,1,,NE2025_image__leaf_pixels,image_leaf_size,-0.5384458106006523,4.911845830641253e-71,930,NE2021__leaf_width_cm,architecture,-0.2568810722421162,1.668723198291889e-08,469,dinov2_mean_777
dinov2,94,1,,NE2020__leaf_number,architecture,-0.1844454085027794,0.0009874201012928369,316,NE2020__leaf_number,architecture,-0.1844454085027794,0.0009874201012928369,316,dinov2_mean_55
dinov2,95,1,,NE2025_image__leaf_pixels,image_leaf_size,-0.4309451237108935,2.410963229332462e-43,930,MI2020__leaf_width_cm,architecture,-0.29338069102113984,1.617587509560722e-08,357,dinov2_mean_59
dinov2,96,1,,NE2025_image__percentUnhealthy,disease_severity,-0.32036189213702654,1.156322359507054e-23,931,NE2020__leaf_number,architecture,0.24424714312156334,1.1266779638806161e-05,316,dinov2_mean_67
dinov2,97,1,,NE2025_image__leaf_pixels,image_leaf_size,-0.4614480065726515,3.1719345506567724e-50,930,MI2020__leaf_width_cm,architecture,-0.23086275369555312,1.0510684481752085e-05,357,dinov2_mean_87
dinov2,98,1,,MI2020__stem_volume_cm3,architecture,0.18289299457653466,0.0005149066481087445,357,MI2020__stem_volume_cm3,architecture,0.18289299457653466,0.0005149066481087445,357,dinov2_mean_93
dinov2,99,1,,NE2021__seed_red_intensity,seed_color,0.14508983375573997,4.112958334982181e-05,793,NE2021__seed_red_intensity,seed_color,0.14508983375573997,4.112958334982181e-05,793,dinov2_mean_104
dinov2,100,1,,NE2025_image__leaf_pixels,image_leaf_size,0.30069304179207945,6.892004940290295e-21,930,MI2021__leaf_width_cm,architecture,0.2769070318303339,8.897105942773656e-08,361,dinov2_mean_121
dinov2,101,1,,NE2025_image__log_leaf_pixels,image_leaf_size,-0.3451863437405378,2.0431097912281325e-27,930,MI2020__leaf_width_cm,architecture,-0.26757008417768874,2.870992839235031e-07,357,dinov2_mean_200
dinov2,102,1,,MI2021__total_plot_dry_weight_g,biomass,0.13291148523226134,0.0114784824811112,361,MI2021__total_plot_dry_weight_g,biomass,0.13291148523226134,0.0114784824811112,361,dinov2_mean_236
dinov2,103,1,,NE2025_image__leaf_pixels,image_leaf_size,0.6695598497042862,5.471111034649789e-122,930,MI2021__leaf_width_cm,architecture,0.35847806866390347,2.183896121420432e-12,361,dinov2_mean_280
dinov2,104,1,,MI2021__plant_height_cm,architecture,-0.21440931525717713,3.999375303697039e-05,361,MI2021__plant_height_cm,architecture,-0.21440931525717713,3.999375303697039e-05,361,dinov2_mean_341
dinov2,105,1,,MI2020__leaf_width_cm,architecture,0.21594658449187584,3.879692607016063e-05,357,MI2020__leaf_width_cm,architecture,0.21594658449187584,3.879692607016063e-05,357,dinov2_mean_397
dinov2,106,1,,NE2025_image__human_score,disease_severity,0.17627922042850494,1.925299090908963e-05,581,MI2020__stem_volume_cm3,architecture,0.17110245902647558,0.0011723900174113186,357,dinov2_mean_450
dinov2,107,1,,NE2023__protein_pct,composition,-0.242660340613989,2.0134703088374665e-05,302,NE2023__protein_pct,composition,-0.242660340613989,2.0134703088374665e-05,302,dinov2_mean_467
dinov2,108,1,,NE2025_image__leaf_pixels,image_leaf_size,-0.23470534763462286,4.1854891059117496e-13,930,NE2021__stem_volume_cm3,architecture,-0.1897535137733918,0.00033691681708978286,353,dinov2_mean_499
dinov2,109,1,,NE2021__stem_volume_cm3,architecture,0.2546087441414388,1.2546607931762648e-06,353,NE2021__stem_volume_cm3,architecture,0.2546087441414388,1.2546607931762648e-06,353,dinov2_mean_569
dinov2,110,1,,NE2025_image__log_leaf_pixels,image_leaf_size,-0.7306435639557698,5.677687110380314e-156,930,MI2020__leaf_width_cm,architecture,-0.356420313817492,3.921598974916719e-12,357,dinov2_mean_603
dinov2,111,1,,NE2025_image__log_leaf_pixels,image_leaf_size,-0.36038573676915053,6.65923749365949e-30,930,NE2025__seed_red_intensity,seed_color,-0.28806658260798834,2.565385411816775e-07,309,dinov2_mean_612
dinov2,112,1,,NE2023__single_panicle_mass_g,yield,-0.23355060221189683,1.3164038798710313e-05,341,NE2023__single_panicle_mass_g,yield,-0.23355060221189683,1.3164038798710313e-05,341,dinov2_mean_650
dinov2,113,1,,NE2025_image__log_leaf_pixels,image_leaf_size,-0.1970005757164155,1.3688316290814113e-09,930,MI2020__leaf_thickness_mm,architecture,0.1877390664714502,0.00036171422622139455,357,dinov2_mean_661
dinov2,114,1,,NE2025_image__log_leaf_pixels,image_leaf_size,0.3625314977884927,2.8928151815135365e-30,930,NE2021__days_to_flower,phenology,0.25667443292816655,7.29412642047637e-14,824,dinov2_mean_688
dinov2,115,1,,NE2025_image__human_score,disease_severity,-0.2646135813108503,9.150531558237569e-11,581,NE2025__seed_red_intensity,seed_color,0.21312773961489107,0.00016018808654090584,309,dinov2_mean_701
dinov2,116,1,,NE2020__leaf_width_cm,architecture,-0.20159828621673073,0.00031025182718233114,316,NE2020__leaf_width_cm,architecture,-0.20159828621673073,0.00031025182718233114,316,dinov2_mean_722
dinov2,117,1,,NE2025_image__leaf_pixels,image_leaf_size,0.7303880463859168,8.234503416232376e-156,930,NE2020__leaf_width_cm,architecture,0.35096736727958255,1.366667823955582e-10,316,dinov2_mean_725
dinov2,118,1,,NE2025_image__leaf_pixels,image_leaf_size,-0.879388265785525,2.410735078171208e-301,930,NE2020__leaf_width_cm,architecture,-0.48158973662245924,9.42013682583974e-20,316,dinov2_mean_736
dinov2,119,1,,NE2025_image__leaf_pixels,image_leaf_size,0.5789474918937753,2.4497381297254324e-84,930,NE2021__stem_diameter_lower_mm,architecture,0.34689674084516414,1.9021915129300905e-11,354,dinov2_mean_810
dinov2,120,1,,NE2025_image__leaf_pixels,image_leaf_size,0.7360088386432089,2.090950163605339e-159,930,MI2020__leaf_width_cm,architecture,0.45406793446234306,1.464605383043284e-19,357,dinov2_mean_842
dinov2,121,1,,NE2025_image__human_score,disease_severity,0.34667278856955475,7.531960885958756e-18,581,NE2025__seed_red_intensity,seed_color,-0.2381207946140291,2.3388267108725397e-05,309,dinov2_mean_883
dinov2,122,1,,NE2025__seed_red_intensity,seed_color,-0.2344755145204588,3.138433358232827e-05,309,NE2025__seed_red_intensity,seed_color,-0.2344755145204588,3.138433358232827e-05,309,dinov2_mean_892
dinov2,123,1,,NE2025_image__log_leaf_pixels,image_leaf_size,0.40476515510724886,5.649580448718256e-38,930,NE2020__tillers_present,architecture,-0.24286250284736075,1.3085148770523193e-05,315,dinov2_mean_896
dinov2,124,1,,NE2025_image__log_leaf_pixels,image_leaf_size,-0.6594734271224172,3.824150628029031e-117,930,NE2025__seed_mass_g,yield,-0.39730029669999,6.6976106969943064e-34,860,dinov2_mean_917
dinov2,125,1,,NE2025_image__leaf_pixels,image_leaf_size,0.5301455860445141,1.5828566406418273e-68,930,MI2020__leaf_width_cm,architecture,0.30422643531815413,4.419072335280355e-09,357,dinov2_mean_918
dinov2,126,1,,NE2025_image__log_leaf_pixels,image_leaf_size,-0.3128341835123882,1.4604012035679062e-22,930,NE2020__leaf_width_cm,architecture,-0.2039184919299828,0.0002632799302191617,316,dinov2_mean_928
dinov2,127,1,,NE2025_image__leaf_pixels,image_leaf_size,-0.578199131110434,4.487329548767131e-84,930,NE2025__leaf_number,architecture,-0.41304245961112146,5.769864537659113e-37,865,dinov2_mean_945
dinov2,128,1,,NE2025_image__percentUnhealthy,disease_severity,0.24107591672319553,8.909714170083498e-14,931,NE2020__days_to_flower,phenology,-0.20445723338640695,0.00024766416361181093,317,dinov2_mean_963
dinov2,129,1,,NE2025_image__log_leaf_pixels,image_leaf_size,0.6353496406041772,2.7570234237978996e-106,930,NE2025__seed_red_intensity,seed_color,0.3933538863394455,7.077558490489988e-13,309,dinov2_mean_970
dinov2,130,1,,NE2025_image__leaf_pixels,image_leaf_size,-0.5484415476278578,3.769807672212422e-74,930,NE2025__days_to_flower,phenology,-0.3507333738028705,2.6942433830976804e-26,860,dinov2_mean_978
dinov2,131,1,,NE2025_image__log_leaf_pixels,image_leaf_size,0.55418497219303,5.475010561919878e-76,930,NE2020__leaf_width_cm,architecture,0.36593823804834624,1.8992277621696983e-11,316,dinov2_mean_999
dinov2,132,1,,NE2025__seed_red_intensity,seed_color,0.3629078614565269,4.7320858585031723e-11,309,NE2025__seed_red_intensity,seed_color,0.3629078614565269,4.7320858585031723e-11,309,dinov2_mean_1020
dinov2,133,1,,NE2025_image__percentUnhealthy,disease_severity,-0.37590746257356356,1.2817271413518147e-32,931,NE2021__stem_diameter_lower_mm,architecture,0.2042380620561175,0.00010883776674036787,354,dinov2_std_6
dinov2,134,1,,NE2025_image__log_leaf_pixels,image_leaf_size,0.38180021313747536,1.213119048792299e-33,930,NE2020__stem_diameter_lower_mm,architecture,0.28748317295378123,2.0799305749924092e-07,315,dinov2_std_9
dinov2,135,1,,NE2021__stem_volume_cm3,architecture,0.22544853418163835,1.903288382296932e-05,353,NE2021__stem_volume_cm3,architecture,0.22544853418163835,1.903288382296932e-05,353,dinov2_std_34
dinov2,136,1,,NE2025__seed_red_intensity,seed_color,-0.3333780064082843,1.8635375846720864e-09,309,NE2025__seed_red_intensity,seed_color,-0.3333780064082843,1.8635375846720864e-09,309,dinov2_std_50
dinov2,137,1,,NE2025_image__log_leaf_pixels,image_leaf_size,-0.6164444676100346,1.976566018027932e-98,930,NE2020__leaf_width_cm,architecture,-0.36998690534143086,1.094033888472519e-11,316,dinov2_std_110
dinov2,138,1,,NE2025_image__log_leaf_pixels,image_leaf_size,-0.4912461981535629,1.1796410744297107e-57,930,MI2020__leaf_width_cm,architecture,-0.3246093127475702,3.3265146696417e-10,357,dinov2_std_120
dinov2,139,1,,NE2025_image__leaf_pixels,image_leaf_size,0.38154875298763014,1.3472923142375738e-33,930,MI2021__leaf_width_cm,architecture,0.2893997818234632,2.1459555229412616e-08,361,dinov2_std_131
dinov2,140,1,,NE2025_image__human_score,disease_severity,0.3096712436711738,2.2279975079728807e-14,581,NE2025__seed_red_intensity,seed_color,-0.2829831769356121,4.236977339067077e-07,309,dinov2_std_138
dinov2,141,1,,NE2025_image__leaf_pixels,image_leaf_size,-0.5189341995983257,3.0104870981784125e-65,930,MI2020__leaf_width_cm,architecture,-0.26513074785203405,3.711592437631588e-07,357,dinov2_std_152
dinov2,142,1,,NE2025_image__leaf_pixels,image_leaf_size,0.49920818827439545,9.104668877146364e-60,930,NE2021__leaf_width_cm,architecture,0.28162379161373047,5.339402943447298e-10,469,dinov2_std_159
dinov2,143,1,,NE2025_image__percentUnhealthy,disease_severity,0.4553757497749504,7.527920428272642e-49,931,NE2025__seed_blue_intensity,seed_color,-0.22426674703766075,6.977637104697714e-05,309,dinov2_std_204
dinov2,144,1,,NE2021__primary_branch_count,panicle,0.2064187000923341,0.000258967918409588,309,NE2021__primary_branch_count,panicle,0.2064187000923341,0.000258967918409588,309,dinov2_std_238
dinov2,145,1,,NE2025_image__log_leaf_pixels,image_leaf_size,-0.4661425053826584,2.3931695793512388e-51,930,AL2022__days_to_flower,phenology,-0.35398664868498647,5.238134541680043e-12,358,dinov2_std_242
dinov2,146,1,,NE2025_image__human_score,disease_severity,0.32435253537585773,1.0648368719759381e-15,581,NE2020__seed_mass_g,yield,-0.2720935400209819,1.1085819516250215e-06,311,dinov2_std_249
dinov2,147,1,,NE2025_image__leaf_pixels,image_leaf_size,-0.5348821897579957,5.979612378033937e-70,930,MI2020__leaf_width_cm,architecture,-0.339409275667341,4.4877746697060975e-11,357,dinov2_std_250
dinov2,148,1,,NE2020__stem_diameter_lower_mm,architecture,0.21697483702037146,0.00010361932952945258,315,NE2020__stem_diameter_lower_mm,architecture,0.21697483702037146,0.00010361932952945258,315,dinov2_std_264
dinov2,149,1,,NE2025__flag_leaf_height_cm,architecture,-0.198619017443579,4.061850572227995e-09,862,NE2025__flag_leaf_height_cm,architecture,-0.198619017443579,4.061850572227995e-09,862,dinov2_std_313
dinov2,150,1,,NE2025_image__leaf_pixels,image_leaf_size,0.2543422370908823,3.38466919085711e-15,930,NE2020__stem_diameter_lower_mm,architecture,0.21301867496239144,0.00013925381681789326,315,dinov2_std_325
dinov2,151,1,,NE2025_image__log_leaf_pixels,image_leaf_size,-0.7774819917929429,4.112509639353533e-189,930,MI2020__leaf_width_cm,architecture,-0.43003334971459056,1.6789290319489498e-17,357,dinov2_std_346
dinov2,152,1,,MI2021__leaf_length_cm,architecture,0.15930134896229167,0.0024002867992102615,361,MI2021__leaf_length_cm,architecture,0.15930134896229167,0.0024002867992102615,361,dinov2_std_354
dinov2,153,1,,NE2025_image__log_leaf_pixels,image_leaf_size,0.4465844908069017,8.742411009685598e-47,930,MI2020__leaf_width_cm,architecture,0.26821155286115095,2.6823745779145796e-07,357,dinov2_std_360
dinov2,154,1,,NE2025_image__leaf_pixels,image_leaf_size,0.24434061000923163,4.150612936129833e-14,930,AL2022__flag_leaf_height_cm,architecture,-0.21395232117554322,4.4771469040782954e-05,358,dinov2_std_378
dinov2,155,1,,NE2020__stem_diameter_lower_mm,architecture,0.2182609784869845,9.401652162658721e-05,315,NE2020__stem_diameter_lower_mm,architecture,0.2182609784869845,9.401652162658721e-05,315,dinov2_std_390
dinov2,156,1,,NE2025_image__leaf_pixels,image_leaf_size,-0.6342837653365675,7.905806222239694e-106,930,MI2021__leaf_width_cm,architecture,-0.33326561142958583,8.207914213949845e-11,361,dinov2_std_418
dinov2,157,1,,NE2025_image__log_leaf_pixels,image_leaf_size,0.5924100702962797,3.481181206960198e-89,930,MI2021__leaf_width_cm,architecture,0.3222482191278981,3.621921976707575e-10,361,dinov2_std_423
dinov2,158,1,,NE2025__seed_red_intensity,seed_color,-0.32567417584103636,4.5673152409383746e-09,309,NE2025__seed_red_intensity,seed_color,-0.32567417584103636,4.5673152409383746e-09,309,dinov2_std_428
dinov2,159,1,,NE2025_image__log_leaf_pixels,image_leaf_size,0.41451639787148964,6.415465425378737e-40,930,AL2022__days_to_flower,phenology,0.37640490652656533,1.708819116518934e-13,358,dinov2_std_443
dinov2,160,1,,NE2021__stem_volume_cm3,architecture,-0.17275919034679493,0.0011185504078688618,353,NE2021__stem_volume_cm3,architecture,-0.17275919034679493,0.0011185504078688618,353,dinov2_std_451
dinov2,161,1,,NE2025_image__leaf_pixels,image_leaf_size,-0.2062336277795268,2.1644233371670333e-10,930,NE2021__leaf_width_cm,architecture,-0.16015845536847523,0.0004982385454903899,469,dinov2_std_515
dinov2,162,1,,NE2025_image__log_leaf_pixels,image_leaf_size,-0.4857605771607377,3.126912166747509e-56,930,NE2021__stem_diameter_lower_mm,architecture,-0.31011678459239816,2.494857640482042e-09,354,dinov2_std_524
dinov2,163,1,,NE2025_image__log_leaf_pixels,image_leaf_size,0.4906688045404215,1.670275808926017e-57,930,NE2021__days_to_flower,phenology,0.21946196945061663,1.9154630644330356e-10,824,dinov2_std_566
dinov2,164,1,,NE2020__flag_leaf_height_cm,architecture,-0.20908645267493303,0.00018145140780750983,316,NE2020__flag_leaf_height_cm,architecture,-0.20908645267493303,0.00018145140780750983,316,dinov2_std_606
dinov2,165,1,,NE2025_image__log_leaf_pixels,image_leaf_size,-0.6094926834007827,1.127017099338863e-95,930,MI2020__leaf_width_cm,architecture,-0.3183250966354817,7.540946065650264e-10,357,dinov2_std_615
dinov2,166,1,,NE2025_image__percentUnhealthy,disease_severity,0.3282593288241964,7.904541238757801e-25,931,NE2025__thousand_kernel_weight_g,seed_morphology,-0.18741792961058404,0.0010455511186869134,303,dinov2_std_620
dinov2,167,1,,MI2021__leaf_width_cm,architecture,0.2222896605870263,2.0233283253588625e-05,361,MI2021__leaf_width_cm,architecture,0.2222896605870263,2.0233283253588625e-05,361,dinov2_std_638
dinov2,168,1,,NE2025_image__leaf_pixels,image_leaf_size,0.22909815386374405,1.5336048415756956e-12,930,MI2021__stem_diameter_lower_mm,architecture,0.21883286088503076,2.7365420655097933e-05,361,dinov2_std_640
dinov2,169,1,,NE2025_image__percentUnhealthy,disease_severity,0.3296016310613235,4.970372923741328e-25,931,NE2020__stem_diameter_upper_mm,architecture,0.17101850957812337,0.002321554557745512,315,dinov2_std_642
dinov2,170,1,,NE2025_image__log_leaf_pixels,image_leaf_size,0.311370689990524,2.346487681994531e-22,930,NE2025__leaf_number,architecture,0.20040036631566457,2.750327382215769e-09,865,dinov2_std_658
dinov2,171,1,,NE2025_image__log_leaf_pixels,image_leaf_size,0.36171946362577706,3.968979165880985e-30,930,NE2021__leaf_width_cm,architecture,0.22332583213498955,1.0323770786394776e-06,469,dinov2_std_723
dinov2,172,1,,NE2025_image__human_score,disease_severity,0.5041896061349862,8.682107134376177e-39,581,NE2023__starch_pct,composition,-0.2539761930000392,7.865168475103682e-06,302,dinov2_std_743
dinov2,173,1,,NE2025_image__percentUnhealthy,disease_severity,0.5802015967381033,7.206425764072785e-85,931,NE2020__stem_diameter_lower_mm,architecture,-0.30110134940854016,5.043671163505645e-08,315,dinov2_std_828
dinov2,174,1,,NE2025_image__leaf_pixels,image_leaf_size,-0.3591816928771529,1.060237716291364e-29,930,MI2021__single_plant_panicle_dry_weight_g,biomass,-0.21395367678977015,4.2608746819410556e-05,360,dinov2_std_872
dinov2,175,1,,NE2025_image__log_leaf_pixels,image_leaf_size,-0.4693020532785505,4.1086523666556834e-52,930,MI2020__leaf_width_cm,architecture,-0.33108593271045245,1.402871275533519e-10,357,dinov2_std_881
dinov2,176,1,,NE2025_image__leaf_pixels,image_leaf_size,-0.5645307016321153,2.1671347011584876e-79,930,NE2025__leaf_number,architecture,-0.275590515193931,1.531813591613993e-16,865,dinov2_std_891
dinov2,177,1,,NE2025_image__log_leaf_pixels,image_leaf_size,-0.4766533492730795,6.33615900000206e-54,930,NE2025__seed_mass_g,yield,-0.31760411071126526,1.312651594185635e-21,860,dinov2_std_928
dinov2,178,1,,NE2025__seed_mass_g,yield,0.20754886893842497,8.01118624384923e-10,860,NE2025__seed_mass_g,yield,0.20754886893842497,8.01118624384923e-10,860,dinov2_std_930
dinov2,179,1,,NE2025__seed_length_mm,seed_morphology,0.253942184146358,6.180556099381767e-06,309,NE2025__seed_length_mm,seed_morphology,0.253942184146358,6.180556099381767e-06,309,dinov2_std_958
dinov2,180,1,,NE2025_image__leaf_pixels,image_leaf_size,0.83664433664162,7.892320388277071e-245,930,MI2021__leaf_width_cm,architecture,0.47207692282186564,1.9540482732679976e-21,361,dinov2_std_966
dinov2,181,1,,NE2025_image__log_leaf_pixels,image_leaf_size,0.504986098846094,2.4601519029136765e-61,930,MI2020__stem_diameter_lower_mm,architecture,0.33476697446798725,8.510161674627137e-11,357,dinov2_std_967
dinov2,182,1,,NE2025_image__human_score,disease_severity,-0.4155832828418257,1.1488211724969813e-25,581,NE2025__seed_mass_g,yield,0.261272583657005,6.888236061699289e-15,860,dinov2_std_975
dinov2,183,1,,MI2021__leaf_width_cm,architecture,0.25845020656423734,6.412608969444083e-07,361,MI2021__leaf_width_cm,architecture,0.25845020656423734,6.412608969444083e-07,361,dinov2_std_992
dinov2,184,1,,NE2021__tillers_present,architecture,0.14040741255922704,0.0021603548626034927,475,NE2021__tillers_present,architecture,0.14040741255922704,0.0021603548626034927,475,dinov2_std_998
dinov2,185,1,,MI2021__leaf_width_cm,architecture,0.22918461077074173,1.0921135742100165e-05,361,MI2021__leaf_width_cm,architecture,0.22918461077074173,1.0921135742100165e-05,361,dinov2_std_1010
