S.No,plotNumber,genotype,rep,population,range,row
554,250001,PI 629034,Rep 1,SAP,3,3
225,250002,PI 533794,Rep 1,SAP,3,4
667,250003,PI 656059,Rep 1,SAP,3,5
622,250004,PI 656002,Rep 1,SAP,3,6
545,250005,PI 597976,Rep 1,SAP,3,7
278,250006,PI 533965,Rep 1,SAP,3,8
234,250007,PI 533838,Rep 1,SAP,3,9
682,250008,PI 656081,Rep 1,SAP,3,10
481,250009,PI 576390,Rep 1,SAP,3,11
687,250010,PI 656090,Rep 1,SAP,3,12
397,250011,PI 565121,Rep 1,SAP,3,13
349,250012,PI 552861,Rep 1,SAP,3,14
317,250013,PI 534123,Rep 1,SAP,3,15
282,250014,PI 533976,Rep 1,SAP,3,16
518,250015,PI 595718,Rep 1,SAP,3,17
494,250016,PI 576434,Rep 1,SAP,3,18
300,250017,PI 534075,Rep 1,SAP,4,3
700,250018,PI 656106,Rep 1,SAP,4,4
669,250019,PI 656062,Rep 1,SAP,4,5
578,250020,PI 642998,Rep 1,SAP,4,6
249,250021,PI 533877,Rep 1,SAP,4,7
591,250022,PI 653616,Rep 1,SAP,4,8
293,250023,PI 534021,Rep 1,SAP,4,9
395,250024,PI 564164,Rep 1,SAP,4,10
263,250025,PI 533927,Rep 1,SAP,4,11
556,250026,PI 629059,Rep 1,SAP,4,12
652,250027,PI 656039,Rep 1,SAP,4,13
543,250028,PI 597972,Rep 1,SAP,4,14
672,250029,PI 656067,Rep 1,SAP,4,15
290,250030,PI 533997,Rep 1,SAP,4,16
482,250031,PI 576391,Rep 1,SAP,4,17
551,250032,PI 609456,Rep 1,SAP,4,18
636,250033,PI 656018,Rep 1,SAP,5,3
333,250034,PI 534167,Rep 1,SAP,5,4
611,250035,PI 655990,Rep 1,SAP,5,5
398,250036,PI 566819,Rep 1,SAP,5,6
1,250037,PI 17548,Rep 1,SAP,5,7
679,250038,PI 656076,Rep 1,SAP,5,8
483,250039,PI 576393,Rep 1,SAP,5,9
237,250040,PI 533842,Rep 1,SAP,5,10
666,250041,PI 656058,Rep 1,SAP,5,11
212,250042,PI 533752,Rep 1,SAP,5,12
709,250043,PI 656117,Rep 1,SAP,5,13
651,250044,PI 656038,Rep 1,SAP,5,14
273,250045,PI 533956,Rep 1,SAP,5,15
250,250046,PI 533878,Rep 1,SAP,5,16
296,250047,PI 534046,Rep 1,SAP,5,17
661,250048,PI 656050,Rep 1,SAP,5,18
461,250049,PI 576130,Rep 1,SAP,6,3
550,250050,PI 607931,Rep 1,SAP,6,4
118,250051,PI 329440,Rep 1,SAP,6,5
478,250052,PI 576385,Rep 1,SAP,6,6
529,250053,PI 597950,Rep 1,SAP,6,7
530,250054,PI 597951,Rep 1,SAP,6,8
536,250055,PI 597961,Rep 1,SAP,6,9
656,250056,PI 656044,Rep 1,SAP,6,10
531,250057,PI 597952,Rep 1,SAP,6,11
647,250058,PI 656034,Rep 1,SAP,6,12
498,250059,PI 585291,Rep 1,SAP,6,13
673,250060,PI 656068,Rep 1,SAP,6,14
698,250061,PI 656104,Rep 1,SAP,6,15
352,250062,PI 561073,Rep 1,SAP,6,16
469,250063,PI 576350,Rep 1,SAP,6,17
488,250064,PI 576418,Rep 1,SAP,6,18
275,250065,PI 533961,Rep 1,SAP,7,3
284,250066,PI 533980,Rep 1,SAP,7,4
288,250067,PI 533991,Rep 1,SAP,7,5
538,250068,PI 597965,Rep 1,SAP,7,6
681,250069,PI 656079,Rep 1,SAP,7,7
710,250070,PI 656118,Rep 1,SAP,7,8
674,250071,PI 656070,Rep 1,SAP,7,9
658,250072,PI 656047,Rep 1,SAP,7,10
625,250073,PI 656006,Rep 1,SAP,7,11
465,250074,PI 576340,Rep 1,SAP,7,12
327,250075,PI 534144,Rep 1,SAP,7,13
605,250076,PI 655983,Rep 1,SAP,7,14
477,250077,PI 576380,Rep 1,SAP,7,15
522,250078,PI 595741,Rep 1,SAP,7,16
341,250079,PI 540816,Rep 1,SAP,7,17
6,250080,PI 35038,Rep 1,SAP,7,18
257,250081,PI 533912,Rep 1,SAP,8,3
235,250082,PI 533839,Rep 1,SAP,8,4
266,250083,PI 533939,Rep 1,SAP,8,5
274,250084,PI 533957,Rep 1,SAP,8,6
541,250085,PI 597968,Rep 1,SAP,8,7
677,250086,PI 656074,Rep 1,SAP,8,8
660,250087,PI 656049,Rep 1,SAP,8,9
655,250088,PI 656043,Rep 1,SAP,8,10
676,250089,PI 656072,Rep 1,SAP,8,11
684,250090,PI 656085,Rep 1,SAP,8,12
693,250091,PI 656098,Rep 1,SAP,8,13
470,250092,PI 576352,Rep 1,SAP,8,14
664,250093,PI 656055,Rep 1,SAP,8,15
7,250094,PI 48770,Rep 1,SAP,8,16
678,250095,PI 656075,Rep 1,SAP,8,17
314,250096,PI 534116,Rep 1,SAP,8,18
331,250097,PI 534163,Rep 1,SAP,9,3
712,250098,PI 656120,Rep 1,SAP,9,4
697,250099,PI 656103,Rep 1,SAP,9,5
626,250100,PI 656007,Rep 1,SAP,9,6
495,250101,PI 576435,Rep 1,SAP,9,7
542,250102,PI 597971,Rep 1,SAP,9,8
305,250103,PI 534099,Rep 1,SAP,9,9
287,250104,PI 533989,Rep 1,SAP,9,10
628,250105,PI 656009,Rep 1,SAP,9,11
663,250106,PI 656053,Rep 1,SAP,9,12
604,250107,PI 655982,Rep 1,SAP,9,13
642,250108,PI 656028,Rep 1,SAP,9,14
535,250109,PI 597960,Rep 1,SAP,9,15
471,250110,PI 576359,Rep 1,SAP,9,16
255,250111,PI 533910,Rep 1,SAP,9,17
223,250112,PI 533789,Rep 1,SAP,9,18
285,250113,PI 533985,Rep 1,SAP,10,3
670,250114,PI 656064,Rep 1,SAP,10,4
639,250115,PI 656022,Rep 1,SAP,10,5
313,250116,PI 534115,Rep 1,SAP,10,6
607,250117,PI 655985,Rep 1,SAP,10,7
350,250118,PI 561071,Rep 1,SAP,10,8
572,250119,PI 641874,Rep 1,SAP,10,9
680,250120,PI 656078,Rep 1,SAP,10,10
640,250121,PI 656023,Rep 1,SAP,10,11
517,250122,PI 595714,Rep 1,SAP,10,12
312,250123,PI 534114,Rep 1,SAP,10,13
95,250124,PI 276837,Rep 1,SAP,10,14
299,250125,PI 534070,Rep 1,SAP,10,15
221,250126,PI 533776,Rep 1,SAP,10,16
342,250127,PI 542406,Rep 1,SAP,10,17
231,250128,PI 533822,Rep 1,SAP,10,18
690,250129,PI 656095,Rep 1,SAP,11,3
330,250130,PI 534157,Rep 1,SAP,11,4
608,250131,PI 655986,Rep 1,SAP,11,5
686,250132,PI 656089,Rep 1,SAP,11,7
688,250133,PI 656092,Rep 1,SAP,11,8
659,250134,PI 656048,Rep 1,SAP,11,9
547,250135,PI 597982,Rep 1,SAP,11,10
311,250136,PI 534112,Rep 1,SAP,11,11
708,250137,PI 656115,Rep 1,SAP,11,12
637,250138,PI 656019,Rep 1,SAP,11,13
641,250139,PI 656024,Rep 1,SAP,11,14
596,250140,PI 655973,Rep 1,SAP,11,15
294,250141,PI 534028,Rep 1,SAP,11,16
549,250142,PI 601816,Rep 1,SAP,11,17
633,250143,PI 656014,Rep 1,SAP,11,18
528,250144,PI 597949,Rep 1,SAP,11,19
592,250145,PI 655970,Rep 1,SAP,12,3
271,250146,PI 533954,Rep 1,SAP,12,4
328,250147,PI 534145,Rep 1,SAP,12,5
254,250148,PI 533903,Rep 1,SAP,12,7
524,250149,PI 595744,Rep 1,SAP,12,8
707,250150,PI 656114,Rep 1,SAP,12,9
586,250151,PI 651492,Rep 1,SAP,12,10
606,250152,PI 655984,Rep 1,SAP,12,11
716,250153,PI 659753,Rep 1,SAP,12,12
253,250154,PI 533902,Rep 1,SAP,12,13
344,250155,PI 548797,Rep 1,SAP,12,14
653,250156,PI 656041,Rep 1,SAP,12,15
277,250157,PI 533964,Rep 1,SAP,12,16
464,250158,PI 576339,Rep 1,SAP,12,17
233,250159,PI 533833,Rep 1,SAP,12,18
635,250160,PI 656017,Rep 1,SAP,12,19
256,250161,PI 533911,Rep 1,SAP,13,3
546,250162,PI 597980,Rep 1,SAP,13,4
491,250163,PI 576426,Rep 1,SAP,13,5
479,250164,PI 576386,Rep 1,SAP,13,6
243,250165,PI 533863,Rep 1,SAP,13,7
631,250166,PI 656012,Rep 1,SAP,13,8
267,250167,PI 533940,Rep 1,SAP,13,9
309,250168,PI 534105,Rep 1,SAP,13,10
627,250169,PI 656008,Rep 1,SAP,13,11
610,250170,PI 655989,Rep 1,SAP,13,12
713,250171,PI 656121,Rep 1,SAP,13,13
240,250172,PI 533852,Rep 1,SAP,13,14
533,250173,PI 597957,Rep 1,SAP,13,15
646,250174,PI 656033,Rep 1,SAP,13,16
525,250175,PI 595745,Rep 1,SAP,13,17
598,250176,PI 655975,Rep 1,SAP,13,18
475,250177,PI 576375,Rep 1,SAP,14,3
539,250178,PI 597966,Rep 1,SAP,14,4
213,250179,PI 533754,Rep 1,SAP,14,5
265,250180,PI 533937,Rep 1,SAP,14,6
260,250181,PI 533919,Rep 1,SAP,14,7
354,250182,PI 561472,Rep 1,SAP,14,8
261,250183,PI 533921,Rep 1,SAP,14,9
325,250184,PI 534138,Rep 1,SAP,14,10
258,250185,PI 533913,Rep 1,SAP,14,11
297,250186,PI 534053,Rep 1,SAP,14,12
629,250187,PI 656010,Rep 1,SAP,14,13
534,250188,PI 597958,Rep 1,SAP,14,14
351,250189,PI 561072,Rep 1,SAP,14,15
496,250190,PI 576437,Rep 1,SAP,14,16
394,250191,PI 564163,Rep 1,SAP,14,17
310,250192,PI 534108,Rep 1,SAP,14,18
575,250193,PI 642791,Rep 1,SAP,15,3
229,250194,PI 533810,Rep 1,SAP,15,4
519,250195,PI 595720,Rep 1,SAP,15,6
521,250196,PI 595740,Rep 1,SAP,15,7
289,250197,PI 533996,Rep 1,SAP,15,8
593,250198,PI 655971,Rep 1,SAP,15,9
695,250199,PI 656100,Rep 1,SAP,15,10
600,250200,PI 655977,Rep 1,SAP,15,11
527,250201,PI 597946,Rep 1,SAP,15,12
614,250202,PI 655993,Rep 1,SAP,15,13
548,250203,PI 598069,Rep 1,SAP,15,14
601,250204,PI 655978,Rep 1,SAP,15,15
649,250205,PI 656036,Rep 1,SAP,15,16
632,250206,PI 656013,Rep 1,SAP,15,17
318,250207,PI 534124,Rep 1,SAP,15,18
468,250208,PI 576349,Rep 1,SAP,15,19
218,250209,PI 533761,Rep 1,SAP,16,3
291,250210,PI 533998,Rep 1,SAP,16,4
683,250211,PI 656082,Rep 1,SAP,16,6
211,250212,PI 533750,Rep 1,SAP,16,7
295,250213,PI 534037,Rep 1,SAP,16,8
691,250214,PI 656096,Rep 1,SAP,16,9
319,250215,PI 534127,Rep 1,SAP,16,10
515,250216,PI 595699,Rep 1,SAP,16,11
668,250217,PI 656060,Rep 1,SAP,16,12
493,250218,PI 576428,Rep 1,SAP,16,13
523,250219,PI 595743,Rep 1,SAP,16,14
219,250220,PI 533766,Rep 1,SAP,16,15
238,250221,PI 533843,Rep 1,SAP,16,16
472,250222,PI 576364,Rep 1,SAP,16,17
292,250223,PI 534009,Rep 1,SAP,16,18
694,250224,PI 656099,Rep 1,SAP,16,19
467,250225,PI 576347,Rep 1,SAP,17,3
307,250226,PI 534104,Rep 1,SAP,17,4
348,250227,PI 552856,Rep 1,SAP,17,5
252,250228,PI 533901,Rep 1,SAP,17,6
244,250229,PI 533866,Rep 1,SAP,17,7
671,250230,PI 656065,Rep 1,SAP,17,8
526,250231,PI 597945,Rep 1,SAP,17,9
613,250232,PI 655992,Rep 1,SAP,17,10
217,250233,PI 533760,Rep 1,SAP,17,11
665,250234,PI 656056,Rep 1,SAP,17,12
645,250235,PI 656032,Rep 1,SAP,17,13
603,250236,PI 655981,Rep 1,SAP,17,14
279,250237,PI 533967,Rep 1,SAP,17,15
643,250238,PI 656029,Rep 1,SAP,17,17
466,250239,PI 576345,Rep 1,SAP,17,18
701,250240,PI 656107,Rep 1,SAP,17,19
484,250241,PI 576394,Rep 1,SAP,18,3
576,250242,PI 642793,Rep 1,SAP,18,4
280,250243,PI 533970,Rep 1,SAP,18,5
222,250244,PI 533785,Rep 1,SAP,18,6
460,250245,PI 574455,Rep 1,SAP,18,7
555,250246,PI 629040,Rep 1,SAP,18,8
215,250247,PI 533758,Rep 1,SAP,18,9
612,250248,PI 655991,Rep 1,SAP,18,10
224,250249,PI 533792,Rep 1,SAP,18,11
597,250250,PI 655974,Rep 1,SAP,18,12
283,250251,PI 533979,Rep 1,SAP,18,13
490,250252,PI 576425,Rep 1,SAP,18,14
621,250253,PI 656001,Rep 1,SAP,18,15
264,250254,PI 533936,Rep 1,SAP,18,17
262,250255,PI 533924,Rep 1,SAP,18,18
298,250256,PI 534054,Rep 1,SAP,18,19
301,250257,PI 534079,Rep 1,SAP,19,3
322,250258,PI 534133,Rep 1,SAP,19,4
286,250259,PI 533986,Rep 1,SAP,19,5
702,250260,PI 656108,Rep 1,SAP,19,6
476,250261,PI 576376,Rep 1,SAP,19,7
537,250262,PI 597964,Rep 1,SAP,19,8
474,250263,PI 576373,Rep 1,SAP,19,9
324,250264,PI 534137,Rep 1,SAP,19,10
499,250265,PI 585295,Rep 1,SAP,19,11
620,250266,PI 656000,Rep 1,SAP,19,12
609,250267,PI 655988,Rep 1,SAP,19,13
216,250268,PI 533759,Rep 1,SAP,19,14
214,250269,PI 533757,Rep 1,SAP,19,15
692,250270,PI 656097,Rep 1,SAP,19,16
241,250271,PI 533855,Rep 1,SAP,19,17
323,250272,PI 534135,Rep 1,SAP,19,18
485,250273,PI 576396,Rep 1,SAP,20,3
236,250274,PI 533841,Rep 1,SAP,20,4
281,250275,PI 533972,Rep 1,SAP,20,5
248,250276,PI 533871,Rep 1,SAP,20,6
247,250277,PI 533869,Rep 1,SAP,20,7
615,250278,PI 655994,Rep 1,SAP,20,8
544,250279,PI 597973,Rep 1,SAP,20,9
259,250280,PI 533915,Rep 1,SAP,20,10
228,250281,PI 533807,Rep 1,SAP,20,11
239,250282,PI 533845,Rep 1,SAP,20,12
232,250283,PI 533824,Rep 1,SAP,20,13
599,250284,PI 655976,Rep 1,SAP,20,14
648,250285,PI 656035,Rep 1,SAP,20,15
540,250286,PI 597967,Rep 1,SAP,20,16
638,250287,PI 656021,Rep 1,SAP,20,17
577,250288,PI 642992,Rep 1,SAP,20,18
329,250289,PI 534148,Rep 1,SAP,21,3
270,250290,PI 533949,Rep 1,SAP,21,4
251,250291,PI 533882,Rep 1,SAP,21,5
675,250292,PI 656071,Rep 1,SAP,21,6
272,250293,PI 533955,Rep 1,SAP,21,7
306,250294,PI 534101,Rep 1,SAP,21,8
462,250295,PI 576333,Rep 1,SAP,21,9
220,250296,PI 533769,Rep 1,SAP,21,10
5,250297,PI 34911,Rep 1,SAP,21,11
623,250298,PI 656003,Rep 1,SAP,21,12
516,250299,PI 595702,Rep 1,SAP,21,13
699,250300,PI 656105,Rep 1,SAP,21,14
662,250301,PI 656052,Rep 1,SAP,21,15
706,250302,PI 656112,Rep 1,SAP,21,16
489,250303,PI 576422,Rep 1,SAP,21,17
463,250304,PI 576337,Rep 1,SAP,21,18
321,250305,PI 534132,Rep 1,SAP,22,3
226,250306,PI 533799,Rep 1,SAP,22,4
4,250307,PI 24969,Rep 1,SAP,22,5
703,250308,PI 656109,Rep 1,SAP,22,6
657,250309,PI 656046,Rep 1,SAP,22,7
624,250310,PI 656004,Rep 1,SAP,22,8
326,250311,PI 534139,Rep 1,SAP,22,9
650,250312,PI 656037,Rep 1,SAP,22,10
696,250313,PI 656102,Rep 1,SAP,22,11
304,250314,PI 534097,Rep 1,SAP,22,12
227,250315,PI 533800,Rep 1,SAP,22,13
689,250316,PI 656093,Rep 1,SAP,22,14
630,250317,PI 656011,Rep 1,SAP,22,15
269,250318,PI 533948,Rep 1,SAP,22,16
396,250319,PI 564165,Rep 1,SAP,22,17
568,250320,PI 641849,Rep 1,SAP,22,18
715,250321,PI 659694,Rep 1,SAP,23,3
276,250322,PI 533962,Rep 1,SAP,23,4
602,250323,PI 655979,Rep 1,SAP,23,5
473,250324,PI 576366,Rep 1,SAP,23,6
705,250325,PI 656111,Rep 1,SAP,23,7
618,250326,PI 655998,Rep 1,SAP,23,8
711,250327,PI 656119,Rep 1,SAP,23,9
242,250328,PI 533856,Rep 1,SAP,23,10
268,250329,PI 533943,Rep 1,SAP,23,11
480,250330,PI 576387,Rep 1,SAP,23,12
315,250331,PI 534117,Rep 1,SAP,23,13
616,250332,PI 655995,Rep 1,SAP,23,14
654,250333,PI 656042,Rep 1,SAP,23,15
619,250334,PI 655999,Rep 1,SAP,23,16
634,250335,PI 656016,Rep 1,SAP,23,17
520,250336,PI 595739,Rep 1,SAP,23,18
685,250337,PI 656087,Rep 1,SAP,24,3
714,250338,PI 659693,Rep 1,SAP,24,4
704,250339,PI 656110,Rep 1,SAP,24,5
617,250340,PI 655997,Rep 1,SAP,24,6
320,250341,PI 534128,Rep 1,SAP,24,7
589,250342,PI 651496,Rep 1,SAP,24,8
486,250343,PI 576399,Rep 1,SAP,24,9
302,250344,PI 534092,Rep 1,SAP,24,10
230,250345,PI 533814,Rep 1,SAP,24,11
303,250346,PI 534096,Rep 1,SAP,24,12
644,250347,PI 656031,Rep 1,SAP,24,13
539,250348,PI 597966,Rep 2,SAP,25,3
530,250349,PI 597951,Rep 2,SAP,25,4
493,250350,PI 576428,Rep 2,SAP,25,5
638,250351,PI 656021,Rep 2,SAP,25,6
577,250352,PI 642992,Rep 2,SAP,25,7
282,250353,PI 533976,Rep 2,SAP,25,8
319,250354,PI 534127,Rep 2,SAP,25,9
572,250355,PI 641874,Rep 2,SAP,25,10
269,250356,PI 533948,Rep 2,SAP,25,11
258,250357,PI 533913,Rep 2,SAP,25,12
543,250358,PI 597972,Rep 2,SAP,25,13
611,250359,PI 655990,Rep 2,SAP,25,14
464,250360,PI 576339,Rep 2,SAP,25,15
600,250361,PI 655977,Rep 2,SAP,25,16
649,250362,PI 656036,Rep 2,SAP,25,17
286,250363,PI 533986,Rep 2,SAP,25,18
491,250364,PI 576426,Rep 2,SAP,26,3
325,250365,PI 534138,Rep 2,SAP,26,4
534,250366,PI 597958,Rep 2,SAP,26,5
598,250367,PI 655975,Rep 2,SAP,26,6
469,250368,PI 576350,Rep 2,SAP,26,7
538,250369,PI 597965,Rep 2,SAP,26,8
270,250370,PI 533949,Rep 2,SAP,26,9
333,250371,PI 534167,Rep 2,SAP,26,10
481,250372,PI 576390,Rep 2,SAP,26,11
668,250373,PI 656060,Rep 2,SAP,26,12
328,250374,PI 534145,Rep 2,SAP,26,13
520,250375,PI 595739,Rep 2,SAP,26,14
241,250376,PI 533855,Rep 2,SAP,26,15
541,250377,PI 597968,Rep 2,SAP,26,16
687,250378,PI 656090,Rep 2,SAP,26,17
253,250379,PI 533902,Rep 2,SAP,26,18
681,250380,PI 656079,Rep 2,SAP,27,3
617,250381,PI 655997,Rep 2,SAP,27,4
551,250382,PI 609456,Rep 2,SAP,27,5
610,250383,PI 655989,Rep 2,SAP,27,6
216,250384,PI 533759,Rep 2,SAP,27,7
625,250385,PI 656006,Rep 2,SAP,27,8
228,250386,PI 533807,Rep 2,SAP,27,9
651,250387,PI 656038,Rep 2,SAP,27,10
540,250388,PI 597967,Rep 2,SAP,27,11
307,250389,PI 534104,Rep 2,SAP,27,12
707,250390,PI 656114,Rep 2,SAP,27,13
257,250391,PI 533912,Rep 2,SAP,27,14
615,250392,PI 655994,Rep 2,SAP,27,15
223,250393,PI 533789,Rep 2,SAP,27,16
237,250394,PI 533842,Rep 2,SAP,27,17
547,250395,PI 597982,Rep 2,SAP,27,18
296,250396,PI 534046,Rep 2,SAP,28,3
682,250397,PI 656081,Rep 2,SAP,28,4
518,250398,PI 595718,Rep 2,SAP,28,5
302,250399,PI 534092,Rep 2,SAP,28,6
519,250400,PI 595720,Rep 2,SAP,28,7
696,250401,PI 656102,Rep 2,SAP,28,8
221,250402,PI 533776,Rep 2,SAP,28,9
623,250403,PI 656003,Rep 2,SAP,28,10
315,250404,PI 534117,Rep 2,SAP,28,11
394,250405,PI 564163,Rep 2,SAP,28,12
527,250406,PI 597946,Rep 2,SAP,28,13
656,250407,PI 656044,Rep 2,SAP,28,14
460,250408,PI 574455,Rep 2,SAP,28,15
602,250409,PI 655979,Rep 2,SAP,28,16
586,250410,PI 651492,Rep 2,SAP,28,17
233,250411,PI 533833,Rep 2,SAP,28,18
475,250412,PI 576375,Rep 2,SAP,29,3
545,250413,PI 597976,Rep 2,SAP,29,4
593,250414,PI 655971,Rep 2,SAP,29,5
276,250415,PI 533962,Rep 2,SAP,29,6
225,250416,PI 533794,Rep 2,SAP,29,7
679,250417,PI 656076,Rep 2,SAP,29,8
272,250418,PI 533955,Rep 2,SAP,29,9
631,250419,PI 656012,Rep 2,SAP,29,10
291,250420,PI 533998,Rep 2,SAP,29,11
254,250421,PI 533903,Rep 2,SAP,29,12
599,250422,PI 655976,Rep 2,SAP,29,13
214,250423,PI 533757,Rep 2,SAP,29,14
531,250424,PI 597952,Rep 2,SAP,29,15
483,250425,PI 576393,Rep 2,SAP,29,16
665,250426,PI 656056,Rep 2,SAP,29,17
716,250427,PI 659753,Rep 2,SAP,29,18
628,250428,PI 656009,Rep 2,SAP,30,3
694,250429,PI 656099,Rep 2,SAP,30,4
706,250430,PI 656112,Rep 2,SAP,30,5
633,250431,PI 656014,Rep 2,SAP,30,6
354,250432,PI 561472,Rep 2,SAP,30,7
274,250433,PI 533957,Rep 2,SAP,30,8
273,250434,PI 533956,Rep 2,SAP,30,9
715,250435,PI 659694,Rep 2,SAP,30,10
396,250436,PI 564165,Rep 2,SAP,30,11
714,250437,PI 659693,Rep 2,SAP,30,12
472,250438,PI 576364,Rep 2,SAP,30,13
632,250439,PI 656013,Rep 2,SAP,30,14
213,250440,PI 533754,Rep 2,SAP,30,15
279,250441,PI 533967,Rep 2,SAP,30,16
710,250442,PI 656118,Rep 2,SAP,30,17
230,250443,PI 533814,Rep 2,SAP,30,18
528,250444,PI 597949,Rep 2,SAP,31,3
597,250445,PI 655974,Rep 2,SAP,31,4
689,250446,PI 656093,Rep 2,SAP,31,5
344,250447,PI 548797,Rep 2,SAP,31,6
555,250448,PI 629040,Rep 2,SAP,31,7
465,250449,PI 576340,Rep 2,SAP,31,8
326,250450,PI 534139,Rep 2,SAP,31,9
603,250451,PI 655981,Rep 2,SAP,31,10
468,250452,PI 576349,Rep 2,SAP,31,11
516,250453,PI 595702,Rep 2,SAP,31,12
341,250454,PI 540816,Rep 2,SAP,31,13
349,250455,PI 552861,Rep 2,SAP,31,14
701,250456,PI 656107,Rep 2,SAP,31,15
607,250457,PI 655985,Rep 2,SAP,31,16
642,250458,PI 656028,Rep 2,SAP,31,17
236,250459,PI 533841,Rep 2,SAP,31,18
498,250460,PI 585291,Rep 2,SAP,32,3
222,250461,PI 533785,Rep 2,SAP,32,4
294,250462,PI 534028,Rep 2,SAP,32,5
6,250463,PI 35038,Rep 2,SAP,32,6
251,250464,PI 533882,Rep 2,SAP,32,7
626,250465,PI 656007,Rep 2,SAP,32,8
262,250466,PI 533924,Rep 2,SAP,32,9
288,250467,PI 533991,Rep 2,SAP,32,10
252,250468,PI 533901,Rep 2,SAP,32,11
688,250469,PI 656092,Rep 2,SAP,32,12
614,250470,PI 655993,Rep 2,SAP,32,13
589,250471,PI 651496,Rep 2,SAP,32,14
324,250472,PI 534137,Rep 2,SAP,32,15
620,250473,PI 656000,Rep 2,SAP,32,16
634,250474,PI 656016,Rep 2,SAP,32,17
351,250475,PI 561072,Rep 2,SAP,32,18
673,250476,PI 656068,Rep 2,SAP,33,3
616,250477,PI 655995,Rep 2,SAP,33,4
244,250478,PI 533866,Rep 2,SAP,33,5
301,250479,PI 534079,Rep 2,SAP,33,6
243,250480,PI 533863,Rep 2,SAP,33,7
395,250481,PI 564164,Rep 2,SAP,33,8
671,250482,PI 656065,Rep 2,SAP,33,9
670,250483,PI 656064,Rep 2,SAP,33,10
281,250484,PI 533972,Rep 2,SAP,33,11
653,250485,PI 656041,Rep 2,SAP,33,12
622,250486,PI 656002,Rep 2,SAP,33,13
284,250487,PI 533980,Rep 2,SAP,33,14
667,250488,PI 656059,Rep 2,SAP,33,15
293,250489,PI 534021,Rep 2,SAP,33,16
613,250490,PI 655992,Rep 2,SAP,33,17
637,250491,PI 656019,Rep 2,SAP,33,18
348,250492,PI 552856,Rep 2,SAP,34,3
300,250493,PI 534075,Rep 2,SAP,34,4
674,250494,PI 656070,Rep 2,SAP,34,5
544,250495,PI 597973,Rep 2,SAP,34,6
525,250496,PI 595745,Rep 2,SAP,34,7
703,250497,PI 656109,Rep 2,SAP,34,8
322,250498,PI 534133,Rep 2,SAP,34,9
310,250499,PI 534108,Rep 2,SAP,34,10
578,250500,PI 642998,Rep 2,SAP,34,11
680,250501,PI 656078,Rep 2,SAP,34,12
646,250502,PI 656033,Rep 2,SAP,34,13
303,250503,PI 534096,Rep 2,SAP,34,14
639,250504,PI 656022,Rep 2,SAP,34,15
264,250505,PI 533936,Rep 2,SAP,34,16
675,250506,PI 656071,Rep 2,SAP,34,17
601,250507,PI 655978,Rep 2,SAP,34,18
575,250508,PI 642791,Rep 2,SAP,35,3
212,250509,PI 533752,Rep 2,SAP,35,4
462,250510,PI 576333,Rep 2,SAP,35,5
232,250511,PI 533824,Rep 2,SAP,35,6
641,250512,PI 656024,Rep 2,SAP,35,7
700,250513,PI 656106,Rep 2,SAP,35,8
259,250514,PI 533915,Rep 2,SAP,35,9
643,250515,PI 656029,Rep 2,SAP,35,10
480,250516,PI 576387,Rep 2,SAP,35,11
677,250517,PI 656074,Rep 2,SAP,35,12
709,250518,PI 656117,Rep 2,SAP,35,13
496,250519,PI 576437,Rep 2,SAP,35,14
267,250520,PI 533940,Rep 2,SAP,35,15
298,250521,PI 534054,Rep 2,SAP,35,16
529,250522,PI 597950,Rep 2,SAP,35,17
495,250523,PI 576435,Rep 2,SAP,35,18
654,250524,PI 656042,Rep 2,SAP,36,3
306,250525,PI 534101,Rep 2,SAP,36,4
661,250526,PI 656050,Rep 2,SAP,36,5
234,250527,PI 533838,Rep 2,SAP,36,6
473,250528,PI 576366,Rep 2,SAP,36,7
683,250529,PI 656082,Rep 2,SAP,36,8
619,250530,PI 655999,Rep 2,SAP,36,9
292,250531,PI 534009,Rep 2,SAP,36,10
318,250532,PI 534124,Rep 2,SAP,36,11
592,250533,PI 655970,Rep 2,SAP,36,12
521,250534,PI 595740,Rep 2,SAP,36,13
698,250535,PI 656104,Rep 2,SAP,36,14
323,250536,PI 534135,Rep 2,SAP,36,15
666,250537,PI 656058,Rep 2,SAP,36,16
686,250538,PI 656089,Rep 2,SAP,36,17
489,250539,PI 576422,Rep 2,SAP,36,18
329,250540,PI 534148,Rep 2,SAP,37,3
630,250541,PI 656011,Rep 2,SAP,37,4
691,250542,PI 656096,Rep 2,SAP,37,5
606,250543,PI 655984,Rep 2,SAP,37,6
463,250544,PI 576337,Rep 2,SAP,37,7
695,250545,PI 656100,Rep 2,SAP,37,8
554,250546,PI 629034,Rep 2,SAP,37,9
672,250547,PI 656067,Rep 2,SAP,37,10
523,250548,PI 595743,Rep 2,SAP,37,11
693,250549,PI 656098,Rep 2,SAP,37,12
662,250550,PI 656052,Rep 2,SAP,37,13
229,250551,PI 533810,Rep 2,SAP,37,14
238,250552,PI 533843,Rep 2,SAP,37,15
231,250553,PI 533822,Rep 2,SAP,37,16
704,250554,PI 656110,Rep 2,SAP,37,17
645,250555,PI 656032,Rep 2,SAP,37,18
648,250556,PI 656035,Rep 2,SAP,38,3
712,250557,PI 656120,Rep 2,SAP,38,4
271,250558,PI 533954,Rep 2,SAP,38,5
488,250559,PI 576418,Rep 2,SAP,38,6
660,250560,PI 656049,Rep 2,SAP,38,7
7,250561,PI 48770,Rep 2,SAP,38,8
297,250562,PI 534053,Rep 2,SAP,38,9
218,250563,PI 533761,Rep 2,SAP,38,10
576,250564,PI 642793,Rep 2,SAP,38,11
249,250565,PI 533877,Rep 2,SAP,38,12
685,250566,PI 656087,Rep 2,SAP,38,13
484,250567,PI 576394,Rep 2,SAP,38,14
663,250568,PI 656053,Rep 2,SAP,38,15
278,250569,PI 533965,Rep 2,SAP,38,16
277,250570,PI 533964,Rep 2,SAP,38,17
676,250571,PI 656072,Rep 2,SAP,38,18
624,250572,PI 656004,Rep 2,SAP,39,3
535,250573,PI 597960,Rep 2,SAP,39,4
627,250574,PI 656008,Rep 2,SAP,39,5
242,250575,PI 533856,Rep 2,SAP,39,6
474,250576,PI 576373,Rep 2,SAP,39,7
211,250577,PI 533750,Rep 2,SAP,39,8
684,250578,PI 656085,Rep 2,SAP,39,9
235,250579,PI 533839,Rep 2,SAP,39,10
568,250580,PI 641849,Rep 2,SAP,39,11
289,250581,PI 533996,Rep 2,SAP,39,12
1,250582,PI 17548,Rep 2,SAP,39,13
227,250583,PI 533800,Rep 2,SAP,39,14
247,250584,PI 533869,Rep 2,SAP,39,15
476,250585,PI 576376,Rep 2,SAP,39,16
321,250586,PI 534132,Rep 2,SAP,39,17
479,250587,PI 576386,Rep 2,SAP,39,18
515,250588,PI 595699,Rep 2,SAP,40,3
255,250589,PI 533910,Rep 2,SAP,40,4
659,250590,PI 656048,Rep 2,SAP,40,5
295,250591,PI 534037,Rep 2,SAP,40,6
304,250592,PI 534097,Rep 2,SAP,40,7
240,250593,PI 533852,Rep 2,SAP,40,8
494,250594,PI 576434,Rep 2,SAP,40,9
522,250595,PI 595741,Rep 2,SAP,40,10
299,250596,PI 534070,Rep 2,SAP,40,11
669,250597,PI 656062,Rep 2,SAP,40,12
313,250598,PI 534115,Rep 2,SAP,40,13
647,250599,PI 656034,Rep 2,SAP,40,14
652,250600,PI 656039,Rep 2,SAP,40,15
248,250601,PI 533871,Rep 2,SAP,40,16
533,250602,PI 597957,Rep 2,SAP,40,17
549,250603,PI 601816,Rep 2,SAP,40,18
260,250604,PI 533919,Rep 2,SAP,41,3
517,250605,PI 595714,Rep 2,SAP,41,4
290,250606,PI 533997,Rep 2,SAP,41,5
657,250607,PI 656046,Rep 2,SAP,41,6
256,250608,PI 533911,Rep 2,SAP,41,7
678,250609,PI 656075,Rep 2,SAP,41,8
486,250610,PI 576399,Rep 2,SAP,41,9
556,250611,PI 629059,Rep 2,SAP,41,10
263,250612,PI 533927,Rep 2,SAP,41,11
490,250613,PI 576425,Rep 2,SAP,41,12
350,250614,PI 561071,Rep 2,SAP,41,13
550,250615,PI 607931,Rep 2,SAP,41,14
95,250616,PI 276837,Rep 2,SAP,41,15
708,250617,PI 656115,Rep 2,SAP,41,16
466,250618,PI 576345,Rep 2,SAP,41,17
320,250619,PI 534128,Rep 2,SAP,41,18
314,250620,PI 534116,Rep 2,SAP,42,3
705,250621,PI 656111,Rep 2,SAP,42,4
640,250622,PI 656023,Rep 2,SAP,42,5
658,250623,PI 656047,Rep 2,SAP,42,6
4,250624,PI 24969,Rep 2,SAP,42,7
327,250625,PI 534144,Rep 2,SAP,42,8
467,250626,PI 576347,Rep 2,SAP,42,9
268,250627,PI 533943,Rep 2,SAP,42,10
604,250628,PI 655982,Rep 2,SAP,42,11
219,250629,PI 533766,Rep 2,SAP,42,12
280,250630,PI 533970,Rep 2,SAP,42,13
664,250631,PI 656055,Rep 2,SAP,42,14
309,250632,PI 534105,Rep 2,SAP,42,15
548,250633,PI 598069,Rep 2,SAP,42,16
636,250634,PI 656018,Rep 2,SAP,42,17
239,250635,PI 533845,Rep 2,SAP,42,18
591,250636,PI 653616,Rep 2,SAP,43,3
609,250637,PI 655988,Rep 2,SAP,43,5
398,250638,PI 566819,Rep 2,SAP,43,6
482,250639,PI 576391,Rep 2,SAP,43,7
499,250640,PI 585295,Rep 2,SAP,43,8
485,250641,PI 576396,Rep 2,SAP,43,9
250,250642,PI 533878,Rep 2,SAP,43,10
317,250643,PI 534123,Rep 2,SAP,43,11
471,250644,PI 576359,Rep 2,SAP,43,12
226,250645,PI 533799,Rep 2,SAP,43,13
265,250646,PI 533937,Rep 2,SAP,43,14
118,250647,PI 329440,Rep 2,SAP,43,15
312,250648,PI 534114,Rep 2,SAP,43,16
621,250649,PI 656001,Rep 2,SAP,43,17
618,250650,PI 655998,Rep 2,SAP,43,18
470,250651,PI 576352,Rep 2,SAP,43,19
596,250652,PI 655973,Rep 2,SAP,44,3
537,250653,PI 597964,Rep 2,SAP,44,5
220,250654,PI 533769,Rep 2,SAP,44,6
644,250655,PI 656031,Rep 2,SAP,44,7
524,250656,PI 595744,Rep 2,SAP,44,8
702,250657,PI 656108,Rep 2,SAP,44,9
690,250658,PI 656095,Rep 2,SAP,44,10
478,250659,PI 576385,Rep 2,SAP,44,11
330,250660,PI 534157,Rep 2,SAP,44,12
692,250661,PI 656097,Rep 2,SAP,44,13
342,250662,PI 542406,Rep 2,SAP,44,14
536,250663,PI 597961,Rep 2,SAP,44,15
331,250664,PI 534163,Rep 2,SAP,44,16
699,250665,PI 656105,Rep 2,SAP,44,17
713,250666,PI 656121,Rep 2,SAP,44,18
461,250667,PI 576130,Rep 2,SAP,44,19
612,250668,PI 655991,Rep 2,SAP,45,3
224,250669,PI 533792,Rep 2,SAP,45,4
285,250670,PI 533985,Rep 2,SAP,45,5
217,250671,PI 533760,Rep 2,SAP,45,6
266,250672,PI 533939,Rep 2,SAP,45,7
311,250673,PI 534112,Rep 2,SAP,45,8
5,250674,PI 34911,Rep 2,SAP,45,9
261,250675,PI 533921,Rep 2,SAP,45,10
655,250676,PI 656043,Rep 2,SAP,45,11
697,250677,PI 656103,Rep 2,SAP,45,12
629,250678,PI 656010,Rep 2,SAP,45,13
283,250679,PI 533979,Rep 2,SAP,45,14
605,250680,PI 655983,Rep 2,SAP,45,15
352,250681,PI 561073,Rep 2,SAP,45,16
275,250682,PI 533961,Rep 2,SAP,45,17
711,250683,PI 656119,Rep 2,SAP,45,18
650,250684,PI 656037,Rep 2,SAP,46,3
635,250685,PI 656017,Rep 2,SAP,46,4
542,250686,PI 597971,Rep 2,SAP,46,5
215,250687,PI 533758,Rep 2,SAP,46,6
546,250688,PI 597980,Rep 2,SAP,46,7
608,250689,PI 655986,Rep 2,SAP,46,8
287,250690,PI 533989,Rep 2,SAP,46,9
397,250691,PI 565121,Rep 2,SAP,46,10
526,250692,PI 597945,Rep 2,SAP,46,11
477,250693,PI 576380,Rep 2,SAP,46,12
305,250694,PI 534099,Rep 2,SAP,46,13
116,250695,PI329403,Rep 1,BAP,49,3
369,250696,PI562971,Rep 1,BAP,49,4
185,250697,PI455217,Rep 1,BAP,49,5
174,250698,PI330858,Rep 1,BAP,49,6
21,250699,PI152728,Rep 1,BAP,49,7
402,250700,PI569148,Rep 1,BAP,49,8
161,250701,PI330168,Rep 1,BAP,49,9
574,250702,PI641909,Rep 1,BAP,49,10
420,250703,PI569447,Rep 1,BAP,49,11
132,250704,PI329545,Rep 1,BAP,49,12
100,250705,PI300117,Rep 1,BAP,49,13
377,250706,PI563002,Rep 1,BAP,49,14
97,250707,PI297130,Rep 1,BAP,49,15
170,250708,PI330796,Rep 1,BAP,49,16
106,250709,PI329299,Rep 1,BAP,49,17
133,250710,PI329546,Rep 1,BAP,49,18
510,250711,PI586435,Rep 1,BAP,50,3
455,250712,PI570373,Rep 1,BAP,50,4
207,250713,PI524475,Rep 1,BAP,50,5
51,250714,PI156326,Rep 1,BAP,50,6
8,250715,PI52606,Rep 1,BAP,50,7
135,250716,PI329551,Rep 1,BAP,50,8
91,250717,PI266927,Rep 1,BAP,50,9
149,250718,PI329646,Rep 1,BAP,50,10
594,250719,PI655972,Rep 1,BAP,50,11
558,250720,PI641810,Rep 1,BAP,50,12
140,250721,PI329584,Rep 1,BAP,50,13
424,250722,PI569455,Rep 1,BAP,50,14
109,250723,PI329301,Rep 1,BAP,50,15
19,250724,PI152694,Rep 1,BAP,50,16
55,250725,PI156487,Rep 1,BAP,50,17
415,250726,PI569435,Rep 1,BAP,50,18
452,250727,PI570145,Rep 1,BAP,51,3
580,250728,PI646242,Rep 1,BAP,51,4
150,250729,PI329665,Rep 1,BAP,51,5
180,250730,PI452619,Rep 1,BAP,51,6
125,250731,PI329506,Rep 1,BAP,51,7
379,250732,PI563009,Rep 1,BAP,51,8
181,250733,PI452692,Rep 1,BAP,51,9
75,250734,PI196598,Rep 1,BAP,51,10
430,250735,PI569465,Rep 1,BAP,51,11
581,250736,PI646251,Rep 1,BAP,51,12
54,250737,PI156463,Rep 1,BAP,51,13
80,250738,PI221651,Rep 1,BAP,51,14
421,250739,PI569452,Rep 1,BAP,51,15
169,250740,PI330199,Rep 1,BAP,51,16
77,250741,PI213900,Rep 1,BAP,51,17
390,250742,PI563338,Rep 1,BAP,51,18
99,250743,PI297171,Rep 1,BAP,52,3
433,250744,PI570038,Rep 1,BAP,52,4
407,250745,PI569419,Rep 1,BAP,52,5
164,250746,PI330184,Rep 1,BAP,52,6
428,250747,PI569460,Rep 1,BAP,52,7
110,250748,PI329310,Rep 1,BAP,52,8
42,250749,PI154988,Rep 1,BAP,52,9
90,250750,PI257600,Rep 1,BAP,52,10
565,250751,PI641834,Rep 1,BAP,52,11
32,250752,PI152965,Rep 1,BAP,52,12
196,250753,PI506122,Rep 1,BAP,52,13
450,250754,PI570110,Rep 1,BAP,52,14
210,250755,PI527045,Rep 1,BAP,52,15
187,250756,PI455280,Rep 1,BAP,52,16
50,250757,PI156268,Rep 1,BAP,52,17
566,250758,PI641835,Rep 1,BAP,52,18
40,250759,PI154944,Rep 1,BAP,53,3
383,250760,PI563032,Rep 1,BAP,53,4
31,250761,PI152963,Rep 1,BAP,53,5
346,250762,PI550604,Rep 1,BAP,53,6
64,250763,PI175919,Rep 1,BAP,53,7
404,250764,PI569264,Rep 1,BAP,53,8
17,250765,PI147224,Rep 1,BAP,53,9
88,250766,PI255744,Rep 1,BAP,53,10
173,250767,PI330833,Rep 1,BAP,53,11
366,250768,PI562897,Rep 1,BAP,53,12
368,250769,PI562970,Rep 1,BAP,53,13
49,250770,PI156217,Rep 1,BAP,53,14
156,250771,PI329841,Rep 1,BAP,53,15
204,250772,PI521152,Rep 1,BAP,53,16
94,250773,PI273969,Rep 1,BAP,53,17
12,250774,PI145619,Rep 1,BAP,53,18
30,250775,PI152961,Rep 1,BAP,54,3
152,250776,PI329699,Rep 1,BAP,54,4
154,250777,PI329710,Rep 1,BAP,54,5
432,250778,PI570031,Rep 1,BAP,54,6
356,250779,PI561840,Rep 1,BAP,54,7
505,250780,PI585467,Rep 1,BAP,54,8
332,250781,PI534165,Rep 1,BAP,54,9
497,250782,PI583832,Rep 1,BAP,54,10
560,250783,PI641817,Rep 1,BAP,54,11
36,250784,PI153877,Rep 1,BAP,54,12
437,250785,PI570053,Rep 1,BAP,54,13
385,250786,PI563295,Rep 1,BAP,54,14
29,250787,PI152923,Rep 1,BAP,54,15
26,250788,PI152828,Rep 1,BAP,54,16
590,250789,PI651497,Rep 1,BAP,54,17
66,250790,PI179749,Rep 1,BAP,54,18
585,250791,PI651491,Rep 1,BAP,55,3
139,250792,PI329583,Rep 1,BAP,55,4
119,250793,PI329465,Rep 1,BAP,55,5
459,250794,PI570431,Rep 1,BAP,55,6
511,250795,PI586443,Rep 1,BAP,55,7
202,250796,PI513898,Rep 1,BAP,55,8
16,250797,PI146890,Rep 1,BAP,55,9
501,250798,PI585448,Rep 1,BAP,55,10
557,250799,PI641807,Rep 1,BAP,55,11
206,250800,PI521290,Rep 1,BAP,55,12
189,250801,PI455307,Rep 1,BAP,55,13
388,250802,PI563331,Rep 1,BAP,55,14
101,250803,PI300118,Rep 1,BAP,55,15
137,250804,PI329569,Rep 1,BAP,55,16
443,250805,PI570085,Rep 1,BAP,55,17
316,250806,PI534120,Rep 1,BAP,55,18
20,250807,PI152727,Rep 1,BAP,56,3
191,250808,PI505722,Rep 1,BAP,56,4
105,250809,PI329286,Rep 1,BAP,56,5
194,250810,PI506069,Rep 1,BAP,56,6
53,250811,PI156393,Rep 1,BAP,56,7
111,250812,PI329319,Rep 1,BAP,56,8
436,250813,PI570047,Rep 1,BAP,56,9
41,250814,PI154987,Rep 1,BAP,56,10
22,250815,PI152730,Rep 1,BAP,56,11
503,250816,PI585454,Rep 1,BAP,56,12
418,250817,PI569445,Rep 1,BAP,56,13
126,250818,PI329510,Rep 1,BAP,56,14
138,250819,PI329570,Rep 1,BAP,56,15
553,250820,PI619838,Rep 1,BAP,56,16
163,250821,PI330181,Rep 1,BAP,56,17
423,250822,PI569454,Rep 1,BAP,56,18
184,250823,PI453696,Rep 1,BAP,57,3
142,250824,PI329614,Rep 1,BAP,57,4
175,250825,PI337680,Rep 1,BAP,57,5
114,250826,PI329338,Rep 1,BAP,57,6
124,250827,PI329501,Rep 1,BAP,57,7
571,250828,PI641862,Rep 1,BAP,57,8
177,250829,PI365512,Rep 1,BAP,57,9
339,250830,PI535796,Rep 1,BAP,57,10
145,250831,PI329618,Rep 1,BAP,57,11
65,250832,PI176766,Rep 1,BAP,57,12
45,250833,PI155760,Rep 1,BAP,57,13
78,250834,PI218112,Rep 1,BAP,57,14
122,250835,PI329478,Rep 1,BAP,57,15
43,250836,PI155149,Rep 1,BAP,57,16
434,250837,PI570039,Rep 1,BAP,57,17
15,250838,PI145633,Rep 1,BAP,57,18
74,250839,PI196586,Rep 1,BAP,58,3
334,250840,PI535783,Rep 1,BAP,58,4
172,250841,PI330807,Rep 1,BAP,58,5
155,250842,PI329711,Rep 1,BAP,58,6
373,250843,PI562990,Rep 1,BAP,58,7
456,250844,PI570388,Rep 1,BAP,58,8
587,250845,PI651493,Rep 1,BAP,58,9
167,250846,PI330195,Rep 1,BAP,58,10
454,250847,PI570371,Rep 1,BAP,58,11
127,250848,PI329511,Rep 1,BAP,58,12
569,250849,PI641850,Rep 1,BAP,58,13
171,250850,PI330803,Rep 1,BAP,58,14
425,250851,PI569457,Rep 1,BAP,58,15
37,250852,PI154750,Rep 1,BAP,58,16
63,250853,PI170787,Rep 1,BAP,58,17
3,250854,PI22913,Rep 1,BAP,58,18
14,250855,PI145632,Rep 1,BAP,59,3
552,250856,PI619807,Rep 1,BAP,59,4
371,250857,PI562982,Rep 1,BAP,59,5
178,250858,PI452542,Rep 1,BAP,59,6
205,250859,PI521281,Rep 1,BAP,59,7
24,250860,PI152751,Rep 1,BAP,59,8
27,250861,PI152860,Rep 1,BAP,59,9
427,250862,PI569459,Rep 1,BAP,59,10
28,250863,PI152862,Rep 1,BAP,59,11
343,250864,PI542718,Rep 1,BAP,59,12
52,250865,PI156330,Rep 1,BAP,59,13
562,250866,PI641824,Rep 1,BAP,59,14
103,250867,PI303658,Rep 1,BAP,59,15
188,250868,PI455301,Rep 1,BAP,59,16
457,250869,PI570393,Rep 1,BAP,59,17
61,250870,PI157804,Rep 1,BAP,59,18
209,250871,PI526905,Rep 1,BAP,60,3
381,250872,PI563021,Rep 1,BAP,60,4
500,250873,PI585406,Rep 1,BAP,60,5
62,250874,PI167093,Rep 1,BAP,60,6
564,250875,PI641830,Rep 1,BAP,60,7
563,250876,PI641829,Rep 1,BAP,60,8
25,250877,PI152816,Rep 1,BAP,60,9
414,250878,PI569433,Rep 1,BAP,60,10
81,250879,PI226096,Rep 1,BAP,60,11
514,250880,PI593916,Rep 1,BAP,60,12
408,250881,PI569420,Rep 1,BAP,60,13
112,250882,PI329326,Rep 1,BAP,60,14
168,250883,PI330196,Rep 1,BAP,60,15
35,250884,PI152971,Rep 1,BAP,60,16
89,250885,PI257599,Rep 1,BAP,60,17
162,250886,PI330169,Rep 1,BAP,60,18
389,250887,PI563332,Rep 1,BAP,61,3
365,250888,PI562781,Rep 1,BAP,61,4
148,250889,PI329645,Rep 1,BAP,61,5
179,250890,PI452544,Rep 1,BAP,61,6
9,250891,PI63715,Rep 1,BAP,61,7
512,250892,PI586499,Rep 1,BAP,61,8
502,250893,PI585452,Rep 1,BAP,61,9
448,250894,PI570106,Rep 1,BAP,61,10
38,250895,PI154844,Rep 1,BAP,61,11
130,250896,PI329519,Rep 1,BAP,61,12
39,250897,PI154846,Rep 1,BAP,61,13
416,250898,PI569443,Rep 1,BAP,61,14
131,250899,PI329541,Rep 1,BAP,61,15
183,250900,PI453177,Rep 1,BAP,61,16
83,250901,PI250583,Rep 1,BAP,61,17
87,250902,PI255239,Rep 1,BAP,61,18
151,250903,PI329673,Rep 1,BAP,62,3
411,250904,PI569423,Rep 1,BAP,62,4
102,250905,PI302252,Rep 1,BAP,62,5
176,250906,PI337689,Rep 1,BAP,62,6
400,250907,PI569090,Rep 1,BAP,62,7
431,250908,PI569886,Rep 1,BAP,62,8
69,250909,PI181083,Rep 1,BAP,62,9
129,250910,PI329518,Rep 1,BAP,62,10
195,250911,PI506114,Rep 1,BAP,62,11
405,250912,PI569416,Rep 1,BAP,62,12
370,250913,PI562981,Rep 1,BAP,62,13
143,250914,PI329615,Rep 1,BAP,62,14
507,250915,PI585608,Rep 1,BAP,62,15
364,250916,PI562732,Rep 1,BAP,62,16
34,250917,PI152967,Rep 1,BAP,62,17
347,250918,PI552851,Rep 1,BAP,62,18
376,250919,PI562998,Rep 1,BAP,63,3
146,250920,PI329632,Rep 1,BAP,63,4
128,250921,PI329517,Rep 1,BAP,63,5
68,250922,PI181080,Rep 1,BAP,63,6
67,250923,PI180348,Rep 1,BAP,63,7
561,250924,PI641821,Rep 1,BAP,63,8
429,250925,PI569462,Rep 1,BAP,63,9
382,250926,PI563022,Rep 1,BAP,63,10
93,250927,PI273465,Rep 1,BAP,63,11
573,250928,PI641892,Rep 1,BAP,63,12
104,250929,PI329256,Rep 1,BAP,63,13
72,250930,PI196049,Rep 1,BAP,63,14
406,250931,PI569418,Rep 1,BAP,63,15
392,250932,PI563350,Rep 1,BAP,63,16
96,250933,PI291246,Rep 1,BAP,63,17
403,250934,PI569244,Rep 1,BAP,63,18
487,250935,PI576401,Rep 1,BAP,64,3
23,250936,PI152733,Rep 1,BAP,64,4
56,250937,PI156871,Rep 1,BAP,64,5
391,250938,PI563348,Rep 1,BAP,64,6
160,250939,PI330167,Rep 1,BAP,64,7
372,250940,PI562985,Rep 1,BAP,64,8
186,250941,PI455221,Rep 1,BAP,64,9
190,250942,PI505717,Rep 1,BAP,64,10
198,250943,PI511355,Rep 1,BAP,64,11
10,250944,PI92270,Rep 1,BAP,64,12
570,250945,PI641860,Rep 1,BAP,64,13
85,250946,PI253986,Rep 1,BAP,64,14
121,250947,PI329471,Rep 1,BAP,64,15
193,250948,PI506030,Rep 1,BAP,64,16
141,250949,PI329605,Rep 1,BAP,64,17
120,250950,PI329466,Rep 1,BAP,64,18
393,250951,PI563355,Rep 1,BAP,65,3
338,250952,PI535795,Rep 1,BAP,65,4
362,250953,PI562730,Rep 1,BAP,65,5
2,250954,PI19770,Rep 1,BAP,65,6
82,250955,PI229841,Rep 1,BAP,65,7
439,250956,PI570073,Rep 1,BAP,65,8
440,250957,PI570074,Rep 1,BAP,65,9
458,250958,PI570400,Rep 1,BAP,65,10
399,250959,PI568717,Rep 1,BAP,65,11
384,250960,PI563196,Rep 1,BAP,65,12
336,250961,PI535793,Rep 1,BAP,65,13
340,250962,PI540518,Rep 1,BAP,65,14
158,250963,PI329864,Rep 1,BAP,65,15
60,250964,PI157035,Rep 1,BAP,65,16
567,250965,PI641836,Rep 1,BAP,65,17
136,250966,PI329554,Rep 1,BAP,65,18
444,250967,PI570087,Rep 1,BAP,66,3
197,250968,PI510757,Rep 1,BAP,66,4
412,250969,PI569425,Rep 1,BAP,66,5
70,250970,PI181899,Rep 1,BAP,66,6
422,250971,PI569453,Rep 1,BAP,66,7
441,250972,PI570075,Rep 1,BAP,66,8
208,250973,PI525049,Rep 1,BAP,66,9
117,250974,PI329435,Rep 1,BAP,66,10
58,250975,PI157030,Rep 1,BAP,66,11
442,250976,PI570076,Rep 1,BAP,66,12
508,250977,PI585961,Rep 1,BAP,66,13
47,250978,PI156018,Rep 1,BAP,66,14
79,250979,PI221548,Rep 1,BAP,66,15
13,250980,PI145626,Rep 1,BAP,66,16
48,250981,PI156203,Rep 1,BAP,66,17
192,250982,PI505735,Rep 1,BAP,66,18
419,250983,PI569446,Rep 1,BAP,67,3
84,250984,PI251672,Rep 1,BAP,67,4
113,250985,PI329333,Rep 1,BAP,67,5
335,250986,PI535785,Rep 1,BAP,67,6
76,250987,PI197542,Rep 1,BAP,67,7
182,250988,PI453106,Rep 1,BAP,67,8
584,250989,PI646266,Rep 1,BAP,67,9
153,250990,PI329702,Rep 1,BAP,67,10
579,250991,PI643016,Rep 1,BAP,67,11
588,250992,PI651495,Rep 1,BAP,67,12
410,250993,PI569422,Rep 1,BAP,67,13
144,250994,PI329617,Rep 1,BAP,67,14
435,250995,PI570042,Rep 1,BAP,67,15
337,250996,PI535794,Rep 1,BAP,67,16
449,250997,PI570109,Rep 1,BAP,67,17
413,250998,PI569427,Rep 1,BAP,67,18
446,250999,PI570091,Rep 1,BAP,68,3
123,251000,PI329480,Rep 1,BAP,68,4
92,251001,PI267573,Rep 1,BAP,68,5
453,251002,PI570254,Rep 1,BAP,68,6
509,251003,PI585966,Rep 1,BAP,68,7
33,251004,PI152966,Rep 1,BAP,68,8
46,251005,PI155885,Rep 1,BAP,68,9
98,251006,PI297155,Rep 1,BAP,68,10
57,251007,PI156890,Rep 1,BAP,68,11
386,251008,PI563329,Rep 1,BAP,68,12
447,251009,PI570096,Rep 1,BAP,68,13
71,251010,PI195754,Rep 1,BAP,68,14
107,251011,PI329300,Rep 1,BAP,68,15
59,251012,PI157033,Rep 1,BAP,68,16
157,251013,PI329843,Rep 1,BAP,68,17
559,251014,PI641815,Rep 1,BAP,68,18
115,251015,PI329351,Rep 1,BAP,69,3
11,251016,PI144134,Rep 1,BAP,69,4
165,251017,PI330185,Rep 1,BAP,69,5
451,251018,PI570114,Rep 1,BAP,69,6
73,251019,PI196583,Rep 1,BAP,69,7
378,251020,PI563006,Rep 1,BAP,69,8
438,251021,PI570071,Rep 1,BAP,69,9
426,251022,PI569458,Rep 1,BAP,69,10
387,251023,PI563330,Rep 1,BAP,69,11
409,251024,PI569421,Rep 1,BAP,69,12
504,251025,PI585461,Rep 1,BAP,69,13
513,251026,PI586541,Rep 1,BAP,69,14
506,251027,PI585577,Rep 1,BAP,69,15
375,251028,PI562994,Rep 1,BAP,69,16
374,251029,PI562991,Rep 1,BAP,69,17
147,251030,PI329644,Rep 1,BAP,69,18
44,251031,PI155516,Rep 1,BAP,70,3
18,251032,PI152651,Rep 1,BAP,70,4
401,251033,PI569097,Rep 1,BAP,70,5
134,251034,PI329550,Rep 1,BAP,70,6
159,251035,PI329865,Rep 1,BAP,70,7
417,251036,PI569444,Rep 1,BAP,70,8
203,251037,PI521019,Rep 1,BAP,70,9
445,251038,PI570090,Rep 1,BAP,70,10
380,251039,PI563020,Rep 1,BAP,70,11
204,251040,PI521152,Rep 2,BAP,71,3
408,251041,PI569420,Rep 2,BAP,71,4
401,251042,PI569097,Rep 2,BAP,71,5
35,251043,PI152971,Rep 2,BAP,71,6
366,251044,PI562897,Rep 2,BAP,71,7
430,251045,PI569465,Rep 2,BAP,71,8
157,251046,PI329843,Rep 2,BAP,71,9
339,251047,PI535796,Rep 2,BAP,71,10
436,251048,PI570047,Rep 2,BAP,71,11
133,251049,PI329546,Rep 2,BAP,71,12
13,251050,PI145626,Rep 2,BAP,71,13
10,251051,PI92270,Rep 2,BAP,71,14
181,251052,PI452692,Rep 2,BAP,71,15
49,251053,PI156217,Rep 2,BAP,71,16
210,251054,PI527045,Rep 2,BAP,71,17
39,251055,PI154846,Rep 2,BAP,71,18
190,251056,PI505717,Rep 2,BAP,72,3
446,251057,PI570091,Rep 2,BAP,72,4
138,251058,PI329570,Rep 2,BAP,72,5
53,251059,PI156393,Rep 2,BAP,72,6
164,251060,PI330184,Rep 2,BAP,72,7
179,251061,PI452544,Rep 2,BAP,72,8
400,251062,PI569090,Rep 2,BAP,72,9
100,251063,PI300117,Rep 2,BAP,72,10
557,251064,PI641807,Rep 2,BAP,72,11
453,251065,PI570254,Rep 2,BAP,72,12
36,251066,PI153877,Rep 2,BAP,72,13
120,251067,PI329466,Rep 2,BAP,72,14
362,251068,PI562730,Rep 2,BAP,72,15
588,251069,PI651495,Rep 2,BAP,72,16
423,251070,PI569454,Rep 2,BAP,72,17
422,251071,PI569453,Rep 2,BAP,72,18
23,251072,PI152733,Rep 2,BAP,73,3
46,251073,PI155885,Rep 2,BAP,73,4
123,251074,PI329480,Rep 2,BAP,73,5
566,251075,PI641835,Rep 2,BAP,73,6
161,251076,PI330168,Rep 2,BAP,73,7
382,251077,PI563022,Rep 2,BAP,73,8
37,251078,PI154750,Rep 2,BAP,73,9
60,251079,PI157035,Rep 2,BAP,73,10
513,251080,PI586541,Rep 2,BAP,73,11
559,251081,PI641815,Rep 2,BAP,73,12
507,251082,PI585608,Rep 2,BAP,73,13
564,251083,PI641830,Rep 2,BAP,73,14
125,251084,PI329506,Rep 2,BAP,73,15
140,251085,PI329584,Rep 2,BAP,73,16
399,251086,PI568717,Rep 2,BAP,73,17
417,251087,PI569444,Rep 2,BAP,73,18
132,251088,PI329545,Rep 2,BAP,74,3
580,251089,PI646242,Rep 2,BAP,74,4
337,251090,PI535794,Rep 2,BAP,74,5
510,251091,PI586435,Rep 2,BAP,74,6
14,251092,PI145632,Rep 2,BAP,74,7
343,251093,PI542718,Rep 2,BAP,74,8
435,251094,PI570042,Rep 2,BAP,74,9
560,251095,PI641817,Rep 2,BAP,74,10
443,251096,PI570085,Rep 2,BAP,74,11
171,251097,PI330803,Rep 2,BAP,74,12
110,251098,PI329310,Rep 2,BAP,74,13
509,251099,PI585966,Rep 2,BAP,74,14
180,251100,PI452619,Rep 2,BAP,74,15
172,251101,PI330807,Rep 2,BAP,74,16
574,251102,PI641909,Rep 2,BAP,74,17
150,251103,PI329665,Rep 2,BAP,74,18
512,251104,PI586499,Rep 2,BAP,75,3
12,251105,PI145619,Rep 2,BAP,75,4
356,251106,PI561840,Rep 2,BAP,75,5
30,251107,PI152961,Rep 2,BAP,75,6
571,251108,PI641862,Rep 2,BAP,75,7
573,251109,PI641892,Rep 2,BAP,75,8
376,251110,PI562998,Rep 2,BAP,75,9
90,251111,PI257600,Rep 2,BAP,75,10
381,251112,PI563021,Rep 2,BAP,75,11
487,251113,PI576401,Rep 2,BAP,75,12
159,251114,PI329865,Rep 2,BAP,75,13
136,251115,PI329554,Rep 2,BAP,75,14
459,251116,PI570431,Rep 2,BAP,75,15
175,251117,PI337680,Rep 2,BAP,75,16
98,251118,PI297155,Rep 2,BAP,75,17
109,251119,PI329301,Rep 2,BAP,75,18
111,251120,PI329319,Rep 2,BAP,76,3
504,251121,PI585461,Rep 2,BAP,76,4
173,251122,PI330833,Rep 2,BAP,76,5
188,251123,PI455301,Rep 2,BAP,76,6
581,251124,PI646251,Rep 2,BAP,76,7
155,251125,PI329711,Rep 2,BAP,76,8
193,251126,PI506030,Rep 2,BAP,76,9
129,251127,PI329518,Rep 2,BAP,76,10
419,251128,PI569446,Rep 2,BAP,76,11
128,251129,PI329517,Rep 2,BAP,76,12
96,251130,PI291246,Rep 2,BAP,76,13
174,251131,PI330858,Rep 2,BAP,76,14
434,251132,PI570039,Rep 2,BAP,76,15
55,251133,PI156487,Rep 2,BAP,76,16
420,251134,PI569447,Rep 2,BAP,76,17
122,251135,PI329478,Rep 2,BAP,76,18
64,251136,PI175919,Rep 2,BAP,77,3
445,251137,PI570090,Rep 2,BAP,77,4
158,251138,PI329864,Rep 2,BAP,77,5
124,251139,PI329501,Rep 2,BAP,77,6
104,251140,PI329256,Rep 2,BAP,77,7
552,251141,PI619807,Rep 2,BAP,77,8
91,251142,PI266927,Rep 2,BAP,77,9
58,251143,PI157030,Rep 2,BAP,77,10
84,251144,PI251672,Rep 2,BAP,77,11
135,251145,PI329551,Rep 2,BAP,77,12
27,251146,PI152860,Rep 2,BAP,77,13
191,251147,PI505722,Rep 2,BAP,77,14
403,251148,PI569244,Rep 2,BAP,77,15
590,251149,PI651497,Rep 2,BAP,77,16
406,251150,PI569418,Rep 2,BAP,77,17
511,251151,PI586443,Rep 2,BAP,77,18
89,251152,PI257599,Rep 2,BAP,78,3
97,251153,PI297130,Rep 2,BAP,78,4
404,251154,PI569264,Rep 2,BAP,78,5
432,251155,PI570031,Rep 2,BAP,78,6
457,251156,PI570393,Rep 2,BAP,78,7
497,251157,PI583832,Rep 2,BAP,78,8
378,251158,PI563006,Rep 2,BAP,78,9
168,251159,PI330196,Rep 2,BAP,78,10
65,251160,PI176766,Rep 2,BAP,78,11
113,251161,PI329333,Rep 2,BAP,78,12
141,251162,PI329605,Rep 2,BAP,78,13
388,251163,PI563331,Rep 2,BAP,78,14
137,251164,PI329569,Rep 2,BAP,78,15
428,251165,PI569460,Rep 2,BAP,78,16
131,251166,PI329541,Rep 2,BAP,78,17
372,251167,PI562985,Rep 2,BAP,78,18
106,251168,PI329299,Rep 2,BAP,79,3
418,251169,PI569445,Rep 2,BAP,79,4
585,251170,PI651491,Rep 2,BAP,79,5
26,251171,PI152828,Rep 2,BAP,79,6
178,251172,PI452542,Rep 2,BAP,79,7
458,251173,PI570400,Rep 2,BAP,79,8
433,251174,PI570038,Rep 2,BAP,79,9
139,251175,PI329583,Rep 2,BAP,79,10
148,251176,PI329645,Rep 2,BAP,79,11
11,251177,PI144134,Rep 2,BAP,79,12
34,251178,PI152967,Rep 2,BAP,79,13
368,251179,PI562970,Rep 2,BAP,79,14
43,251180,PI155149,Rep 2,BAP,79,15
500,251181,PI585406,Rep 2,BAP,79,16
208,251182,PI525049,Rep 2,BAP,79,17
42,251183,PI154988,Rep 2,BAP,79,18
390,251184,PI563338,Rep 2,BAP,80,3
415,251185,PI569435,Rep 2,BAP,80,4
80,251186,PI221651,Rep 2,BAP,80,5
411,251187,PI569423,Rep 2,BAP,80,6
41,251188,PI154987,Rep 2,BAP,80,7
444,251189,PI570087,Rep 2,BAP,80,8
152,251190,PI329699,Rep 2,BAP,80,9
99,251191,PI297171,Rep 2,BAP,80,10
347,251192,PI552851,Rep 2,BAP,80,11
340,251193,PI540518,Rep 2,BAP,80,12
424,251194,PI569455,Rep 2,BAP,80,13
115,251195,PI329351,Rep 2,BAP,80,14
162,251196,PI330169,Rep 2,BAP,80,15
101,251197,PI300118,Rep 2,BAP,80,16
59,251198,PI157033,Rep 2,BAP,80,17
83,251199,PI250583,Rep 2,BAP,80,18
71,251200,PI195754,Rep 2,BAP,81,3
389,251201,PI563332,Rep 2,BAP,81,4
194,251202,PI506069,Rep 2,BAP,81,5
579,251203,PI643016,Rep 2,BAP,81,6
380,251204,PI563020,Rep 2,BAP,81,7
206,251205,PI521290,Rep 2,BAP,81,8
167,251206,PI330195,Rep 2,BAP,81,9
442,251207,PI570076,Rep 2,BAP,81,10
410,251208,PI569422,Rep 2,BAP,81,11
147,251209,PI329644,Rep 2,BAP,81,12
383,251210,PI563032,Rep 2,BAP,81,13
385,251211,PI563295,Rep 2,BAP,81,14
88,251212,PI255744,Rep 2,BAP,81,15
75,251213,PI196598,Rep 2,BAP,81,16
8,251214,PI52606,Rep 2,BAP,81,17
185,251215,PI455217,Rep 2,BAP,81,18
503,251216,PI585454,Rep 2,BAP,82,3
364,251217,PI562732,Rep 2,BAP,82,4
441,251218,PI570075,Rep 2,BAP,82,5
371,251219,PI562982,Rep 2,BAP,82,6
413,251220,PI569427,Rep 2,BAP,82,7
336,251221,PI535793,Rep 2,BAP,82,8
414,251222,PI569433,Rep 2,BAP,82,9
9,251223,PI63715,Rep 2,BAP,82,10
416,251224,PI569443,Rep 2,BAP,82,11
514,251225,PI593916,Rep 2,BAP,82,12
195,251226,PI506114,Rep 2,BAP,82,13
20,251227,PI152727,Rep 2,BAP,82,14
437,251228,PI570053,Rep 2,BAP,82,15
33,251229,PI152966,Rep 2,BAP,82,16
454,251230,PI570371,Rep 2,BAP,82,17
176,251231,PI337689,Rep 2,BAP,82,18
407,251232,PI569419,Rep 2,BAP,83,3
505,251233,PI585467,Rep 2,BAP,83,4
196,251234,PI506122,Rep 2,BAP,83,5
156,251235,PI329841,Rep 2,BAP,83,6
379,251236,PI563009,Rep 2,BAP,83,7
29,251237,PI152923,Rep 2,BAP,83,8
76,251238,PI197542,Rep 2,BAP,83,9
508,251239,PI585961,Rep 2,BAP,83,10
52,251240,PI156330,Rep 2,BAP,83,11
3,251241,PI22913,Rep 2,BAP,83,12
67,251242,PI180348,Rep 2,BAP,83,13
28,251243,PI152862,Rep 2,BAP,83,14
70,251244,PI181899,Rep 2,BAP,83,15
62,251245,PI167093,Rep 2,BAP,83,16
69,251246,PI181083,Rep 2,BAP,83,17
16,251247,PI146890,Rep 2,BAP,83,18
207,251248,PI524475,Rep 2,BAP,84,3
127,251249,PI329511,Rep 2,BAP,84,4
77,251250,PI213900,Rep 2,BAP,84,5
374,251251,PI562991,Rep 2,BAP,84,6
54,251252,PI156463,Rep 2,BAP,84,7
567,251253,PI641836,Rep 2,BAP,84,8
79,251254,PI221548,Rep 2,BAP,84,9
85,251255,PI253986,Rep 2,BAP,84,10
63,251256,PI170787,Rep 2,BAP,84,11
170,251257,PI330796,Rep 2,BAP,84,12
456,251258,PI570388,Rep 2,BAP,84,13
119,251259,PI329465,Rep 2,BAP,84,14
94,251260,PI273969,Rep 2,BAP,84,15
165,251261,PI330185,Rep 2,BAP,84,16
373,251262,PI562990,Rep 2,BAP,84,17
92,251263,PI267573,Rep 2,BAP,84,18
189,251264,PI455307,Rep 2,BAP,91,3
51,251265,PI156326,Rep 2,BAP,91,4
393,251266,PI563355,Rep 2,BAP,91,5
563,251267,PI641829,Rep 2,BAP,91,6
149,251268,PI329646,Rep 2,BAP,91,7
384,251269,PI563196,Rep 2,BAP,91,8
134,251270,PI329550,Rep 2,BAP,91,9
431,251271,PI569886,Rep 2,BAP,91,10
146,251272,PI329632,Rep 2,BAP,91,11
107,251273,PI329300,Rep 2,BAP,91,12
449,251274,PI570109,Rep 2,BAP,91,13
151,251275,PI329673,Rep 2,BAP,91,14
182,251276,PI453106,Rep 2,BAP,91,15
426,251277,PI569458,Rep 2,BAP,91,16
439,251278,PI570073,Rep 2,BAP,91,17
103,251279,PI303658,Rep 2,BAP,91,18
429,251280,PI569462,Rep 2,BAP,92,3
154,251281,PI329710,Rep 2,BAP,92,4
82,251282,PI229841,Rep 2,BAP,92,5
502,251283,PI585452,Rep 2,BAP,92,6
386,251284,PI563329,Rep 2,BAP,92,7
73,251285,PI196583,Rep 2,BAP,92,8
377,251286,PI563002,Rep 2,BAP,92,9
72,251287,PI196049,Rep 2,BAP,92,10
558,251288,PI641810,Rep 2,BAP,92,11
316,251289,PI534120,Rep 2,BAP,92,12
405,251290,PI569416,Rep 2,BAP,92,13
66,251291,PI179749,Rep 2,BAP,92,14
594,251292,PI655972,Rep 2,BAP,92,15
160,251293,PI330167,Rep 2,BAP,92,16
335,251294,PI535785,Rep 2,BAP,92,17
205,251295,PI521281,Rep 2,BAP,92,18
501,251296,PI585448,Rep 2,BAP,89,3
187,251297,PI455280,Rep 2,BAP,89,4
61,251298,PI157804,Rep 2,BAP,89,5
421,251299,PI569452,Rep 2,BAP,89,6
451,251300,PI570114,Rep 2,BAP,89,7
197,251301,PI510757,Rep 2,BAP,89,8
25,251302,PI152816,Rep 2,BAP,89,9
569,251303,PI641850,Rep 2,BAP,89,10
68,251304,PI181080,Rep 2,BAP,89,11
565,251305,PI641834,Rep 2,BAP,89,12
455,251306,PI570373,Rep 2,BAP,89,13
584,251307,PI646266,Rep 2,BAP,89,14
450,251308,PI570110,Rep 2,BAP,89,15
448,251309,PI570106,Rep 2,BAP,89,17
2,251310,PI19770,Rep 2,BAP,89,18
74,251311,PI196586,Rep 2,BAP,89,19
587,251312,PI651493,Rep 2,BAP,90,3
177,251313,PI365512,Rep 2,BAP,90,4
121,251314,PI329471,Rep 2,BAP,90,5
102,251315,PI302252,Rep 2,BAP,90,6
183,251316,PI453177,Rep 2,BAP,90,7
112,251317,PI329326,Rep 2,BAP,90,8
192,251318,PI505735,Rep 2,BAP,90,9
19,251319,PI152694,Rep 2,BAP,90,10
87,251320,PI255239,Rep 2,BAP,90,11
145,251321,PI329618,Rep 2,BAP,90,12
143,251322,PI329615,Rep 2,BAP,90,13
346,251323,PI550604,Rep 2,BAP,90,14
186,251324,PI455221,Rep 2,BAP,90,15
116,251325,PI329403,Rep 2,BAP,90,17
142,251326,PI329614,Rep 2,BAP,90,18
334,251327,PI535783,Rep 2,BAP,90,19
209,251328,PI526905,Rep 2,BAP,87,3
24,251329,PI152751,Rep 2,BAP,87,4
506,251330,PI585577,Rep 2,BAP,87,5
44,251331,PI155516,Rep 2,BAP,87,6
338,251332,PI535795,Rep 2,BAP,87,7
18,251333,PI152651,Rep 2,BAP,87,8
32,251334,PI152965,Rep 2,BAP,87,9
31,251335,PI152963,Rep 2,BAP,87,10
22,251336,PI152730,Rep 2,BAP,87,11
169,251337,PI330199,Rep 2,BAP,87,12
48,251338,PI156203,Rep 2,BAP,87,13
392,251339,PI563350,Rep 2,BAP,87,14
81,251340,PI226096,Rep 2,BAP,87,15
202,251341,PI513898,Rep 2,BAP,87,16
21,251342,PI152728,Rep 2,BAP,87,17
40,251343,PI154944,Rep 2,BAP,87,18
438,251344,PI570071,Rep 2,BAP,88,3
57,251345,PI156890,Rep 2,BAP,88,4
163,251346,PI330181,Rep 2,BAP,88,5
452,251347,PI570145,Rep 2,BAP,88,6
375,251348,PI562994,Rep 2,BAP,88,7
114,251349,PI329338,Rep 2,BAP,88,8
38,251350,PI154844,Rep 2,BAP,88,9
198,251351,PI511355,Rep 2,BAP,88,10
93,251352,PI273465,Rep 2,BAP,88,11
440,251353,PI570074,Rep 2,BAP,88,12
365,251354,PI562781,Rep 2,BAP,88,13
105,251355,PI329286,Rep 2,BAP,88,14
425,251356,PI569457,Rep 2,BAP,88,15
570,251357,PI641860,Rep 2,BAP,88,16
153,251358,PI329702,Rep 2,BAP,88,17
144,251359,PI329617,Rep 2,BAP,88,18
130,251360,PI329519,Rep 2,BAP,85,3
553,251361,PI619838,Rep 2,BAP,85,4
78,251362,PI218112,Rep 2,BAP,85,5
184,251363,PI453696,Rep 2,BAP,85,6
126,251364,PI329510,Rep 2,BAP,85,7
427,251365,PI569459,Rep 2,BAP,85,8
370,251366,PI562981,Rep 2,BAP,85,9
402,251367,PI569148,Rep 2,BAP,85,10
369,251368,PI562971,Rep 2,BAP,85,11
50,251369,PI156268,Rep 2,BAP,85,12
412,251370,PI569425,Rep 2,BAP,85,13
47,251371,PI156018,Rep 2,BAP,85,14
562,251372,PI641824,Rep 2,BAP,85,15
45,251373,PI155760,Rep 2,BAP,85,16
17,251374,PI147224,Rep 2,BAP,85,17
387,251375,PI563330,Rep 2,BAP,85,18
409,251376,PI569421,Rep 2,BAP,86,3
203,251377,PI521019,Rep 2,BAP,86,4
447,251378,PI570096,Rep 2,BAP,86,5
332,251379,PI534165,Rep 2,BAP,86,6
391,251380,PI563348,Rep 2,BAP,86,7
15,251381,PI145633,Rep 2,BAP,86,8
56,251382,PI156871,Rep 2,BAP,86,9
117,251383,PI329435,Rep 2,BAP,86,10
561,251384,PI641821,Rep 2,BAP,86,11
