range ,row,plot,experiment,rep,genotype
1,1,9129,Border,Border,Border
2,1,9240,Border,Border,Border
3,1,9241,Border,Border,Border
4,1,9252,Border,Border,Border
5,1,9253,Border,Border,Border
6,1,9264,Border,Border,Border
7,1,9265,Border,Border,Border
8,1,9276,Border,Border,Border
9,1,9277,Border,Border,Border
10,1,9288,Border,Border,Border
11,1,9289,Border,Border,Border
12,1,9300,Border,Border,Border
13,1,9301,Border,Border,Border
14,1,9312,Border,Border,Border
15,1,9313,Border,Border,Border
16,1,9324,Border,Border,Border
17,1,9325,Border,Border,Border
18,1,9336,Border,Border,Border
19,1,9337,Border,Border,Border
20,1,9348,Border,Border,Border
21,1,9349,Border,Border,Border
22,1,9362,Border,Border,Border
23,1,9363,Border,Border,Border
1,2,9130,Border,Border,Border
2,2,9239,Border,Border,Border
3,2,9242,Border,Border,Border
4,2,9251,Border,Border,Border
5,2,9254,Border,Border,Border
6,2,9263,Border,Border,Border
7,2,9266,Border,Border,Border
8,2,9275,Border,Border,Border
9,2,9278,Border,Border,Border
10,2,9287,Border,Border,Border
11,2,9290,Border,Border,Border
12,2,9299,Border,Border,Border
13,2,9302,Border,Border,Border
14,2,9311,Border,Border,Border
15,2,9314,Border,Border,Border
16,2,9323,Border,Border,Border
17,2,9326,Border,Border,Border
18,2,9335,Border,Border,Border
19,2,9338,Border,Border,Border
20,2,9347,Border,Border,Border
21,2,9350,Border,Border,Border
22,2,9361,Border,Border,Border
23,2,9364,Border,Border,Border
1,3,9131,Border,Border,Mixed
2,3,9238,Border,Border,Mixed
3,3,9243,Border,Border,Mixed
4,3,9250,Border,Border,Mixed
5,3,9255,Border,Border,Mixed
6,3,9262,Border,Border,Mixed
7,3,9267,Border,Border,Mixed
8,3,9274,Border,Border,Mixed
9,3,9279,Border,Border,Mixed
10,3,9286,Border,Border,Mixed
11,3,9291,Border,Border,Mixed
12,3,9298,Border,Border,Mixed
13,3,9303,Border,Border,Mixed
14,3,9310,Border,Border,Mixed
15,3,9315,Border,Border,Mixed
16,3,9322,Border,Border,Mixed
17,3,9327,Border,Border,Mixed
18,3,9334,Border,Border,Mixed
19,3,9339,Border,Border,Mixed
20,3,9346,Border,Border,Mixed
21,3,9352,Border,Border,Mixed
22,3,9360,Border,Border,Mixed
23,3,9365,Border,Border,Mixed
1,4,9132,Border,Border,Mixed
2,4,9237,Border,Border,Mixed
3,4,9244,Border,Border,Mixed
4,4,9249,Border,Border,Mixed
5,4,9256,Border,Border,Mixed
6,4,9261,Border,Border,Mixed
7,4,9268,Border,Border,Mixed
8,4,9273,Border,Border,Mixed
9,4,9280,Border,Border,Mixed
10,4,9285,Border,Border,Mixed
11,4,9292,Border,Border,Mixed
12,4,9297,Border,Border,Mixed
13,4,9304,Border,Border,Mixed
14,4,9309,Border,Border,Mixed
15,4,9316,Border,Border,Mixed
16,4,9321,Border,Border,Mixed
17,4,9328,Border,Border,Mixed
18,4,9333,Border,Border,Mixed
19,4,9340,Border,Border,Mixed
20,4,9345,Border,Border,Mixed
21,4,9353,Border,Border,Mixed
22,4,9359,Border,Border,Mixed
23,4,9366,Border,Border,Mixed
1,5,9133,Border,Border,Mixed
2,5,1003,SbDiv 2025,1,PI 533981
3,5,1098,SbDiv 2025,1,PI 534032
4,5,1103,SbDiv 2025,1,PI 576417
5,5,1198,SbDiv 2025,1,PI 534080
6,5,1203,SbDiv 2025,1,SC1166
7,5,1298,SbDiv 2025,1,PI 534138
8,5,1303,SbDiv 2025,1,PI 656031
9,5,1398,SbDiv 2025,1,SC0041
10,5,1403,SbDiv 2025,1,PI 533915
11,5,1498,SbDiv 2025,1,PI 533929
12,5,1503,SbDiv 2025,1,PI 533769
13,5,1598,SbDiv 2025,1,PI 534004
14,5,1603,SbDiv 2025,1,PI 533893
15,5,1698,SbDiv 2025,1,SC0179
16,5,1703,SbDiv 2025,1,SC0581
17,5,1798,SbDiv 2025,1,PI 656110
18,5,1803,SbDiv 2025,1,PI 533842
19,5,1898,SbDiv 2025,1,PI 533937
20,5,1903,SbDiv 2025,1,PI 576403
21,5,1998,SbDiv 2025,1,SC1114
22,5,5003,Mural ExPVP 2025,1,Fill
23,5,9367,Border,Border,Border
1,6,9134,Border,Border,Border
2,6,1004,SbDiv 2025,1,Check
3,6,1097,SbDiv 2025,1,PI 534155
4,6,1104,SbDiv 2025,1,PI 656038
5,6,1197,SbDiv 2025,1,PI 659692
6,6,1204,SbDiv 2025,1,PI 534038
7,6,1297,SbDiv 2025,1,SC0178
8,6,1304,SbDiv 2025,1,PI 533879
9,6,1397,SbDiv 2025,1,PI 533877
10,6,1404,SbDiv 2025,1,PI 533816
11,6,1497,SbDiv 2025,1,PI 659695
12,6,1504,SbDiv 2025,1,PI 656112
13,6,1597,SbDiv 2025,1,PI 656048
14,6,1604,SbDiv 2025,1,PI 576344
15,6,1697,SbDiv 2025,1,PI 533907
16,6,1704,SbDiv 2025,1,PI 656059
17,6,1797,SbDiv 2025,1,PI 656096
18,6,1804,SbDiv 2025,1,PI 533814
19,6,1897,SbDiv 2025,1,SC0858
20,6,1904,SbDiv 2025,1,PI 152651
21,6,1997,SbDiv 2025,1,PI 597957
22,6,5004,Mural ExPVP 2025,1,PI 555457
23,6,9368,Border,Border,Border
1,7,9135,Border,Border,Border
2,7,1005,SbDiv 2025,1,PI 533902
3,7,1096,SbDiv 2025,1,PI 576425
4,7,1105,SbDiv 2025,1,PI 595735
5,7,1196,SbDiv 2025,1,SC0854
6,7,1205,SbDiv 2025,1,PI 655991
7,7,1296,SbDiv 2025,1,PI 534027
8,7,1305,SbDiv 2025,1,PI 597961
9,7,1396,SbDiv 2025,1,Fill
10,7,1405,SbDiv 2025,1,PI 533774
11,7,1496,SbDiv 2025,1,Check
12,7,1505,SbDiv 2025,1,PI 656033
13,7,1596,SbDiv 2025,1,PI 576329
14,7,1605,SbDiv 2025,1,PI 576369
15,7,1696,SbDiv 2025,1,PI 576395
16,7,1705,SbDiv 2025,1,PI 656119
17,7,1796,SbDiv 2025,1,SC0848
18,7,1805,SbDiv 2025,1,PI 534033
19,7,1896,SbDiv 2025,1,PI 534091
20,7,1905,SbDiv 2025,1,Check
21,7,1996,SbDiv 2025,1,PI 533799
22,7,5005,Mural ExPVP 2025,1,PI 605726
23,7,9369,Border,Border,Border
1,8,9136,Border,Border,Border
2,8,1006,SbDiv 2025,1,PI 597965
3,8,1095,SbDiv 2025,1,PI 533835
4,8,1106,SbDiv 2025,1,SC0371
5,8,1195,SbDiv 2025,1,PI 576362
6,8,1206,SbDiv 2025,1,PI 655992
7,8,1295,SbDiv 2025,1,PI 533888
8,8,1306,SbDiv 2025,1,PI 533851
9,8,1395,SbDiv 2025,1,PI 656104
10,8,1406,SbDiv 2025,1,PI 533991
11,8,1495,SbDiv 2025,1,SC0550
12,8,1506,SbDiv 2025,1,PI 576373
13,8,1595,SbDiv 2025,1,PI 659693
14,8,1606,SbDiv 2025,1,PI 533908
15,8,1695,SbDiv 2025,1,PI 533992
16,8,1706,SbDiv 2025,1,Check
17,8,1795,SbDiv 2025,1,PI 34911
18,8,1806,SbDiv 2025,1,PI 576385
19,8,1895,SbDiv 2025,1,Fill
20,8,1906,SbDiv 2025,1,PI 533881
21,8,1995,SbDiv 2025,1,PI 533946
22,8,5006,Mural ExPVP 2025,1,Fill
23,8,9370,Border,Border,Border
1,9,9137,Border,Border,Border
2,9,1007,SbDiv 2025,1,PI 533912
3,9,1094,SbDiv 2025,1,PI 655985
4,9,1107,SbDiv 2025,1,SC0458
5,9,1194,SbDiv 2025,1,PI 533866
6,9,1207,SbDiv 2025,1,PI 533855
7,9,1294,SbDiv 2025,1,PI 534119
8,9,1307,SbDiv 2025,1,PI 534036
9,9,1394,SbDiv 2025,1,PI 533870
10,9,1407,SbDiv 2025,1,PI 533984
11,9,1494,SbDiv 2025,1,SC1133
12,9,1507,SbDiv 2025,1,PI 656116
13,9,1594,SbDiv 2025,1,PI 533939
14,9,1607,SbDiv 2025,1,SC0150
15,9,1694,SbDiv 2025,1,PI 576433
16,9,1707,SbDiv 2025,1,PI 533747
17,9,1794,SbDiv 2025,1,Check
18,9,1807,SbDiv 2025,1,PI 534150
19,9,1894,SbDiv 2025,1,PI 656000
20,9,1907,SbDiv 2025,1,PI 533921
21,9,1994,SbDiv 2025,1,PI 534156
22,9,5007,Mural ExPVP 2025,1,PI 601555
23,9,9371,Border,Border,Border
1,10,9138,Border,Border,Border
2,10,1008,SbDiv 2025,1,PI 655975
3,10,1093,SbDiv 2025,1,SC0847
4,10,1108,SbDiv 2025,1,PI 533873
5,10,1193,SbDiv 2025,1,PI 533848
6,10,1208,SbDiv 2025,1,PI 576416
7,10,1293,SbDiv 2025,1,PI 656072
8,10,1308,SbDiv 2025,1,PI 534048
9,10,1393,SbDiv 2025,1,PI 656023
10,10,1408,SbDiv 2025,1,Check
11,10,1493,SbDiv 2025,1,PI 534125
12,10,1508,SbDiv 2025,1,SC0201
13,10,1593,SbDiv 2025,1,PI 576364
14,10,1608,SbDiv 2025,1,PI 534079
15,10,1693,SbDiv 2025,1,PI 534116
16,10,1708,SbDiv 2025,1,PI 533810
17,10,1793,SbDiv 2025,1,PI 533853
18,10,1808,SbDiv 2025,1,PI 656049
19,10,1893,SbDiv 2025,1,PI 595713
20,10,1908,SbDiv 2025,1,PI 655994
21,10,1993,SbDiv 2025,1,PI 533771
22,10,5008,Mural ExPVP 2025,1,PI 554650
23,10,9372,Border,Border,Border
1,11,9139,Border,Border,Border
2,11,1009,SbDiv 2025,1,PI 533950
3,11,1092,SbDiv 2025,1,SC1446
4,11,1109,SbDiv 2025,1,Check
5,11,1192,SbDiv 2025,1,Check
6,11,1209,SbDiv 2025,1,PI 595736
7,11,1292,SbDiv 2025,1,PI 656052
8,11,1309,SbDiv 2025,1,PI 534147
9,11,1392,SbDiv 2025,1,PI 597971
10,11,1409,SbDiv 2025,1,PI 656106
11,11,1492,SbDiv 2025,1,Check
12,11,1509,SbDiv 2025,1,PI 576404
13,11,1592,SbDiv 2025,1,PI 533882
14,11,1609,SbDiv 2025,1,SC0249
15,11,1692,SbDiv 2025,1,PI 533924
16,11,1709,SbDiv 2025,1,PI 656074
17,11,1792,SbDiv 2025,1,PI 561072
18,11,1809,SbDiv 2025,1,SC0837
19,11,1892,SbDiv 2025,1,PI 576358
20,11,1909,SbDiv 2025,1,PI 533923
21,11,1992,SbDiv 2025,1,PI 656016
22,11,5009,Mural ExPVP 2025,1,PI 594355
23,11,9373,Border,Border,Border
1,12,9140,Border,Border,Border
2,12,1010,SbDiv 2025,1,PI 576431
3,12,1091,SbDiv 2025,1,PI 656028
4,12,1110,SbDiv 2025,1,PI 533951
5,12,1191,SbDiv 2025,1,PI 534143
6,12,1210,SbDiv 2025,1,PI 533878
7,12,1291,SbDiv 2025,1,SC0870
8,12,1310,SbDiv 2025,1,PI 534122
9,12,1391,SbDiv 2025,1,PI 534087
10,12,1410,SbDiv 2025,1,PI 533897
11,12,1491,SbDiv 2025,1,PI 533953
12,12,1510,SbDiv 2025,1,PI 629040
13,12,1591,SbDiv 2025,1,SC0470
14,12,1610,SbDiv 2025,1,PI 534137
15,12,1691,SbDiv 2025,1,PI 656080
16,12,1710,SbDiv 2025,1,PI 656085
17,12,1791,SbDiv 2025,1,PI 534064
18,12,1810,SbDiv 2025,1,SC1119
19,12,1891,SbDiv 2025,1,PI 655973
20,12,1910,SbDiv 2025,1,PI 576382
21,12,1991,SbDiv 2025,1,Check
22,12,5010,Mural ExPVP 2025,1,PI 574407
23,12,9374,Border,Border,Border
1,13,9141,Border,Border,Border
2,13,1011,SbDiv 2025,1,PI 576379
3,13,1090,SbDiv 2025,1,PI 597969
4,13,1111,SbDiv 2025,1,PI 656098
5,13,1190,SbDiv 2025,1,PI 574455
6,13,1211,SbDiv 2025,1,PI 533890
7,13,1290,SbDiv 2025,1,PI 533850
8,13,1311,SbDiv 2025,1,PI 656101
9,13,1390,SbDiv 2025,1,PI 656066
10,13,1411,SbDiv 2025,1,PI 656001
11,13,1490,SbDiv 2025,1,PI 613536
12,13,1511,SbDiv 2025,1,SC0517
13,13,1590,SbDiv 2025,1,PI 533766
14,13,1611,SbDiv 2025,1,PI 534114
15,13,1690,SbDiv 2025,1,PI 533779
16,13,1711,SbDiv 2025,1,PI 576361
17,13,1790,SbDiv 2025,1,PI 656022
18,13,1811,SbDiv 2025,1,PI 534015
19,13,1890,SbDiv 2025,1,PI 533863
20,13,1911,SbDiv 2025,1,PI 656007
21,13,1990,SbDiv 2025,1,PI 576429
22,13,5011,Mural ExPVP 2025,1,Fill
23,13,9375,Border,Border,Border
1,14,9142,Border,Border,Border
2,14,1012,SbDiv 2025,1,SC0540
3,14,1089,SbDiv 2025,1,PI 641849
4,14,1112,SbDiv 2025,1,PI 24969
5,14,1189,SbDiv 2025,1,PI 534077
6,14,1212,SbDiv 2025,1,PI 534083
7,14,1289,SbDiv 2025,1,Check
8,14,1312,SbDiv 2025,1,PI 534009
9,14,1389,SbDiv 2025,1,PI 533916
10,14,1412,SbDiv 2025,1,BTx399
11,14,1489,SbDiv 2025,1,PI 533935
12,14,1512,SbDiv 2025,1,PI 534050
13,14,1589,SbDiv 2025,1,PI 533971
14,14,1612,SbDiv 2025,1,PI 595734
15,14,1689,SbDiv 2025,1,SC0190
16,14,1712,SbDiv 2025,1,SC0521
17,14,1789,SbDiv 2025,1,PI 656011
18,14,1812,SbDiv 2025,1,Check
19,14,1889,SbDiv 2025,1,PI 534075
20,14,1912,SbDiv 2025,1,PI 641836
21,14,1989,SbDiv 2025,1,PI 534019
22,14,5012,Mural ExPVP 2025,1,Fill
23,14,9376,Border,Border,Border
1,15,9143,Border,Border,Border
2,15,1013,SbDiv 2025,1,PI 533993
3,15,1088,SbDiv 2025,1,PI 533943
4,15,1113,SbDiv 2025,1,PI 598070
5,15,1188,SbDiv 2025,1,PI 656003
6,15,1213,SbDiv 2025,1,PI 533800
7,15,1288,SbDiv 2025,1,PI 534160
8,15,1313,SbDiv 2025,1,SC0604
9,15,1388,SbDiv 2025,1,PI 576418
10,15,1413,SbDiv 2025,1,PI 533930
11,15,1488,SbDiv 2025,1,PI 533781
12,15,1513,SbDiv 2025,1,PI 534099
13,15,1588,SbDiv 2025,1,Check
14,15,1613,SbDiv 2025,1,PI 534074
15,15,1688,SbDiv 2025,1,PI 533970
16,15,1713,SbDiv 2025,1,PI 533874
17,15,1788,SbDiv 2025,1,PI 533757
18,15,1813,SbDiv 2025,1,PI 533860
19,15,1888,SbDiv 2025,1,SC0878
20,15,1913,SbDiv 2025,1,PI 595722
21,15,1988,SbDiv 2025,1,Check
22,15,5013,Mural ExPVP 2025,1,Fill
23,15,9377,Border,Border,Border
1,16,9144,Border,Border,Border
2,16,1014,SbDiv 2025,1,SC0834
3,16,1087,SbDiv 2025,1,Check
4,16,1114,SbDiv 2025,1,SC0860
5,16,1187,SbDiv 2025,1,PI 534006
6,16,1214,SbDiv 2025,1,PI 533763
7,16,1287,SbDiv 2025,1,PI 533857
8,16,1314,SbDiv 2025,1,PI 595719
9,16,1387,SbDiv 2025,1,PI 564163
10,16,1414,SbDiv 2025,1,PI 540816
11,16,1487,SbDiv 2025,1,PI 533834
12,16,1514,SbDiv 2025,1,PI 597962
13,16,1587,SbDiv 2025,1,SC0542
14,16,1614,SbDiv 2025,1,PI 656083
15,16,1687,SbDiv 2025,1,PI 534162
16,16,1714,SbDiv 2025,1,SC0138
17,16,1787,SbDiv 2025,1,PI 533760
18,16,1814,SbDiv 2025,1,PI 533910
19,16,1887,SbDiv 2025,1,SC0505
20,16,1914,SbDiv 2025,1,PI 576342
21,16,1987,SbDiv 2025,1,PI 595701
22,16,5014,Mural ExPVP 2025,1,PI 613610
23,16,9378,Border,Border,Border
1,17,9145,Border,Border,Border
2,17,1015,SbDiv 2025,1,PI 597959
3,17,1086,SbDiv 2025,1,PI 534144
4,17,1115,SbDiv 2025,1,PI 597972
5,17,1186,SbDiv 2025,1,PI 576381
6,17,1215,SbDiv 2025,1,PI 534118
7,17,1286,SbDiv 2025,1,PI 534089
8,17,1315,SbDiv 2025,1,Check
9,17,1386,SbDiv 2025,1,PI 659691
10,17,1415,SbDiv 2025,1,PI 534001
11,17,1486,SbDiv 2025,1,PI 534106
12,17,1515,SbDiv 2025,1,SC0003
13,17,1586,SbDiv 2025,1,PI 533792
14,17,1615,SbDiv 2025,1,SC0556
15,17,1686,SbDiv 2025,1,PI 576375
16,17,1715,SbDiv 2025,1,Check
17,17,1786,SbDiv 2025,1,PI 651492
18,17,1815,SbDiv 2025,1,PI 534013
19,17,1886,SbDiv 2025,1,PI 656030
20,17,1915,SbDiv 2025,1,SC0448
21,17,1986,SbDiv 2025,1,SC1023
22,17,5015,Mural ExPVP 2025,1,PI 554654
23,17,9379,Border,Border,Border
1,18,9146,Border,Border,Border
2,18,1016,SbDiv 2025,1,PI 533825
3,18,1085,SbDiv 2025,1,PI 576427
4,18,1116,SbDiv 2025,1,PI 534135
5,18,1185,SbDiv 2025,1,PI 629059
6,18,1216,SbDiv 2025,1,PI 595714
7,18,1285,SbDiv 2025,1,PI 655986
8,18,1316,SbDiv 2025,1,PI 597968
9,18,1385,SbDiv 2025,1,PI 595704
10,18,1416,SbDiv 2025,1,PI 533803
11,18,1485,SbDiv 2025,1,PI 534056
12,18,1516,SbDiv 2025,1,PI 656002
13,18,1585,SbDiv 2025,1,PI 534126
14,18,1616,SbDiv 2025,1,PI 552861
15,18,1685,SbDiv 2025,1,PI 534112
16,18,1716,SbDiv 2025,1,PI 534104
17,18,1785,SbDiv 2025,1,SC0412
18,18,1816,SbDiv 2025,1,PI 656041
19,18,1885,SbDiv 2025,1,PI 533895
20,18,1916,SbDiv 2025,1,PI 533989
21,18,1985,SbDiv 2025,1,PI 534007
22,18,5016,Mural ExPVP 2025,1,PI 562623
23,18,9380,Border,Border,Border
1,19,9147,Border,Border,Border
2,19,1017,SbDiv 2025,1,PI 642791
3,19,1084,SbDiv 2025,1,PI 595739
4,19,1117,SbDiv 2025,1,PI 576365
5,19,1184,SbDiv 2025,1,PI 576383
6,19,1217,SbDiv 2025,1,PI 655974
7,19,1284,SbDiv 2025,1,PI 534062
8,19,1317,SbDiv 2025,1,Check
9,19,1384,SbDiv 2025,1,SC0287
10,19,1417,SbDiv 2025,1,PI 533983
11,19,1484,SbDiv 2025,1,PI 534094
12,19,1517,SbDiv 2025,1,Check
13,19,1584,SbDiv 2025,1,PI 533906
14,19,1617,SbDiv 2025,1,PI 534167
15,19,1684,SbDiv 2025,1,PI 533845
16,19,1717,SbDiv 2025,1,SC0685
17,19,1784,SbDiv 2025,1,PI 22326
18,19,1817,SbDiv 2025,1,PI 655990
19,19,1884,SbDiv 2025,1,Check
20,19,1917,SbDiv 2025,1,PI 533898
21,19,1984,SbDiv 2025,1,PI 655979
22,19,5017,Mural ExPVP 2025,1,PI 554646
23,19,9381,Border,Border,Border
1,20,9148,Border,Border,Border
2,20,1018,SbDiv 2025,1,Check
3,20,1083,SbDiv 2025,1,PI 656076
4,20,1118,SbDiv 2025,1,PI 533988
5,20,1183,SbDiv 2025,1,PI 534020
6,20,1218,SbDiv 2025,1,PI 533931
7,20,1283,SbDiv 2025,1,PI 534165
8,20,1318,SbDiv 2025,1,PI 595732
9,20,1383,SbDiv 2025,1,PI 655982
10,20,1418,SbDiv 2025,1,PI 597976
11,20,1483,SbDiv 2025,1,PI 534076
12,20,1518,SbDiv 2025,1,PI 533914
13,20,1583,SbDiv 2025,1,PI 329435
14,20,1618,SbDiv 2025,1,Check
15,20,1683,SbDiv 2025,1,PI 534098
16,20,1718,SbDiv 2025,1,PI 595700
17,20,1783,SbDiv 2025,1,PI 656081
18,20,1818,SbDiv 2025,1,PI 533933
19,20,1883,SbDiv 2025,1,PI 576432
20,20,1918,SbDiv 2025,1,PI 595730
21,20,1983,SbDiv 2025,1,SC1107
22,20,5018,Mural ExPVP 2025,1,PI 606788
23,20,9382,Border,Border,Border
1,21,9149,Border,Border,Border
2,21,1019,SbDiv 2025,1,PI 534082
3,21,1082,SbDiv 2025,1,PI 533961
4,21,1119,SbDiv 2025,1,PI 534100
5,21,1182,SbDiv 2025,1,PI 533917
6,21,1219,SbDiv 2025,1,PI 533822
7,21,1282,SbDiv 2025,1,Check
8,21,1319,SbDiv 2025,1,PI 576389
9,21,1382,SbDiv 2025,1,PI 533974
10,21,1419,SbDiv 2025,1,PI 576392
11,21,1482,SbDiv 2025,1,PI 534159
12,21,1519,SbDiv 2025,1,PI 656044
13,21,1582,SbDiv 2025,1,PI 533998
14,21,1619,SbDiv 2025,1,PI 534090
15,21,1682,SbDiv 2025,1,PI 533788
16,21,1719,SbDiv 2025,1,PI 534067
17,21,1782,SbDiv 2025,1,PI 576434
18,21,1819,SbDiv 2025,1,PI 533997
19,21,1882,SbDiv 2025,1,PI 656069
20,21,1919,SbDiv 2025,1,PI 595737
21,21,1982,SbDiv 2025,1,Check
22,21,5019,Mural ExPVP 2025,1,PI 596332
23,21,9383,Border,Border,Border
1,22,9150,Border,Border,Border
2,22,1020,SbDiv 2025,1,PI 655999
3,22,1081,SbDiv 2025,1,PI 533778
4,22,1120,SbDiv 2025,1,PI 655987
5,22,1181,SbDiv 2025,1,PI 533891
6,22,1220,SbDiv 2025,1,PI 534060
7,22,1281,SbDiv 2025,1,PI 533896
8,22,1320,SbDiv 2025,1,PI 534005
9,22,1381,SbDiv 2025,1,PI 656071
10,22,1420,SbDiv 2025,1,PI 656060
11,22,1481,SbDiv 2025,1,PI 576402
12,22,1520,SbDiv 2025,1,PI 576394
13,22,1581,SbDiv 2025,1,PI 597974
14,22,1620,SbDiv 2025,1,PI 656057
15,22,1681,SbDiv 2025,1,SC1097
16,22,1720,SbDiv 2025,1,PI 656117
17,22,1781,SbDiv 2025,1,PI 595748
18,22,1820,SbDiv 2025,1,PI 534018
19,22,1881,SbDiv 2025,1,PI 566819
20,22,1920,SbDiv 2025,1,PI 534047
21,22,1981,SbDiv 2025,1,PI 629034
22,22,5020,Mural ExPVP 2025,1,PI 596567
23,22,9384,Border,Border,Border
1,23,9151,Border,Border,Border
2,23,1021,SbDiv 2025,1,PI 534129
3,23,1080,SbDiv 2025,1,PI 533745
4,23,1121,SbDiv 2025,1,PI 533968
5,23,1180,SbDiv 2025,1,SC0759
6,23,1221,SbDiv 2025,1,PI 533839
7,23,1280,SbDiv 2025,1,PI 564165
8,23,1321,SbDiv 2025,1,PI 533807
9,23,1380,SbDiv 2025,1,PI 597964
10,23,1421,SbDiv 2025,1,PI 533808
11,23,1480,SbDiv 2025,1,PI 595724
12,23,1521,SbDiv 2025,1,PI 533880
13,23,1580,SbDiv 2025,1,PI 533995
14,23,1621,SbDiv 2025,1,PI 534163
15,23,1680,SbDiv 2025,1,PI 656043
16,23,1721,SbDiv 2025,1,PI 533749
17,23,1780,SbDiv 2025,1,PI 533775
18,23,1821,SbDiv 2025,1,PI 533770
19,23,1880,SbDiv 2025,1,PI 534072
20,23,1921,SbDiv 2025,1,PI 533884
21,23,1980,SbDiv 2025,1,PI 655976
22,23,5021,Mural ExPVP 2025,1,PI 601557
23,23,9385,Border,Border,Border
1,24,9152,Border,Border,Border
2,24,1022,SbDiv 2025,1,PI 533985
3,24,1079,SbDiv 2025,1,PI 653616
4,24,1122,SbDiv 2025,1,PI 534069
5,24,1179,SbDiv 2025,1,PI 576368
6,24,1222,SbDiv 2025,1,PI 533789
7,24,1279,SbDiv 2025,1,PI 595733
8,24,1322,SbDiv 2025,1,PI 655978
9,24,1379,SbDiv 2025,1,Check
10,24,1422,SbDiv 2025,1,PI 534123
11,24,1479,SbDiv 2025,1,PI 576409
12,24,1522,SbDiv 2025,1,Check
13,24,1579,SbDiv 2025,1,PI 656092
14,24,1622,SbDiv 2025,1,PI 595720
15,24,1679,SbDiv 2025,1,PI 534066
16,24,1722,SbDiv 2025,1,PI 533947
17,24,1779,SbDiv 2025,1,Check
18,24,1822,SbDiv 2025,1,PI 533827
19,24,1879,SbDiv 2025,1,PI 565121
20,24,1922,SbDiv 2025,1,Check
21,24,1979,SbDiv 2025,1,PI 656062
22,24,5022,Mural ExPVP 2025,1,PI 561926
23,24,9386,Border,Border,Border
1,25,9153,Border,Border,Border
2,25,1023,SbDiv 2025,1,PI 595717
3,25,1078,SbDiv 2025,1,PI 534073
4,25,1123,SbDiv 2025,1,PI 534002
5,25,1178,SbDiv 2025,1,PI 534141
6,25,1223,SbDiv 2025,1,PI 655983
7,25,1278,SbDiv 2025,1,PI 576413
8,25,1323,SbDiv 2025,1,PI 656065
9,25,1378,SbDiv 2025,1,PI 533928
10,25,1423,SbDiv 2025,1,PI 534142
11,25,1478,SbDiv 2025,1,PI 534136
12,25,1523,SbDiv 2025,1,PI 533833
13,25,1578,SbDiv 2025,1,PI 534044
14,25,1623,SbDiv 2025,1,SC0999
15,25,1678,SbDiv 2025,1,PI 534081
16,25,1723,SbDiv 2025,1,PI 533844
17,25,1778,SbDiv 2025,1,PI 576436
18,25,1823,SbDiv 2025,1,SC0314
19,25,1878,SbDiv 2025,1,SC1216
20,25,1923,SbDiv 2025,1,PI 533919
21,25,1978,SbDiv 2025,1,PI 656026
22,25,5023,Mural ExPVP 2025,1,PI 613611
23,25,9387,Border,Border,Border
1,26,9154,Border,Border,Border
2,26,1024,SbDiv 2025,1,PI 641874
3,26,1077,SbDiv 2025,1,PI 533753
4,26,1124,SbDiv 2025,1,PI 597945
5,26,1177,SbDiv 2025,1,PI 576406
6,26,1224,SbDiv 2025,1,Check
7,26,1277,SbDiv 2025,1,SC0636
8,26,1324,SbDiv 2025,1,PI 534022
9,26,1377,SbDiv 2025,1,PI 533938
10,26,1424,SbDiv 2025,1,PI 576349
11,26,1477,SbDiv 2025,1,PI 656118
12,26,1524,SbDiv 2025,1,SC1120
13,26,1577,SbDiv 2025,1,PI 534113
14,26,1624,SbDiv 2025,1,PI 656056
15,26,1677,SbDiv 2025,1,Check
16,26,1724,SbDiv 2025,1,SC0893
17,26,1777,SbDiv 2025,1,SC0551
18,26,1824,SbDiv 2025,1,PI 533812
19,26,1877,SbDiv 2025,1,SC0823
20,26,1924,SbDiv 2025,1,PI 656032
21,26,1977,SbDiv 2025,1,PI 597951
22,26,5024,Mural ExPVP 2025,1,Fill
23,26,9388,Border,Border,Border
1,27,9155,Border,Border,Border
2,27,1025,SbDiv 2025,1,PI 656091
3,27,1076,SbDiv 2025,1,Check
4,27,1125,SbDiv 2025,1,PI 595708
5,27,1176,SbDiv 2025,1,PI 534041
6,27,1225,SbDiv 2025,1,SC0965
7,27,1276,SbDiv 2025,1,PI 576419
8,27,1325,SbDiv 2025,1,PI 655977
9,27,1376,SbDiv 2025,1,PI 533819
10,27,1425,SbDiv 2025,1,PI 655980
11,27,1476,SbDiv 2025,1,PI 533987
12,27,1525,SbDiv 2025,1,PI 576359
13,27,1576,SbDiv 2025,1,PI 534110
14,27,1625,SbDiv 2025,1,PI 534026
15,27,1676,SbDiv 2025,1,PI 533805
16,27,1725,SbDiv 2025,1,PI 561071
17,27,1776,SbDiv 2025,1,PI 533977
18,27,1825,SbDiv 2025,1,PI 656068
19,27,1876,SbDiv 2025,1,PI 533900
20,27,1925,SbDiv 2025,1,PI 534105
21,27,1976,SbDiv 2025,1,PI 534078
22,27,5025,Mural ExPVP 2025,1,PI 554648
23,27,9389,Border,Border,Border
1,28,9156,Border,Border,Border
2,28,1026,SbDiv 2025,1,PI 656070
3,28,1075,SbDiv 2025,1,PI 534053
4,28,1126,SbDiv 2025,1,PI 597981
5,28,1175,SbDiv 2025,1,PI 534008
6,28,1226,SbDiv 2025,1,Check
7,28,1275,SbDiv 2025,1,SC0741
8,28,1326,SbDiv 2025,1,PI 656017
9,28,1375,SbDiv 2025,1,SC1442
10,28,1426,SbDiv 2025,1,PI 534010
11,28,1475,SbDiv 2025,1,SC1024
12,28,1526,SbDiv 2025,1,PI 656095
13,28,1575,SbDiv 2025,1,PI 659694
14,28,1626,SbDiv 2025,1,Check
15,28,1675,SbDiv 2025,1,SC0640
16,28,1726,SbDiv 2025,1,PI 576367
17,28,1775,SbDiv 2025,1,PI 534096
18,28,1826,SbDiv 2025,1,PI 533858
19,28,1875,SbDiv 2025,1,PI 595742
20,28,1926,SbDiv 2025,1,PI 533761
21,28,1975,SbDiv 2025,1,PI 561472
22,28,5026,Mural ExPVP 2025,1,PI 602599
23,28,9390,Border,Border,Border
1,29,9157,Border,Border,Border
2,29,1027,SbDiv 2025,1,PI 656040
3,29,1074,SbDiv 2025,1,PI 533934
4,29,1127,SbDiv 2025,1,PI 534153
5,29,1174,SbDiv 2025,1,PI 656012
6,29,1227,SbDiv 2025,1,PI 595710
7,29,1274,SbDiv 2025,1,PI 656006
8,29,1327,SbDiv 2025,1,PI 533978
9,29,1374,SbDiv 2025,1,PI 534016
10,29,1427,SbDiv 2025,1,PI 533905
11,29,1474,SbDiv 2025,1,PI 597966
12,29,1527,SbDiv 2025,1,Check
13,29,1574,SbDiv 2025,1,PI 597955
14,29,1627,SbDiv 2025,1,PI 533958
15,29,1674,SbDiv 2025,1,PI 656047
16,29,1727,SbDiv 2025,1,PI 642992
17,29,1774,SbDiv 2025,1,SC0868
18,29,1827,SbDiv 2025,1,Check
19,29,1874,SbDiv 2025,1,PI 533889
20,29,1927,SbDiv 2025,1,PI 576340
21,29,1974,SbDiv 2025,1,PI 576346
22,29,5027,Mural ExPVP 2025,1,PI 574398
23,29,9391,Border,Border,Border
1,30,9158,Border,Border,Border
2,30,1028,SbDiv 2025,1,PI 533767
3,30,1073,SbDiv 2025,1,PI 534086
4,30,1128,SbDiv 2025,1,Check
5,30,1173,SbDiv 2025,1,PI 597953
6,30,1228,SbDiv 2025,1,PI 576351
7,30,1273,SbDiv 2025,1,PI 533849
8,30,1328,SbDiv 2025,1,SC0547
9,30,1373,SbDiv 2025,1,PI 534040
10,30,1428,SbDiv 2025,1,PI 533886
11,30,1473,SbDiv 2025,1,SC0263
12,30,1528,SbDiv 2025,1,PI 656013
13,30,1573,SbDiv 2025,1,PI 533829
14,30,1628,SbDiv 2025,1,PI 533751
15,30,1673,SbDiv 2025,1,PI 534115
16,30,1728,SbDiv 2025,1,PI 659696
17,30,1773,SbDiv 2025,1,PI 576130
18,30,1828,SbDiv 2025,1,PI 601816
19,30,1873,SbDiv 2025,1,PI 534046
20,30,1928,SbDiv 2025,1,SC1021
21,30,1973,SbDiv 2025,1,PI 656099
22,30,5028,Mural ExPVP 2025,1,PI 613613
23,30,9392,Border,Border,Border
1,31,9159,Border,Border,Border
2,31,1029,SbDiv 2025,1,PI 576393
3,31,1072,SbDiv 2025,1,PI 534134
4,31,1129,SbDiv 2025,1,PI 656046
5,31,1172,SbDiv 2025,1,PI 276837
6,31,1229,SbDiv 2025,1,PI 656077
7,31,1272,SbDiv 2025,1,SC0582
8,31,1329,SbDiv 2025,1,PI 533871
9,31,1372,SbDiv 2025,1,Check
10,31,1429,SbDiv 2025,1,PI 534158
11,31,1472,SbDiv 2025,1,PI 48770
12,31,1529,SbDiv 2025,1,PI 533965
13,31,1572,SbDiv 2025,1,SC0436
14,31,1629,SbDiv 2025,1,PI 533802
15,31,1672,SbDiv 2025,1,PI 534065
16,31,1729,SbDiv 2025,1,PI 534101
17,31,1772,SbDiv 2025,1,PI 576345
18,31,1829,SbDiv 2025,1,PI 656055
19,31,1872,SbDiv 2025,1,PI 533957
20,31,1929,SbDiv 2025,1,PI 534058
21,31,1972,SbDiv 2025,1,PI 576386
22,31,5029,Mural ExPVP 2025,1,PI 619402
23,31,9393,Border,Border,Border
1,32,9160,Border,Border,Border
2,32,1030,SbDiv 2025,1,PI 533899
3,32,1071,SbDiv 2025,1,PI 595718
4,32,1130,SbDiv 2025,1,PI 656067
5,32,1171,SbDiv 2025,1,PI 533963
6,32,1230,SbDiv 2025,1,PI 656010
7,32,1271,SbDiv 2025,1,PI 533982
8,32,1330,SbDiv 2025,1,PI 595740
9,32,1371,SbDiv 2025,1,PI 533876
10,32,1430,SbDiv 2025,1,PI 656094
11,32,1471,SbDiv 2025,1,PI 533765
12,32,1530,SbDiv 2025,1,PI 656107
13,32,1571,SbDiv 2025,1,PI 655997
14,32,1630,SbDiv 2025,1,PI 534117
15,32,1671,SbDiv 2025,1,PI 533940
16,32,1730,SbDiv 2025,1,PI 533809
17,32,1771,SbDiv 2025,1,PI 533811
18,32,1830,SbDiv 2025,1,PI 533925
19,32,1871,SbDiv 2025,1,SC0236
20,32,1930,SbDiv 2025,1,PI 595699
21,32,1971,SbDiv 2025,1,Check
22,32,5030,Mural ExPVP 2025,1,PI 605724
23,32,9394,Border,Border,Border
1,33,9161,Border,Border,Border
2,33,1031,SbDiv 2025,1,PI 595728
3,33,1070,SbDiv 2025,1,PI 533859
4,33,1131,SbDiv 2025,1,PI 597947
5,33,1170,SbDiv 2025,1,PI 534149
6,33,1231,SbDiv 2025,1,PI 533843
7,33,1270,SbDiv 2025,1,PI 533796
8,33,1331,SbDiv 2025,1,PI 576401
9,33,1370,SbDiv 2025,1,PI 656093
10,33,1431,SbDiv 2025,1,PI 595711
11,33,1470,SbDiv 2025,1,PI 656036
12,33,1531,SbDiv 2025,1,PI 534028
13,33,1570,SbDiv 2025,1,PI 534148
14,33,1631,SbDiv 2025,1,PI 533837
15,33,1670,SbDiv 2025,1,Check
16,33,1731,SbDiv 2025,1,PI 533750
17,33,1770,SbDiv 2025,1,PI 595709
18,33,1831,SbDiv 2025,1,PI 655972
19,33,1870,SbDiv 2025,1,PI 595726
20,33,1931,SbDiv 2025,1,PI 533973
21,33,1970,SbDiv 2025,1,PI 534023
22,33,5031,Mural ExPVP 2025,1,PI 543247
23,33,9395,Border,Border,Border
1,34,9162,Border,Border,Border
2,34,1032,SbDiv 2025,1,PI 329440
3,34,1069,SbDiv 2025,1,SC0479
4,34,1132,SbDiv 2025,1,PI 533759
5,34,1169,SbDiv 2025,1,PI 534102
6,34,1232,SbDiv 2025,1,PI 533872
7,34,1269,SbDiv 2025,1,PI 534057
8,34,1332,SbDiv 2025,1,PI 533986
9,34,1369,SbDiv 2025,1,PI 533894
10,34,1432,SbDiv 2025,1,PI 655996
11,34,1469,SbDiv 2025,1,PI 656054
12,34,1532,SbDiv 2025,1,PI 576390
13,34,1569,SbDiv 2025,1,PI 534011
14,34,1632,SbDiv 2025,1,PI 17548
15,34,1669,SbDiv 2025,1,PI 533922
16,34,1732,SbDiv 2025,1,PI 656050
17,34,1769,SbDiv 2025,1,Check
18,34,1832,SbDiv 2025,1,PI 533840
19,34,1869,SbDiv 2025,1,PI 533927
20,34,1932,SbDiv 2025,1,SC0864
21,34,1969,SbDiv 2025,1,Check
22,34,5032,Mural ExPVP 2025,1,PI 601415
23,34,9396,Border,Border,Border
1,35,9163,Border,Border,Border
2,35,1033,SbDiv 2025,1,PI 534021
3,35,1068,SbDiv 2025,1,PI 533901
4,35,1133,SbDiv 2025,1,SC0652
5,35,1168,SbDiv 2025,1,PI 534133
6,35,1233,SbDiv 2025,1,PI 576410
7,35,1268,SbDiv 2025,1,Check
8,35,1333,SbDiv 2025,1,PI 533776
9,35,1368,SbDiv 2025,1,SC0777
10,35,1433,SbDiv 2025,1,Check
11,35,1468,SbDiv 2025,1,SC0618
12,35,1533,SbDiv 2025,1,PI 534070
13,35,1568,SbDiv 2025,1,PI 533867
14,35,1633,SbDiv 2025,1,PI 533798
15,35,1668,SbDiv 2025,1,PI 576396
16,35,1733,SbDiv 2025,1,PI 576338
17,35,1768,SbDiv 2025,1,PI 576376
18,35,1833,SbDiv 2025,1,PI 533836
19,35,1868,SbDiv 2025,1,PI 595747
20,35,1933,SbDiv 2025,1,PI 534051
21,35,1968,SbDiv 2025,1,PI 533784
22,35,5033,Mural ExPVP 2025,1,PI 554649
23,35,9397,Border,Border,Border
1,36,9164,Border,Border,Border
2,36,1034,SbDiv 2025,1,PI 534120
3,36,1067,SbDiv 2025,1,PI 533846
4,36,1134,SbDiv 2025,1,PI 576374
5,36,1167,SbDiv 2025,1,SC0616
6,36,1234,SbDiv 2025,1,SC0921
7,36,1267,SbDiv 2025,1,PI 576336
8,36,1334,SbDiv 2025,1,PI 533948
9,36,1367,SbDiv 2025,1,PI 595712
10,36,1434,SbDiv 2025,1,PI 533831
11,36,1467,SbDiv 2025,1,Check
12,36,1534,SbDiv 2025,1,PI 533786
13,36,1567,SbDiv 2025,1,PI 576332
14,36,1634,SbDiv 2025,1,PI 642998
15,36,1667,SbDiv 2025,1,SC1178
16,36,1734,SbDiv 2025,1,PI 656121
17,36,1767,SbDiv 2025,1,PI 533793
18,36,1834,SbDiv 2025,1,PI 534124
19,36,1867,SbDiv 2025,1,PI 576407
20,36,1934,SbDiv 2025,1,PI 595706
21,36,1967,SbDiv 2025,1,PI 542406
22,36,5034,Mural ExPVP 2025,1,PI 603983
23,36,9398,Border,Border,Border
1,37,9165,Border,Border,Border
2,37,1035,SbDiv 2025,1,Check
3,37,1066,SbDiv 2025,1,PI 653617
4,37,1135,SbDiv 2025,1,PI 656086
5,37,1166,SbDiv 2025,1,PI 656109
6,37,1235,SbDiv 2025,1,PI 533932
7,37,1266,SbDiv 2025,1,PI 656058
8,37,1335,SbDiv 2025,1,PI 597975
9,37,1366,SbDiv 2025,1,PI 533813
10,37,1435,SbDiv 2025,1,PI 533942
11,37,1466,SbDiv 2025,1,PI 656100
12,37,1535,SbDiv 2025,1,PI 534031
13,37,1566,SbDiv 2025,1,PI 534154
14,37,1635,SbDiv 2025,1,PI 576330
15,37,1666,SbDiv 2025,1,PI 534130
16,37,1735,SbDiv 2025,1,PI 533815
17,37,1766,SbDiv 2025,1,SC0092
18,37,1835,SbDiv 2025,1,PI 534059
19,37,1866,SbDiv 2025,1,PI 576420
20,37,1935,SbDiv 2025,1,PI 533955
21,37,1966,SbDiv 2025,1,PI 656039
22,37,5035,Mural ExPVP 2025,1,PI 574397
23,37,9399,Border,Border,Border
1,38,9166,Border,Border,Border
2,38,1036,SbDiv 2025,1,PI 576400
3,38,1065,SbDiv 2025,1,Check
4,38,1136,SbDiv 2025,1,PI 656105
5,38,1165,SbDiv 2025,1,PI 534061
6,38,1236,SbDiv 2025,1,PI 534030
7,38,1265,SbDiv 2025,1,PI 534071
8,38,1336,SbDiv 2025,1,PI 576437
9,38,1365,SbDiv 2025,1,SC0156
10,38,1436,SbDiv 2025,1,PI 534145
11,38,1465,SbDiv 2025,1,PI 597958
12,38,1536,SbDiv 2025,1,PI 576412
13,38,1565,SbDiv 2025,1,PI 656097
14,38,1636,SbDiv 2025,1,PI 656008
15,38,1665,SbDiv 2025,1,PI 656087
16,38,1736,SbDiv 2025,1,PI 576333
17,38,1765,SbDiv 2025,1,PI 533804
18,38,1836,SbDiv 2025,1,PI 533918
19,38,1865,SbDiv 2025,1,PI 576405
20,38,1936,SbDiv 2025,1,PI 576348
21,38,1965,SbDiv 2025,1,PI 595716
22,38,5036,Mural ExPVP 2025,1,Fill
23,38,9400,Border,Border,Border
1,39,9167,Border,Border,Border
2,39,1037,SbDiv 2025,1,PI 597943
3,39,1064,SbDiv 2025,1,PI 597956
4,39,1137,SbDiv 2025,1,PI 534121
5,39,1164,SbDiv 2025,1,PI 595729
6,39,1237,SbDiv 2025,1,PI 656015
7,39,1264,SbDiv 2025,1,PI 533861
8,39,1337,SbDiv 2025,1,PI 597978
9,39,1364,SbDiv 2025,1,PI 533818
10,39,1437,SbDiv 2025,1,PI 576421
11,39,1464,SbDiv 2025,1,PI 534034
12,39,1537,SbDiv 2025,1,PI 533762
13,39,1564,SbDiv 2025,1,SC0713
14,39,1637,SbDiv 2025,1,PI 534052
15,39,1664,SbDiv 2025,1,PI 534003
16,39,1737,SbDiv 2025,1,PI 597946
17,39,1764,SbDiv 2025,1,SC1058
18,39,1837,SbDiv 2025,1,PI 533960
19,39,1864,SbDiv 2025,1,SC1082
20,39,1937,SbDiv 2025,1,PI 597970
21,39,1964,SbDiv 2025,1,Check
22,39,5037,Mural ExPVP 2025,1,PI 601744
23,39,9401,Border,Border,Border
1,40,9168,Border,Border,Border
2,40,1038,SbDiv 2025,1,PI 533768
3,40,1063,SbDiv 2025,1,PI 576411
4,40,1138,SbDiv 2025,1,PI 533841
5,40,1163,SbDiv 2025,1,PI 534093
6,40,1238,SbDiv 2025,1,PI 534014
7,40,1263,SbDiv 2025,1,SC0923
8,40,1338,SbDiv 2025,1,PI 542718
9,40,1363,SbDiv 2025,1,PI 534166
10,40,1438,SbDiv 2025,1,PI 655989
11,40,1463,SbDiv 2025,1,PI 561073
12,40,1538,SbDiv 2025,1,PI 533791
13,40,1563,SbDiv 2025,1,PI 656114
14,40,1638,SbDiv 2025,1,PI 534035
15,40,1663,SbDiv 2025,1,Check
16,40,1738,SbDiv 2025,1,PI 533911
17,40,1763,SbDiv 2025,1,SC0456
18,40,1838,SbDiv 2025,1,SC0602
19,40,1863,SbDiv 2025,1,PI 533764
20,40,1938,SbDiv 2025,1,SC0400
21,40,1963,SbDiv 2025,1,SC0266
22,40,5038,Mural ExPVP 2025,1,PI 605725
23,40,9402,Border,Border,Border
1,41,9169,Border,Border,Border
2,41,1039,SbDiv 2025,1,PI 533980
3,41,1062,SbDiv 2025,1,PI 533790
4,41,1139,SbDiv 2025,1,PI 533920
5,41,1162,SbDiv 2025,1,PI 655981
6,41,1239,SbDiv 2025,1,PI 533746
7,41,1262,SbDiv 2025,1,Check
8,41,1339,SbDiv 2025,1,PI 597949
9,41,1362,SbDiv 2025,1,PI 576360
10,41,1439,SbDiv 2025,1,PI 576339
11,41,1462,SbDiv 2025,1,PI 534054
12,41,1539,SbDiv 2025,1,PI 533787
13,41,1562,SbDiv 2025,1,PI 576426
14,41,1639,SbDiv 2025,1,PI 656089
15,41,1662,SbDiv 2025,1,PI 533967
16,41,1739,SbDiv 2025,1,PI 656019
17,41,1762,SbDiv 2025,1,PI 576397
18,41,1839,SbDiv 2025,1,PI 534085
19,41,1862,SbDiv 2025,1,Check
20,41,1939,SbDiv 2025,1,PI 534025
21,41,1962,SbDiv 2025,1,PI 533820
22,41,5039,Mural ExPVP 2025,1,PI 601743
23,41,9403,Border,Border,Border
1,42,9170,Border,Border,Border
2,42,1040,SbDiv 2025,1,PI 655995
3,42,1061,SbDiv 2025,1,PI 656075
4,42,1140,SbDiv 2025,1,PI 533772
5,42,1161,SbDiv 2025,1,PI 576350
6,42,1240,SbDiv 2025,1,PI 576363
7,42,1261,SbDiv 2025,1,PI 534131
8,42,1340,SbDiv 2025,1,PI 533755
9,42,1361,SbDiv 2025,1,Check
10,42,1440,SbDiv 2025,1,PI 656020
11,42,1461,SbDiv 2025,1,Check
12,42,1540,SbDiv 2025,1,PI 533773
13,42,1561,SbDiv 2025,1,PI 534107
14,42,1640,SbDiv 2025,1,PI 533966
15,42,1661,SbDiv 2025,1,PI 656078
16,42,1740,SbDiv 2025,1,SC0157
17,42,1761,SbDiv 2025,1,PI 533865
18,42,1840,SbDiv 2025,1,SC0615
19,42,1861,SbDiv 2025,1,PI 533838
20,42,1940,SbDiv 2025,1,PI 576357
21,42,1961,SbDiv 2025,1,PI 597960
22,42,5040,Mural ExPVP 2025,1,PI 605723
23,42,9404,Border,Border,Border
1,43,9171,Border,Border,Border
2,43,1041,SbDiv 2025,1,PI 656042
3,43,1060,SbDiv 2025,1,BTx645
4,43,1141,SbDiv 2025,1,PI 533962
5,43,1160,SbDiv 2025,1,SC0159
6,43,1241,SbDiv 2025,1,PI 533975
7,43,1260,SbDiv 2025,1,PI 576428
8,43,1341,SbDiv 2025,1,PI 656053
9,43,1360,SbDiv 2025,1,PI 597979
10,43,1441,SbDiv 2025,1,PI 595705
11,43,1460,SbDiv 2025,1,PI 595743
12,43,1541,SbDiv 2025,1,PI 595723
13,43,1560,SbDiv 2025,1,PI 576353
14,43,1641,SbDiv 2025,1,PI 534161
15,43,1660,SbDiv 2025,1,PI 533832
16,43,1741,SbDiv 2025,1,PI 533758
17,43,1760,SbDiv 2025,1,PI 597980
18,43,1841,SbDiv 2025,1,SC0753
19,43,1860,SbDiv 2025,1,PI 576422
20,43,1941,SbDiv 2025,1,PI 533797
21,43,1960,SbDiv 2025,1,PI 534000
22,43,5041,Mural ExPVP 2025,1,PI 601756
23,43,9405,Border,Border,Border
1,44,9172,Border,Border,Border
2,44,1042,SbDiv 2025,1,PI 598069
3,44,1059,SbDiv 2025,1,PI 534146
4,44,1142,SbDiv 2025,1,PI 595703
5,44,1159,SbDiv 2025,1,PI 659753
6,44,1242,SbDiv 2025,1,SC0631
7,44,1259,SbDiv 2025,1,PI 595725
8,44,1342,SbDiv 2025,1,PI 595721
9,44,1359,SbDiv 2025,1,PI 576423
10,44,1442,SbDiv 2025,1,PI 533994
11,44,1459,SbDiv 2025,1,PI 533904
12,44,1542,SbDiv 2025,1,PI 656025
13,44,1559,SbDiv 2025,1,PI 533887
14,44,1642,SbDiv 2025,1,PI 534063
15,44,1659,SbDiv 2025,1,PI 576372
16,44,1742,SbDiv 2025,1,PI 656111
17,44,1759,SbDiv 2025,1,PI 595744
18,44,1842,SbDiv 2025,1,PI 576328
19,44,1859,SbDiv 2025,1,PI 656029
20,44,1942,SbDiv 2025,1,PI 533783
21,44,1959,SbDiv 2025,1,PI 533754
22,44,5042,Mural ExPVP 2025,1,PI 613612
23,44,9406,Border,Border,Border
1,45,9173,Border,Border,Border
2,45,1043,SbDiv 2025,1,PI 533852
3,45,1058,SbDiv 2025,1,SC0445
4,45,1143,SbDiv 2025,1,SC0871
5,45,1158,SbDiv 2025,1,PI 534088
6,45,1243,SbDiv 2025,1,Check
7,45,1258,SbDiv 2025,1,PI 533996
8,45,1343,SbDiv 2025,1,Check
9,45,1358,SbDiv 2025,1,PI 656103
10,45,1443,SbDiv 2025,1,PI 153846
11,45,1458,SbDiv 2025,1,SC0297
12,45,1543,SbDiv 2025,1,PI 576355
13,45,1558,SbDiv 2025,1,PI 534037
14,45,1643,SbDiv 2025,1,PI 35038
15,45,1658,SbDiv 2025,1,PI 533780
16,45,1743,SbDiv 2025,1,Check
17,45,1758,SbDiv 2025,1,SC0343
18,45,1843,SbDiv 2025,1,PI 585291
19,45,1858,SbDiv 2025,1,PI 595746
20,45,1943,SbDiv 2025,1,PI 655984
21,45,1958,SbDiv 2025,1,PI 595738
22,45,5043,Mural ExPVP 2025,1,Fill
23,45,9407,Border,Border,Border
1,46,9174,Border,Border,Border
2,46,1044,SbDiv 2025,1,PI 597952
3,46,1057,SbDiv 2025,1,PI 597977
4,46,1144,SbDiv 2025,1,PI 533817
5,46,1157,SbDiv 2025,1,PI 533801
6,46,1244,SbDiv 2025,1,PI 656102
7,46,1257,SbDiv 2025,1,SC0235
8,46,1344,SbDiv 2025,1,SC0247
9,46,1357,SbDiv 2025,1,SC1170
10,46,1444,SbDiv 2025,1,PI 576387
11,46,1457,SbDiv 2025,1,Check
12,46,1544,SbDiv 2025,1,PI 534111
13,46,1557,SbDiv 2025,1,PI 576370
14,46,1644,SbDiv 2025,1,BTx643
15,46,1657,SbDiv 2025,1,PI 656004
16,46,1744,SbDiv 2025,1,PI 576424
17,46,1757,SbDiv 2025,1,PI 656115
18,46,1844,SbDiv 2025,1,PI 564164
19,46,1857,SbDiv 2025,1,PI 656027
20,46,1944,SbDiv 2025,1,PI 576334
21,46,1957,SbDiv 2025,1,Check
22,46,5044,Mural ExPVP 2025,1,PI 543243
23,46,9408,Border,Border,Border
1,47,9175,Border,Border,Border
2,47,1045,SbDiv 2025,1,PI 534140
3,47,1056,SbDiv 2025,1,PI 576352
4,47,1145,SbDiv 2025,1,Check
5,47,1156,SbDiv 2025,1,PI 641824
6,47,1245,SbDiv 2025,1,PI 534127
7,47,1256,SbDiv 2025,1,PI 656113
8,47,1345,SbDiv 2025,1,PI 533936
9,47,1356,SbDiv 2025,1,PI 595702
10,47,1445,SbDiv 2025,1,PI 576366
11,47,1456,SbDiv 2025,1,SC0191
12,47,1545,SbDiv 2025,1,PI 656120
13,47,1556,SbDiv 2025,1,PI 533926
14,47,1645,SbDiv 2025,1,PI 534103
15,47,1656,SbDiv 2025,1,PI 534084
16,47,1745,SbDiv 2025,1,PI 533828
17,47,1756,SbDiv 2025,1,PI 607931
18,47,1845,SbDiv 2025,1,PI 597944
19,47,1856,SbDiv 2025,1,Check
20,47,1945,SbDiv 2025,1,PI 597963
21,47,1956,SbDiv 2025,1,PI 534043
22,47,5045,Mural ExPVP 2025,1,PI 601556
23,47,9409,Border,Border,Border
1,48,9176,Border,Border,Border
2,48,1046,SbDiv 2025,1,PI 656035
3,48,1055,SbDiv 2025,1,PI 576335
4,48,1146,SbDiv 2025,1,PI 533847
5,48,1155,SbDiv 2025,1,PI 533903
6,48,1246,SbDiv 2025,1,PI 533956
7,48,1255,SbDiv 2025,1,SC0895
8,48,1346,SbDiv 2025,1,PI 534095
9,48,1355,SbDiv 2025,1,PI 533913
10,48,1446,SbDiv 2025,1,PI 533979
11,48,1455,SbDiv 2025,1,PI 656034
12,48,1546,SbDiv 2025,1,PI 576331
13,48,1555,SbDiv 2025,1,PI 597954
14,48,1646,SbDiv 2025,1,PI 656051
15,48,1655,SbDiv 2025,1,PI 576399
16,48,1746,SbDiv 2025,1,PI 534132
17,48,1755,SbDiv 2025,1,PI 533830
18,48,1846,SbDiv 2025,1,PI 576347
19,48,1855,SbDiv 2025,1,Check
20,48,1946,SbDiv 2025,1,PI 585295
21,48,1955,SbDiv 2025,1,PI 656064
22,48,5046,Mural ExPVP 2025,1,PI 601553
23,48,9410,Border,Border,Border
1,49,9177,Border,Border,Border
2,49,1047,SbDiv 2025,1,PI 576435
3,49,1054,SbDiv 2025,1,PI 656021
4,49,1147,SbDiv 2025,1,PI 533976
5,49,1154,SbDiv 2025,1,PI 533999
6,49,1247,SbDiv 2025,1,PI 533856
7,49,1254,SbDiv 2025,1,PI 655970
8,49,1347,SbDiv 2025,1,Check
9,49,1354,SbDiv 2025,1,PI 656088
10,49,1447,SbDiv 2025,1,PI 153844
11,49,1454,SbDiv 2025,1,PI 534039
12,49,1547,SbDiv 2025,1,SC0814
13,49,1554,SbDiv 2025,1,PI 533885
14,49,1647,SbDiv 2025,1,PI 533883
15,49,1654,SbDiv 2025,1,SC0409
16,49,1747,SbDiv 2025,1,PI 533959
17,49,1754,SbDiv 2025,1,PI 533862
18,49,1847,SbDiv 2025,1,PI 597950
19,49,1854,SbDiv 2025,1,PI 656079
20,49,1947,SbDiv 2025,1,PI 533990
21,49,1954,SbDiv 2025,1,PI 576343
22,49,5047,Mural ExPVP 2025,1,Fill
23,49,9411,Border,Border,Border
1,50,9178,Border,Border,Border
2,50,1048,SbDiv 2025,1,PI 595741
3,50,1053,SbDiv 2025,1,PI 534042
4,50,1148,SbDiv 2025,1,PI 576414
5,50,1153,SbDiv 2025,1,PI 597982
6,50,1248,SbDiv 2025,1,PI 534055
7,50,1253,SbDiv 2025,1,PI 534108
8,50,1348,SbDiv 2025,1,PI 597967
9,50,1353,SbDiv 2025,1,SC0914
10,50,1448,SbDiv 2025,1,PI 656090
11,50,1453,SbDiv 2025,1,PI 533964
12,50,1548,SbDiv 2025,1,SC0276
13,50,1553,SbDiv 2025,1,PI 597973
14,50,1648,SbDiv 2025,1,PI 534151
15,50,1653,SbDiv 2025,1,PI 533954
16,50,1748,SbDiv 2025,1,PI 656061
17,50,1753,SbDiv 2025,1,PI 534092
18,50,1848,SbDiv 2025,1,PI 153852
19,50,1853,SbDiv 2025,1,PI 552856
20,50,1948,SbDiv 2025,1,PI 533952
21,50,1953,SbDiv 2025,1,PI 576377
22,50,5048,Mural ExPVP 2025,1,PI 601716
23,50,9412,Border,Border,Border
1,51,9179,Border,Border,Border
2,51,1049,SbDiv 2025,1,PI 656073
3,51,1052,SbDiv 2025,1,PI 534068
4,51,1149,SbDiv 2025,1,PI 576378
5,51,1152,SbDiv 2025,1,PI 533777
6,51,1249,SbDiv 2025,1,PI 595727
7,51,1252,SbDiv 2025,1,PI 655971
8,51,1349,SbDiv 2025,1,PI 534157
9,51,1352,SbDiv 2025,1,PI 595745
10,51,1449,SbDiv 2025,1,SC0463
11,51,1452,SbDiv 2025,1,PI 533794
12,51,1549,SbDiv 2025,1,PI 533864
13,51,1552,SbDiv 2025,1,PI 576430
14,51,1649,SbDiv 2025,1,PI 533909
15,51,1652,SbDiv 2025,1,Check
16,51,1749,SbDiv 2025,1,PI 533941
17,51,1752,SbDiv 2025,1,PI 534024
18,51,1849,SbDiv 2025,1,PI 534097
19,51,1852,SbDiv 2025,1,PI 655988
20,51,1949,SbDiv 2025,1,PI 534045
21,51,1952,SbDiv 2025,1,Check
22,51,5049,Mural ExPVP 2025,1,PI 602600
23,51,9413,Border,Border,Border
1,52,9180,Border,Border,Border
2,52,1050,SbDiv 2025,1,PI 576371
3,52,1051,SbDiv 2025,1,Check
4,52,1150,SbDiv 2025,1,SC0027
5,52,1151,SbDiv 2025,1,PI 576354
6,52,1250,SbDiv 2025,1,Check
7,52,1251,SbDiv 2025,1,SC0747
8,52,1350,SbDiv 2025,1,PI 576380
9,52,1351,SbDiv 2025,1,PI 533782
10,52,1450,SbDiv 2025,1,PI 534128
11,52,1451,SbDiv 2025,1,PI 534017
12,52,1550,SbDiv 2025,1,PI 533824
13,52,1551,SbDiv 2025,1,Check
14,52,1650,SbDiv 2025,1,PI 533949
15,52,1651,SbDiv 2025,1,PI 533795
16,52,1750,SbDiv 2025,1,PI 576415
17,52,1751,SbDiv 2025,1,PI 656082
18,52,1850,SbDiv 2025,1,PI 651496
19,52,1851,SbDiv 2025,1,PI 576341
20,52,1950,SbDiv 2025,1,PI 533752
21,52,1951,SbDiv 2025,1,PI 533821
22,52,5050,Mural ExPVP 2025,1,PI 601721
23,52,9414,Border,Border,Border
1,53,9181,Border,Border,Border
2,53,1001,SbDiv 2025,1,PI 533969
3,53,1100,SbDiv 2025,1,PI 656108
4,53,1101,SbDiv 2025,1,PI 533823
5,53,1200,SbDiv 2025,1,PI 656037
6,53,1201,SbDiv 2025,1,PI 548797
7,53,1300,SbDiv 2025,1,SC0438
8,53,1301,SbDiv 2025,1,Check
9,53,1400,SbDiv 2025,1,PI 576337
10,53,1401,SbDiv 2025,1,PI 595731
11,53,1500,SbDiv 2025,1,PI 656014
12,53,1501,SbDiv 2025,1,PI 534139
13,53,1600,SbDiv 2025,1,PI 656063
14,53,1601,SbDiv 2025,1,Check
15,53,1700,SbDiv 2025,1,PI 609456
16,53,1701,SbDiv 2025,1,PI 576398
17,53,1800,SbDiv 2025,1,PI 533785
18,53,1801,SbDiv 2025,1,PI 642793
19,53,1900,SbDiv 2025,1,PI 533944
20,53,1901,SbDiv 2025,1,PI 534109
21,53,9351,Border,Border,Border
22,53,5001,Mural ExPVP 2025,1,PI 544069
23,53,9415,Border,Border,Border
1,54,9182,Border,Border,Border
2,54,1002,SbDiv 2025,1,PI 534049
3,54,1099,SbDiv 2025,1,PI 656009
4,54,1102,SbDiv 2025,1,PI 534152
5,54,1199,SbDiv 2025,1,PI 533972
6,54,1202,SbDiv 2025,1,PI 576356
7,54,1299,SbDiv 2025,1,Check
8,54,1302,SbDiv 2025,1,PI 656018
9,54,1399,SbDiv 2025,1,PI 533854
10,54,1402,SbDiv 2025,1,SC0877
11,54,1499,SbDiv 2025,1,PI 533756
12,54,1502,SbDiv 2025,1,SC1193
13,54,1599,SbDiv 2025,1,PI 534164
14,54,1602,SbDiv 2025,1,PI 656005
15,54,1699,SbDiv 2025,1,PI 656084
16,54,1702,SbDiv 2025,1,PI 533869
17,54,1799,SbDiv 2025,1,PI 655998
18,54,1802,SbDiv 2025,1,PI 656024
19,54,1899,SbDiv 2025,1,Check
20,54,1902,SbDiv 2025,1,PI 576408
21,54,1999,SbDiv 2025,1,PI 576391
22,54,5002,Mural ExPVP 2025,1,PI 601554
23,54,9416,Border,Border,Border
1,55,9183,Border,Border,Border
2,55,2001,SbDiv 2025,2,PI 576411
3,55,2100,SbDiv 2025,2,PI 534033
4,55,2101,SbDiv 2025,2,SC0814
5,55,2200,SbDiv 2025,2,PI 534135
6,55,2201,SbDiv 2025,2,PI 595733
7,55,2300,SbDiv 2025,2,PI 533973
8,55,2301,SbDiv 2025,2,PI 656103
9,55,2400,SbDiv 2025,2,PI 533859
10,55,2401,SbDiv 2025,2,PI 534116
11,55,2500,SbDiv 2025,2,BTx643
12,55,2501,SbDiv 2025,2,PI 576414
13,55,2600,SbDiv 2025,2,PI 533786
14,55,2601,SbDiv 2025,2,PI 656018
15,55,2700,SbDiv 2025,2,PI 597964
16,55,2701,SbDiv 2025,2,SC1216
17,55,2800,SbDiv 2025,2,Check
18,55,2801,SbDiv 2025,2,PI 533986
19,55,2900,SbDiv 2025,2,PI 655973
20,55,2901,SbDiv 2025,2,PI 533908
21,55,9354,Border,Border,Border
22,55,6001,Mural ExPVP 2025,2,PI 601716
23,55,9417,Border,Border,Border
1,56,9184,Border,Border,Border
2,56,2002,SbDiv 2025,2,PI 655987
3,56,2099,SbDiv 2025,2,PI 656039
4,56,2102,SbDiv 2025,2,PI 533899
5,56,2199,SbDiv 2025,2,PI 542718
6,56,2202,SbDiv 2025,2,PI 576380
7,56,2299,SbDiv 2025,2,Check
8,56,2302,SbDiv 2025,2,PI 595742
9,56,2399,SbDiv 2025,2,PI 576352
10,56,2402,SbDiv 2025,2,Check
11,56,2499,SbDiv 2025,2,PI 576374
12,56,2502,SbDiv 2025,2,Check
13,56,2599,SbDiv 2025,2,PI 534068
14,56,2602,SbDiv 2025,2,SC0823
15,56,2699,SbDiv 2025,2,PI 597974
16,56,2702,SbDiv 2025,2,Check
17,56,2799,SbDiv 2025,2,PI 534039
18,56,2802,SbDiv 2025,2,PI 656012
19,56,2899,SbDiv 2025,2,PI 597981
20,56,2902,SbDiv 2025,2,Check
21,56,2999,SbDiv 2025,2,PI 534050
22,56,6002,Mural ExPVP 2025,2,Fill
23,56,9418,Border,Border,Border
1,57,9185,Border,Border,Border
2,57,2003,SbDiv 2025,2,PI 533938
3,57,2098,SbDiv 2025,2,PI 656075
4,57,2103,Mural ExPVP 2025,2,PI 601743
5,57,2198,SbDiv 2025,2,PI 534074
6,57,2203,SbDiv 2025,2,SC0604
7,57,2298,SbDiv 2025,2,SC0517
8,57,2303,SbDiv 2025,2,PI 659694
9,57,2398,SbDiv 2025,2,PI 533894
10,57,2403,SbDiv 2025,2,PI 533948
11,57,2498,SbDiv 2025,2,SC0550
12,57,2503,SbDiv 2025,2,PI 533975
13,57,2598,SbDiv 2025,2,SC0438
14,57,2603,SbDiv 2025,2,PI 656036
15,57,2698,SbDiv 2025,2,PI 595703
16,57,2703,SbDiv 2025,2,PI 533873
17,57,2798,SbDiv 2025,2,SC1119
18,57,2803,SbDiv 2025,2,PI 656016
19,57,2898,SbDiv 2025,2,PI 597967
20,57,2903,SbDiv 2025,2,PI 534117
21,57,2998,SbDiv 2025,2,SC0713
22,57,6003,SbDiv 2025,2,PI 533753
23,57,9419,Mural ExPVP 2025,Border,PI 601743
1,58,9186,Border,Border,Border
2,58,2004,SbDiv 2025,2,Check
3,58,2097,SbDiv 2025,2,PI 533893
4,58,2104,Mural ExPVP 2025,2,PI 613610
5,58,2197,SbDiv 2025,2,PI 595713
6,58,2204,SbDiv 2025,2,PI 656031
7,58,2297,SbDiv 2025,2,PI 576370
8,58,2304,SbDiv 2025,2,PI 534160
9,58,2397,SbDiv 2025,2,PI 656037
10,58,2404,SbDiv 2025,2,SC0156
11,58,2497,SbDiv 2025,2,PI 533827
12,58,2504,SbDiv 2025,2,PI 533813
13,58,2597,SbDiv 2025,2,PI 533983
14,58,2604,SbDiv 2025,2,PI 534096
15,58,2697,SbDiv 2025,2,SC0448
16,58,2704,SbDiv 2025,2,PI 655977
17,58,2797,SbDiv 2025,2,PI 576337
18,58,2804,SbDiv 2025,2,SC0895
19,58,2897,SbDiv 2025,2,PI 655979
20,58,2904,SbDiv 2025,2,PI 595716
21,58,2997,SbDiv 2025,2,PI 656042
22,58,6004,SbDiv 2025,2,SC0027
23,58,9420,Mural ExPVP 2025,Border,PI 613610
1,59,9187,Border,Border,Border
2,59,2005,SbDiv 2025,2,PI 533825
3,59,2096,SbDiv 2025,2,PI 533767
4,59,2105,Mural ExPVP 2025,2,Fill
5,59,2196,SbDiv 2025,2,PI 534077
6,59,2205,SbDiv 2025,2,PI 576385
7,59,2296,SbDiv 2025,2,PI 576373
8,59,2305,SbDiv 2025,2,PI 533981
9,59,2396,SbDiv 2025,2,PI 576413
10,59,2405,SbDiv 2025,2,PI 576382
11,59,2496,SbDiv 2025,2,PI 595706
12,59,2505,SbDiv 2025,2,PI 656069
13,59,2596,SbDiv 2025,2,PI 533773
14,59,2605,SbDiv 2025,2,PI 656013
15,59,2696,SbDiv 2025,2,PI 656113
16,59,2705,SbDiv 2025,2,PI 659696
17,59,2796,SbDiv 2025,2,SC0150
18,59,2805,SbDiv 2025,2,SC0631
19,59,2896,SbDiv 2025,2,PI 561073
20,59,2905,SbDiv 2025,2,PI 534076
21,59,2996,SbDiv 2025,2,PI 534145
22,59,6005,SbDiv 2025,2,PI 534057
23,59,9421,Mural ExPVP 2025,Border,Fill
1,60,9188,Border,Border,Border
2,60,2006,SbDiv 2025,2,SC1107
3,60,2095,SbDiv 2025,2,PI 597945
4,60,2106,Mural ExPVP 2025,2,PI 601554
5,60,2195,SbDiv 2025,2,PI 595712
6,60,2206,SbDiv 2025,2,PI 656048
7,60,2295,SbDiv 2025,2,PI 35038
8,60,2306,SbDiv 2025,2,SC0747
9,60,2395,SbDiv 2025,2,PI 533815
10,60,2406,SbDiv 2025,2,PI 534063
11,60,2495,SbDiv 2025,2,PI 656034
12,60,2506,SbDiv 2025,2,PI 533776
13,60,2595,SbDiv 2025,2,PI 533940
14,60,2606,SbDiv 2025,2,PI 534133
15,60,2695,SbDiv 2025,2,PI 534132
16,60,2706,SbDiv 2025,2,PI 533807
17,60,2795,SbDiv 2025,2,Check
18,60,2806,SbDiv 2025,2,Check
19,60,2895,SbDiv 2025,2,PI 597970
20,60,2906,SbDiv 2025,2,PI 642998
21,60,2995,SbDiv 2025,2,PI 576363
22,60,6006,SbDiv 2025,2,PI 656092
23,60,9422,Mural ExPVP 2025,Border,PI 601554
1,61,9189,Border,Border,Border
2,61,2007,SbDiv 2025,2,PI 533895
3,61,2094,SbDiv 2025,2,PI 656099
4,61,2107,SbDiv 2025,2,PI 533910
5,61,2194,SbDiv 2025,2,PI 533953
6,61,2207,SbDiv 2025,2,PI 533766
7,61,2294,SbDiv 2025,2,PI 533845
8,61,2307,SbDiv 2025,2,PI 534021
9,61,2394,SbDiv 2025,2,PI 533867
10,61,2407,SbDiv 2025,2,PI 534015
11,61,2494,SbDiv 2025,2,PI 533905
12,61,2507,SbDiv 2025,2,PI 534043
13,61,2594,SbDiv 2025,2,PI 533977
14,61,2607,SbDiv 2025,2,PI 34911
15,61,2694,SbDiv 2025,2,PI 534056
16,61,2707,SbDiv 2025,2,PI 534080
17,61,2794,SbDiv 2025,2,PI 534136
18,61,2807,SbDiv 2025,2,PI 597957
19,61,2894,SbDiv 2025,2,PI 597949
20,61,2907,SbDiv 2025,2,PI 534028
21,61,2994,SbDiv 2025,2,PI 576432
22,61,6007,Mural ExPVP 2025,2,Fill
23,61,9423,Border,Border,Border
1,62,9190,Border,Border,Border
2,62,2008,SbDiv 2025,2,PI 576340
3,62,2093,SbDiv 2025,2,PI 533888
4,62,2108,SbDiv 2025,2,Check
5,62,2193,SbDiv 2025,2,PI 597962
6,62,2208,SbDiv 2025,2,PI 656109
7,62,2293,SbDiv 2025,2,Check
8,62,2308,SbDiv 2025,2,PI 595730
9,62,2393,SbDiv 2025,2,PI 656112
10,62,2408,SbDiv 2025,2,PI 574455
11,62,2493,SbDiv 2025,2,SC0263
12,62,2508,SbDiv 2025,2,SC0436
13,62,2593,SbDiv 2025,2,PI 576396
14,62,2608,SbDiv 2025,2,SC1166
15,62,2693,SbDiv 2025,2,SC0249
16,62,2708,SbDiv 2025,2,PI 642793
17,62,2793,SbDiv 2025,2,PI 656027
18,62,2808,SbDiv 2025,2,PI 655994
19,62,2893,SbDiv 2025,2,PI 534166
20,62,2908,SbDiv 2025,2,PI 533999
21,62,2993,SbDiv 2025,2,PI 576381
22,62,6008,Mural ExPVP 2025,2,PI 601556
23,62,9424,Border,Border,Border
1,63,9191,Border,Border,Border
2,63,2009,SbDiv 2025,2,PI 533757
3,63,2092,SbDiv 2025,2,SC0753
4,63,2109,SbDiv 2025,2,PI 534108
5,63,2192,SbDiv 2025,2,PI 656084
6,63,2209,SbDiv 2025,2,PI 642992
7,63,2292,SbDiv 2025,2,PI 533947
8,63,2309,SbDiv 2025,2,PI 533937
9,63,2392,SbDiv 2025,2,Check
10,63,2409,SbDiv 2025,2,PI 534020
11,63,2492,SbDiv 2025,2,PI 656072
12,63,2509,SbDiv 2025,2,SC0878
13,63,2592,SbDiv 2025,2,Check
14,63,2609,SbDiv 2025,2,PI 656121
15,63,2692,SbDiv 2025,2,PI 576389
16,63,2709,SbDiv 2025,2,PI 533811
17,63,2792,SbDiv 2025,2,PI 533858
18,63,2809,SbDiv 2025,2,PI 598069
19,63,2892,SbDiv 2025,2,PI 533842
20,63,2909,SbDiv 2025,2,PI 534005
21,63,2992,SbDiv 2025,2,PI 534011
22,63,6009,Mural ExPVP 2025,2,PI 601555
23,63,9425,Border,Border,Border
1,64,9192,Border,Border,Border
2,64,2010,SbDiv 2025,2,PI 533810
3,64,2091,SbDiv 2025,2,PI 534003
4,64,2110,SbDiv 2025,2,PI 548797
5,64,2191,SbDiv 2025,2,PI 533974
6,64,2210,SbDiv 2025,2,SC0837
7,64,2291,SbDiv 2025,2,PI 533824
8,64,2310,SbDiv 2025,2,PI 576420
9,64,2391,SbDiv 2025,2,SC1442
10,64,2410,SbDiv 2025,2,PI 656102
11,64,2491,SbDiv 2025,2,SC0870
12,64,2510,SbDiv 2025,2,PI 656106
13,64,2591,SbDiv 2025,2,PI 533761
14,64,2610,SbDiv 2025,2,PI 534007
15,64,2691,SbDiv 2025,2,PI 576435
16,64,2710,SbDiv 2025,2,PI 533781
17,64,2791,SbDiv 2025,2,PI 533771
18,64,2810,SbDiv 2025,2,PI 655972
19,64,2891,SbDiv 2025,2,PI 533872
20,64,2910,SbDiv 2025,2,Check
21,64,2991,SbDiv 2025,2,PI 533854
22,64,6010,Mural ExPVP 2025,2,Fill
23,64,9426,Border,Border,Border
1,65,9193,Border,Border,Border
2,65,2011,SbDiv 2025,2,PI 656083
3,65,2090,SbDiv 2025,2,PI 534009
4,65,2111,SbDiv 2025,2,PI 542406
5,65,2190,SbDiv 2025,2,PI 534127
6,65,2211,SbDiv 2025,2,PI 595736
7,65,2290,SbDiv 2025,2,PI 656067
8,65,2311,SbDiv 2025,2,PI 656114
9,65,2390,SbDiv 2025,2,Check
10,65,2411,SbDiv 2025,2,PI 585291
11,65,2490,SbDiv 2025,2,PI 534152
12,65,2511,SbDiv 2025,2,PI 533866
13,65,2590,SbDiv 2025,2,PI 534159
14,65,2611,SbDiv 2025,2,PI 576328
15,65,2690,SbDiv 2025,2,PI 597980
16,65,2711,SbDiv 2025,2,PI 533968
17,65,2790,SbDiv 2025,2,PI 597979
18,65,2811,SbDiv 2025,2,PI 656044
19,65,2890,SbDiv 2025,2,PI 595702
20,65,2911,SbDiv 2025,2,PI 597960
21,65,2990,SbDiv 2025,2,PI 534042
22,65,6011,Mural ExPVP 2025,2,PI 601553
23,65,9427,Border,Border,Border
1,66,9194,Border,Border,Border
2,66,2012,SbDiv 2025,2,PI 533861
3,66,2089,SbDiv 2025,2,PI 533789
4,66,2112,SbDiv 2025,2,PI 533831
5,66,2189,SbDiv 2025,2,PI 276837
6,66,2212,SbDiv 2025,2,SC0235
7,66,2289,SbDiv 2025,2,PI 576410
8,66,2312,SbDiv 2025,2,PI 533787
9,66,2389,SbDiv 2025,2,PI 576406
10,66,2412,SbDiv 2025,2,PI 576377
11,66,2489,SbDiv 2025,2,PI 534073
12,66,2512,SbDiv 2025,2,PI 533754
13,66,2589,SbDiv 2025,2,PI 656074
14,66,2612,SbDiv 2025,2,PI 533942
15,66,2689,SbDiv 2025,2,Check
16,66,2712,SbDiv 2025,2,PI 533830
17,66,2789,SbDiv 2025,2,PI 534147
18,66,2812,SbDiv 2025,2,PI 533978
19,66,2889,SbDiv 2025,2,PI 576347
20,66,2912,SbDiv 2025,2,Check
21,66,2989,SbDiv 2025,2,SC0521
22,66,6012,Mural ExPVP 2025,2,PI 603983
23,66,9428,Border,Border,Border
1,67,9195,Border,Border,Border
2,67,2013,SbDiv 2025,2,SC0470
3,67,2088,SbDiv 2025,2,PI 534071
4,67,2113,SbDiv 2025,2,PI 576395
5,67,2188,SbDiv 2025,2,SC0777
6,67,2213,SbDiv 2025,2,PI 534019
7,67,2288,SbDiv 2025,2,PI 534099
8,67,2313,SbDiv 2025,2,PI 576346
9,67,2388,SbDiv 2025,2,PI 641836
10,67,2413,SbDiv 2025,2,PI 534102
11,67,2488,SbDiv 2025,2,PI 48770
12,67,2513,SbDiv 2025,2,PI 576416
13,67,2588,SbDiv 2025,2,PI 534087
14,67,2613,SbDiv 2025,2,PI 533792
15,67,2688,SbDiv 2025,2,SC0041
16,67,2713,SbDiv 2025,2,PI 534098
17,67,2788,SbDiv 2025,2,PI 656040
18,67,2813,SbDiv 2025,2,PI 533752
19,67,2888,SbDiv 2025,2,PI 534026
20,67,2913,SbDiv 2025,2,PI 656116
21,67,2988,SbDiv 2025,2,PI 576390
22,67,6013,Mural ExPVP 2025,2,PI 554650
23,67,9429,Border,Border,Border
1,68,9196,Border,Border,Border
2,68,2014,SbDiv 2025,2,PI 576392
3,68,2087,SbDiv 2025,2,PI 534143
4,68,2114,SbDiv 2025,2,PI 533804
5,68,2187,SbDiv 2025,2,Check
6,68,2214,SbDiv 2025,2,SC0615
7,68,2287,SbDiv 2025,2,PI 533922
8,68,2314,SbDiv 2025,2,PI 656009
9,68,2387,SbDiv 2025,2,PI 564164
10,68,2414,SbDiv 2025,2,PI 656111
11,68,2487,SbDiv 2025,2,PI 576412
12,68,2514,SbDiv 2025,2,PI 533823
13,68,2587,SbDiv 2025,2,PI 329435
14,68,2614,SbDiv 2025,2,PI 533949
15,68,2687,SbDiv 2025,2,PI 576358
16,68,2714,SbDiv 2025,2,PI 656047
17,68,2787,SbDiv 2025,2,PI 534118
18,68,2814,SbDiv 2025,2,PI 597950
19,68,2887,SbDiv 2025,2,PI 533970
20,68,2914,SbDiv 2025,2,PI 534027
21,68,2987,SbDiv 2025,2,PI 534101
22,68,6014,Mural ExPVP 2025,2,PI 543243
23,68,9430,Border,Border,Border
1,69,9197,Border,Border,Border
2,69,2015,SbDiv 2025,2,Check
3,69,2086,SbDiv 2025,2,SC0297
4,69,2115,SbDiv 2025,2,PI 656035
5,69,2186,SbDiv 2025,2,PI 533794
6,69,2215,SbDiv 2025,2,PI 534069
7,69,2286,SbDiv 2025,2,PI 629040
8,69,2315,SbDiv 2025,2,PI 576437
9,69,2386,SbDiv 2025,2,PI 656066
10,69,2415,SbDiv 2025,2,PI 655996
11,69,2486,SbDiv 2025,2,PI 576386
12,69,2515,SbDiv 2025,2,Check
13,69,2586,SbDiv 2025,2,PI 534025
14,69,2615,SbDiv 2025,2,PI 534051
15,69,2686,SbDiv 2025,2,PI 656088
16,69,2715,SbDiv 2025,2,PI 533782
17,69,2786,SbDiv 2025,2,PI 533989
18,69,2815,SbDiv 2025,2,Check
19,69,2886,SbDiv 2025,2,PI 595748
20,69,2915,SbDiv 2025,2,PI 533906
21,69,2986,SbDiv 2025,2,PI 534141
22,69,6015,Mural ExPVP 2025,2,Fill
23,69,9431,Border,Border,Border
1,70,9198,Border,Border,Border
2,70,2016,SbDiv 2025,2,PI 595711
3,70,2085,SbDiv 2025,2,PI 534048
4,70,2116,SbDiv 2025,2,Check
5,70,2185,SbDiv 2025,2,PI 533760
6,70,2216,SbDiv 2025,2,Check
7,70,2285,SbDiv 2025,2,PI 595747
8,70,2316,SbDiv 2025,2,PI 534000
9,70,2385,SbDiv 2025,2,PI 597944
10,70,2416,SbDiv 2025,2,PI 533880
11,70,2485,SbDiv 2025,2,PI 629034
12,70,2516,SbDiv 2025,2,PI 533855
13,70,2585,SbDiv 2025,2,PI 656091
14,70,2616,SbDiv 2025,2,SC0685
15,70,2685,SbDiv 2025,2,PI 534035
16,70,2716,SbDiv 2025,2,PI 597972
17,70,2785,SbDiv 2025,2,PI 534054
18,70,2816,SbDiv 2025,2,PI 533820
19,70,2885,SbDiv 2025,2,Check
20,70,2916,SbDiv 2025,2,PI 576422
21,70,2985,SbDiv 2025,2,PI 533967
22,70,6016,Mural ExPVP 2025,2,PI 606788
23,70,9432,Border,Border,Border
1,71,9199,Border,Border,Border
2,71,2017,SbDiv 2025,2,PI 533889
3,71,2084,SbDiv 2025,2,PI 534022
4,71,2117,SbDiv 2025,2,PI 533846
5,71,2184,SbDiv 2025,2,PI 595726
6,71,2217,SbDiv 2025,2,PI 533843
7,71,2284,SbDiv 2025,2,PI 576353
8,71,2317,SbDiv 2025,2,PI 534065
9,71,2384,SbDiv 2025,2,PI 534162
10,71,2417,SbDiv 2025,2,PI 595701
11,71,2484,SbDiv 2025,2,PI 653617
12,71,2517,SbDiv 2025,2,PI 533927
13,71,2584,SbDiv 2025,2,PI 656043
14,71,2617,SbDiv 2025,2,PI 576379
15,71,2684,SbDiv 2025,2,PI 595729
16,71,2717,SbDiv 2025,2,SC0409
17,71,2784,SbDiv 2025,2,SC0847
18,71,2817,SbDiv 2025,2,PI 534115
19,71,2884,SbDiv 2025,2,PI 534059
20,71,2917,SbDiv 2025,2,PI 597968
21,71,2984,SbDiv 2025,2,PI 534079
22,71,6017,Mural ExPVP 2025,2,PI 554648
23,71,9433,Border,Border,Border
1,72,9200,Border,Border,Border
2,72,2018,SbDiv 2025,2,PI 534062
3,72,2083,SbDiv 2025,2,SC0157
4,72,2118,SbDiv 2025,2,SC0858
5,72,2183,SbDiv 2025,2,PI 656038
6,72,2218,SbDiv 2025,2,SC0581
7,72,2283,SbDiv 2025,2,PI 597954
8,72,2318,SbDiv 2025,2,SC0602
9,72,2383,SbDiv 2025,2,PI 533887
10,72,2418,SbDiv 2025,2,PI 533863
11,72,2483,SbDiv 2025,2,PI 656017
12,72,2518,SbDiv 2025,2,PI 533836
13,72,2583,SbDiv 2025,2,PI 533799
14,72,2618,SbDiv 2025,2,PI 656100
15,72,2683,SbDiv 2025,2,PI 595746
16,72,2718,SbDiv 2025,2,PI 534067
17,72,2783,SbDiv 2025,2,PI 533869
18,72,2818,SbDiv 2025,2,PI 656054
19,72,2883,SbDiv 2025,2,PI 533755
20,72,2918,SbDiv 2025,2,PI 533838
21,72,2983,SbDiv 2025,2,PI 576362
22,72,6018,Mural ExPVP 2025,2,PI 562623
23,72,9434,Border,Border,Border
1,73,9201,Border,Border,Border
2,73,2019,SbDiv 2025,2,PI 641874
3,73,2082,SbDiv 2025,2,PI 534158
4,73,2119,SbDiv 2025,2,PI 534004
5,73,2182,SbDiv 2025,2,SC0505
6,73,2219,SbDiv 2025,2,PI 561072
7,73,2282,SbDiv 2025,2,PI 597943
8,73,2319,SbDiv 2025,2,Check
9,73,2382,SbDiv 2025,2,PI 655995
10,73,2419,SbDiv 2025,2,SC1097
11,73,2482,SbDiv 2025,2,PI 533802
12,73,2519,SbDiv 2025,2,PI 595738
13,73,2582,SbDiv 2025,2,PI 656107
14,73,2619,SbDiv 2025,2,PI 533914
15,73,2682,SbDiv 2025,2,PI 533995
16,73,2719,SbDiv 2025,2,SC0848
17,73,2782,SbDiv 2025,2,PI 533946
18,73,2819,SbDiv 2025,2,PI 655983
19,73,2882,SbDiv 2025,2,PI 533993
20,73,2919,SbDiv 2025,2,Check
21,73,2982,SbDiv 2025,2,PI 534031
22,73,6019,Mural ExPVP 2025,2,PI 619402
23,73,9435,Border,Border,Border
1,74,9202,Border,Border,Border
2,74,2020,SbDiv 2025,2,PI 576424
3,74,2081,SbDiv 2025,2,PI 533783
4,74,2120,SbDiv 2025,2,PI 533944
5,74,2181,SbDiv 2025,2,PI 533840
6,74,2220,SbDiv 2025,2,PI 597951
7,74,2281,SbDiv 2025,2,SC0923
8,74,2320,SbDiv 2025,2,PI 656089
9,74,2381,SbDiv 2025,2,PI 533874
10,74,2420,SbDiv 2025,2,PI 601816
11,74,2481,SbDiv 2025,2,PI 576334
12,74,2520,SbDiv 2025,2,Check
13,74,2581,SbDiv 2025,2,PI 656029
14,74,2620,SbDiv 2025,2,SC0877
15,74,2681,SbDiv 2025,2,PI 656007
16,74,2720,SbDiv 2025,2,Check
17,74,2781,SbDiv 2025,2,PI 576368
18,74,2820,SbDiv 2025,2,PI 533878
19,74,2881,SbDiv 2025,2,PI 534126
20,74,2920,SbDiv 2025,2,PI 533750
21,74,2981,SbDiv 2025,2,PI 656033
22,74,6020,Mural ExPVP 2025,2,Fill
23,74,9436,Border,Border,Border
1,75,9203,Border,Border,Border
2,75,2021,SbDiv 2025,2,PI 656095
3,75,2080,SbDiv 2025,2,PI 597953
4,75,2121,SbDiv 2025,2,PI 533832
5,75,2180,SbDiv 2025,2,PI 576371
6,75,2221,SbDiv 2025,2,PI 651492
7,75,2280,SbDiv 2025,2,PI 533883
8,75,2321,SbDiv 2025,2,PI 656115
9,75,2380,SbDiv 2025,2,PI 153844
10,75,2421,SbDiv 2025,2,SC0138
11,75,2480,SbDiv 2025,2,PI 656023
12,75,2521,SbDiv 2025,2,PI 533886
13,75,2580,SbDiv 2025,2,SC1082
14,75,2621,SbDiv 2025,2,SC0247
15,75,2680,SbDiv 2025,2,PI 534092
16,75,2721,SbDiv 2025,2,PI 576375
17,75,2780,SbDiv 2025,2,PI 564165
18,75,2821,SbDiv 2025,2,PI 655971
19,75,2880,SbDiv 2025,2,PI 595721
20,75,2921,SbDiv 2025,2,PI 595744
21,75,2980,SbDiv 2025,2,PI 533856
22,75,6021,Mural ExPVP 2025,2,PI 544069
23,75,9437,Border,Border,Border
1,76,9204,Border,Border,Border
2,76,2022,SbDiv 2025,2,SC0159
3,76,2079,SbDiv 2025,2,PI 533915
4,76,2122,SbDiv 2025,2,PI 534064
5,76,2179,SbDiv 2025,2,PI 533919
6,76,2222,SbDiv 2025,2,PI 534123
7,76,2279,SbDiv 2025,2,PI 533784
8,76,2322,SbDiv 2025,2,PI 552856
9,76,2379,SbDiv 2025,2,PI 533791
10,76,2422,SbDiv 2025,2,PI 533808
11,76,2479,SbDiv 2025,2,SC0965
12,76,2522,SbDiv 2025,2,PI 656058
13,76,2579,SbDiv 2025,2,SC0914
14,76,2622,SbDiv 2025,2,SC0276
15,76,2679,SbDiv 2025,2,PI 533865
16,76,2722,SbDiv 2025,2,SC0551
17,76,2779,SbDiv 2025,2,PI 534001
18,76,2822,SbDiv 2025,2,PI 655975
19,76,2879,SbDiv 2025,2,PI 533962
20,76,2922,SbDiv 2025,2,PI 656093
21,76,2979,SbDiv 2025,2,PI 533909
22,76,6022,Mural ExPVP 2025,2,Fill
23,76,9438,Border,Border,Border
1,77,9205,Border,Border,Border
2,77,2023,SbDiv 2025,2,SC0640
3,77,2078,SbDiv 2025,2,PI 533900
4,77,2123,SbDiv 2025,2,PI 597963
5,77,2178,SbDiv 2025,2,PI 656118
6,77,2223,SbDiv 2025,2,PI 576360
7,77,2278,SbDiv 2025,2,SC0834
8,77,2323,SbDiv 2025,2,SC0445
9,77,2378,SbDiv 2025,2,PI 533795
10,77,2423,SbDiv 2025,2,PI 534034
11,77,2478,SbDiv 2025,2,PI 534148
12,77,2523,SbDiv 2025,2,PI 576357
13,77,2578,SbDiv 2025,2,PI 576372
14,77,2623,SbDiv 2025,2,PI 533819
15,77,2678,SbDiv 2025,2,PI 595708
16,77,2723,SbDiv 2025,2,PI 534082
17,77,2778,SbDiv 2025,2,PI 656006
18,77,2823,SbDiv 2025,2,PI 656056
19,77,2878,SbDiv 2025,2,PI 533818
20,77,2923,SbDiv 2025,2,SC0343
21,77,2978,SbDiv 2025,2,PI 533871
22,77,6023,Mural ExPVP 2025,2,PI 574407
23,77,9439,Border,Border,Border
1,78,9206,Border,Border,Border
2,78,2024,SbDiv 2025,2,SC0652
3,78,2077,SbDiv 2025,2,PI 534153
4,78,2124,SbDiv 2025,2,PI 533833
5,78,2177,SbDiv 2025,2,PI 659691
6,78,2224,SbDiv 2025,2,SC0190
7,78,2277,SbDiv 2025,2,PI 597947
8,78,2324,SbDiv 2025,2,PI 534081
9,78,2377,SbDiv 2025,2,PI 533879
10,78,2424,SbDiv 2025,2,PI 534151
11,78,2477,SbDiv 2025,2,PI 656101
12,78,2524,SbDiv 2025,2,PI 576345
13,78,2577,SbDiv 2025,2,PI 564163
14,78,2624,SbDiv 2025,2,PI 576407
15,78,2677,SbDiv 2025,2,PI 597969
16,78,2724,SbDiv 2025,2,PI 656024
17,78,2777,SbDiv 2025,2,PI 576330
18,78,2824,SbDiv 2025,2,PI 576331
19,78,2877,SbDiv 2025,2,PI 534024
20,78,2924,SbDiv 2025,2,PI 576426
21,78,2977,SbDiv 2025,2,PI 533803
22,78,6024,Mural ExPVP 2025,2,PI 601744
23,78,9440,Border,Border,Border
1,79,9207,Border,Border,Border
2,79,2025,SbDiv 2025,2,PI 655976
3,79,2076,SbDiv 2025,2,Check
4,79,2125,SbDiv 2025,2,PI 656003
5,79,2176,SbDiv 2025,2,PI 595743
6,79,2225,SbDiv 2025,2,Check
7,79,2276,SbDiv 2025,2,PI 656050
8,79,2325,SbDiv 2025,2,Check
9,79,2376,SbDiv 2025,2,PI 597978
10,79,2425,SbDiv 2025,2,PI 595714
11,79,2476,SbDiv 2025,2,Check
12,79,2525,SbDiv 2025,2,PI 533959
13,79,2576,SbDiv 2025,2,PI 656082
14,79,2625,SbDiv 2025,2,PI 533774
15,79,2676,SbDiv 2025,2,Check
16,79,2725,SbDiv 2025,2,PI 533762
17,79,2776,SbDiv 2025,2,Check
18,79,2825,SbDiv 2025,2,PI 533928
19,79,2876,SbDiv 2025,2,PI 534094
20,79,2925,SbDiv 2025,2,Check
21,79,2976,SbDiv 2025,2,PI 533797
22,79,6025,Mural ExPVP 2025,2,PI 605723
23,79,9441,Border,Border,Border
1,80,9208,Border,Border,Border
2,80,2026,SbDiv 2025,2,PI 534105
3,80,2075,SbDiv 2025,2,PI 655984
4,80,2126,SbDiv 2025,2,PI 24969
5,80,2175,SbDiv 2025,2,PI 534060
6,80,2226,SbDiv 2025,2,PI 533954
7,80,2275,SbDiv 2025,2,PI 656104
8,80,2326,SbDiv 2025,2,SC1133
9,80,2375,SbDiv 2025,2,PI 597959
10,80,2426,SbDiv 2025,2,Check
11,80,2475,SbDiv 2025,2,PI 534040
12,80,2526,SbDiv 2025,2,PI 533971
13,80,2575,SbDiv 2025,2,PI 534049
14,80,2626,SbDiv 2025,2,PI 576409
15,80,2675,SbDiv 2025,2,PI 576365
16,80,2726,SbDiv 2025,2,PI 561071
17,80,2775,SbDiv 2025,2,PI 656086
18,80,2826,SbDiv 2025,2,PI 597971
19,80,2875,SbDiv 2025,2,PI 655974
20,80,2926,SbDiv 2025,2,PI 534070
21,80,2975,SbDiv 2025,2,SC0236
22,80,6026,Mural ExPVP 2025,2,PI 543247
23,80,9442,Border,Border,Border
1,81,9209,Border,Border,Border
2,81,2027,SbDiv 2025,2,PI 534097
3,81,2074,SbDiv 2025,2,PI 533817
4,81,2127,SbDiv 2025,2,PI 534144
5,81,2174,SbDiv 2025,2,PI 595745
6,81,2227,SbDiv 2025,2,SC0178
7,81,2274,SbDiv 2025,2,PI 656108
8,81,2327,SbDiv 2025,2,PI 656008
9,81,2374,SbDiv 2025,2,SC0854
10,81,2427,SbDiv 2025,2,PI 576349
11,81,2474,SbDiv 2025,2,PI 656026
12,81,2527,SbDiv 2025,2,Check
13,81,2574,SbDiv 2025,2,PI 533779
14,81,2627,SbDiv 2025,2,PI 534058
15,81,2674,SbDiv 2025,2,PI 534047
16,81,2727,SbDiv 2025,2,SC0999
17,81,2774,SbDiv 2025,2,PI 533918
18,81,2827,SbDiv 2025,2,PI 534036
19,81,2874,SbDiv 2025,2,SC0547
20,81,2927,SbDiv 2025,2,PI 595724
21,81,2974,SbDiv 2025,2,PI 534093
22,81,6027,Mural ExPVP 2025,2,PI 605726
23,81,9443,Border,Border,Border
1,82,9210,Border,Border,Border
2,82,2028,SbDiv 2025,2,SC1446
3,82,2073,SbDiv 2025,2,PI 576391
4,82,2128,SbDiv 2025,2,PI 595709
5,82,2173,SbDiv 2025,2,PI 534053
6,82,2228,SbDiv 2025,2,PI 655978
7,82,2273,SbDiv 2025,2,PI 613536
8,82,2328,SbDiv 2025,2,PI 576397
9,82,2373,SbDiv 2025,2,PI 651496
10,82,2428,SbDiv 2025,2,PI 642791
11,82,2473,SbDiv 2025,2,PI 576394
12,82,2528,SbDiv 2025,2,PI 533785
13,82,2573,SbDiv 2025,2,PI 534085
14,82,2628,SbDiv 2025,2,PI 653616
15,82,2673,SbDiv 2025,2,PI 561472
16,82,2728,SbDiv 2025,2,PI 655981
17,82,2773,SbDiv 2025,2,PI 533912
18,82,2828,SbDiv 2025,2,PI 533965
19,82,2873,SbDiv 2025,2,Check
20,82,2928,SbDiv 2025,2,Check
21,82,2973,SbDiv 2025,2,PI 595710
22,82,6028,Mural ExPVP 2025,2,Fill
23,82,9444,Border,Border,Border
1,83,9211,Border,Border,Border
2,83,2029,SbDiv 2025,2,PI 533777
3,83,2072,SbDiv 2025,2,PI 533884
4,83,2129,SbDiv 2025,2,Check
5,83,2172,SbDiv 2025,2,PI 534146
6,83,2229,SbDiv 2025,2,PI 534016
7,83,2272,SbDiv 2025,2,PI 533898
8,83,2329,SbDiv 2025,2,PI 533982
9,83,2372,SbDiv 2025,2,PI 533780
10,83,2429,SbDiv 2025,2,PI 656065
11,83,2472,SbDiv 2025,2,PI 534149
12,83,2529,SbDiv 2025,2,PI 656073
13,83,2572,SbDiv 2025,2,PI 655970
14,83,2629,SbDiv 2025,2,PI 533796
15,83,2672,SbDiv 2025,2,Check
16,83,2729,SbDiv 2025,2,PI 534090
17,83,2772,SbDiv 2025,2,PI 533963
18,83,2829,SbDiv 2025,2,PI 533921
19,83,2872,SbDiv 2025,2,PI 656059
20,83,2929,SbDiv 2025,2,PI 533972
21,83,2972,SbDiv 2025,2,BTx645
22,83,6029,Mural ExPVP 2025,2,PI 602600
23,83,9445,Border,Border,Border
1,84,9212,Border,Border,Border
2,84,2030,SbDiv 2025,2,Fill
3,84,2071,SbDiv 2025,2,PI 533876
4,84,2130,SbDiv 2025,2,PI 656015
5,84,2171,SbDiv 2025,2,PI 153846
6,84,2230,SbDiv 2025,2,Check
7,84,2271,SbDiv 2025,2,PI 533926
8,84,2330,SbDiv 2025,2,BTx399
9,84,2371,SbDiv 2025,2,PI 655990
10,84,2430,SbDiv 2025,2,SC0003
11,84,2471,SbDiv 2025,2,PI 534155
12,84,2530,SbDiv 2025,2,PI 533885
13,84,2571,SbDiv 2025,2,PI 533809
14,84,2630,SbDiv 2025,2,PI 533850
15,84,2671,SbDiv 2025,2,PI 533862
16,84,2730,SbDiv 2025,2,PI 533857
17,84,2771,SbDiv 2025,2,PI 533745
18,84,2830,SbDiv 2025,2,PI 533853
19,84,2871,SbDiv 2025,2,PI 534091
20,84,2930,SbDiv 2025,2,PI 533758
21,84,2971,SbDiv 2025,2,PI 656079
22,84,6030,Mural ExPVP 2025,2,PI 601415
23,84,9446,Border,Border,Border
1,85,9213,Border,Border,Border
2,85,2031,SbDiv 2025,2,PI 533877
3,85,2070,SbDiv 2025,2,PI 656051
4,85,2131,SbDiv 2025,2,PI 533979
5,85,2170,SbDiv 2025,2,PI 656094
6,85,2231,SbDiv 2025,2,PI 533775
7,85,2270,SbDiv 2025,2,PI 655989
8,85,2331,SbDiv 2025,2,PI 576366
9,85,2370,SbDiv 2025,2,Check
10,85,2431,SbDiv 2025,2,PI 656046
11,85,2470,SbDiv 2025,2,SC1024
12,85,2531,SbDiv 2025,2,PI 576387
13,85,2570,SbDiv 2025,2,PI 534044
14,85,2631,SbDiv 2025,2,PI 533749
15,85,2670,SbDiv 2025,2,PI 534023
16,85,2731,SbDiv 2025,2,PI 576399
17,85,2770,SbDiv 2025,2,PI 533837
18,85,2831,SbDiv 2025,2,PI 595719
19,85,2870,SbDiv 2025,2,SC0266
20,85,2931,SbDiv 2025,2,PI 534138
21,85,2970,SbDiv 2025,2,PI 576402
22,85,6031,Mural ExPVP 2025,2,PI 596567
23,85,9447,Border,Border,Border
1,86,9214,Border,Border,Border
2,86,2032,SbDiv 2025,2,Check
3,86,2069,SbDiv 2025,2,SC0893
4,86,2132,SbDiv 2025,2,PI 534018
5,86,2169,SbDiv 2025,2,PI 534111
6,86,2232,SbDiv 2025,2,PI 597973
7,86,2269,SbDiv 2025,2,PI 533860
8,86,2332,SbDiv 2025,2,SC0759
9,86,2369,SbDiv 2025,2,PI 656120
10,86,2432,SbDiv 2025,2,PI 656004
11,86,2469,SbDiv 2025,2,PI 576425
12,86,2532,SbDiv 2025,2,PI 629059
13,86,2569,SbDiv 2025,2,PI 595727
14,86,2632,SbDiv 2025,2,PI 533764
15,86,2669,SbDiv 2025,2,PI 656025
16,86,2732,SbDiv 2025,2,Check
17,86,2769,SbDiv 2025,2,PI 576427
18,86,2832,SbDiv 2025,2,PI 533790
19,86,2869,SbDiv 2025,2,Check
20,86,2932,SbDiv 2025,2,PI 534104
21,86,2969,SbDiv 2025,2,PI 533931
22,86,6032,Mural ExPVP 2025,2,PI 605725
23,86,9448,Border,Border,Border
1,87,9215,Border,Border,Border
2,87,2033,SbDiv 2025,2,SC1170
3,87,2068,SbDiv 2025,2,PI 659695
4,87,2133,SbDiv 2025,2,PI 576333
5,87,2168,SbDiv 2025,2,PI 595741
6,87,2233,SbDiv 2025,2,PI 533939
7,87,2268,SbDiv 2025,2,PI 576342
8,87,2333,SbDiv 2025,2,PI 655998
9,87,2368,SbDiv 2025,2,PI 533917
10,87,2433,SbDiv 2025,2,PI 595735
11,87,2468,SbDiv 2025,2,PI 533844
12,87,2533,SbDiv 2025,2,PI 656005
13,87,2568,SbDiv 2025,2,PI 576423
14,87,2633,SbDiv 2025,2,PI 656085
15,87,2668,SbDiv 2025,2,PI 533829
16,87,2733,SbDiv 2025,2,PI 534100
17,87,2768,SbDiv 2025,2,PI 595734
18,87,2833,SbDiv 2025,2,PI 533907
19,87,2868,SbDiv 2025,2,PI 533964
20,87,2933,SbDiv 2025,2,PI 595739
21,87,2968,SbDiv 2025,2,PI 533847
22,87,6033,Mural ExPVP 2025,2,PI 596332
23,87,9449,Border,Border,Border
1,88,9216,Border,Border,Border
2,88,2034,SbDiv 2025,2,PI 534124
3,88,2067,SbDiv 2025,2,PI 595704
4,88,2134,SbDiv 2025,2,PI 534041
5,88,2167,SbDiv 2025,2,Check
6,88,2234,SbDiv 2025,2,SC0616
7,88,2267,SbDiv 2025,2,SC0636
8,88,2334,SbDiv 2025,2,SC0412
9,88,2367,SbDiv 2025,2,PI 576434
10,88,2434,SbDiv 2025,2,PI 153852
11,88,2467,SbDiv 2025,2,PI 533839
12,88,2534,SbDiv 2025,2,PI 576436
13,88,2567,SbDiv 2025,2,Check
14,88,2634,SbDiv 2025,2,PI 597982
15,88,2667,SbDiv 2025,2,PI 533822
16,88,2734,SbDiv 2025,2,PI 534120
17,88,2767,SbDiv 2025,2,PI 597956
18,88,2834,SbDiv 2025,2,PI 533805
19,88,2867,SbDiv 2025,2,PI 540816
20,88,2934,SbDiv 2025,2,PI 533960
21,88,2967,SbDiv 2025,2,Check
22,88,6034,Mural ExPVP 2025,2,PI 555457
23,88,9450,Border,Border,Border
1,89,9217,Border,Border,Border
2,89,2035,SbDiv 2025,2,PI 597961
3,89,2066,SbDiv 2025,2,PI 595737
4,89,2135,SbDiv 2025,2,PI 655992
5,89,2166,SbDiv 2025,2,PI 597966
6,89,2235,SbDiv 2025,2,PI 576433
7,89,2266,SbDiv 2025,2,PI 656064
8,89,2335,SbDiv 2025,2,PI 595725
9,89,2366,SbDiv 2025,2,SC0618
10,89,2435,SbDiv 2025,2,PI 641849
11,89,2466,SbDiv 2025,2,PI 656076
12,89,2535,SbDiv 2025,2,PI 656000
13,89,2566,SbDiv 2025,2,PI 656049
14,89,2635,SbDiv 2025,2,PI 576359
15,89,2666,SbDiv 2025,2,PI 595717
16,89,2735,SbDiv 2025,2,PI 576429
17,89,2766,SbDiv 2025,2,PI 533788
18,89,2835,SbDiv 2025,2,PI 534066
19,89,2866,SbDiv 2025,2,SC0556
20,89,2935,SbDiv 2025,2,PI 576400
21,89,2966,SbDiv 2025,2,SC0191
22,89,6035,Mural ExPVP 2025,2,PI 601721
23,89,9451,Border,Border,Border
1,90,9218,Border,Border,Border
2,90,2036,SbDiv 2025,2,PI 655980
3,90,2065,SbDiv 2025,2,PI 534055
4,90,2136,SbDiv 2025,2,PI 533891
5,90,2165,SbDiv 2025,2,Check
6,90,2236,SbDiv 2025,2,SC1178
7,90,2265,SbDiv 2025,2,PI 576378
8,90,2336,SbDiv 2025,2,PI 576335
9,90,2365,SbDiv 2025,2,PI 659693
10,90,2436,SbDiv 2025,2,PI 533911
11,90,2465,SbDiv 2025,2,PI 656021
12,90,2536,SbDiv 2025,2,PI 534010
13,90,2565,SbDiv 2025,2,PI 656080
14,90,2636,SbDiv 2025,2,PI 533990
15,90,2665,SbDiv 2025,2,PI 533849
16,90,2736,SbDiv 2025,2,PI 595722
17,90,2765,SbDiv 2025,2,PI 533930
18,90,2836,SbDiv 2025,2,SC0871
19,90,2865,SbDiv 2025,2,PI 597965
20,90,2936,SbDiv 2025,2,PI 17548
21,90,2965,SbDiv 2025,2,PI 533998
22,90,6036,Mural ExPVP 2025,2,PI 574397
23,90,9452,Border,Border,Border
1,91,9219,Border,Border,Border
2,91,2037,SbDiv 2025,2,PI 533920
3,91,2064,SbDiv 2025,2,PI 533841
4,91,2137,SbDiv 2025,2,PI 656022
5,91,2164,SbDiv 2025,2,PI 576130
6,91,2237,SbDiv 2025,2,PI 534008
7,91,2264,SbDiv 2025,2,PI 533882
8,91,2337,SbDiv 2025,2,Check
9,91,2364,SbDiv 2025,2,PI 533932
10,91,2437,SbDiv 2025,2,PI 656090
11,91,2464,SbDiv 2025,2,PI 576343
12,91,2537,SbDiv 2025,2,PI 565121
13,91,2564,SbDiv 2025,2,PI 533992
14,91,2637,SbDiv 2025,2,Check
15,91,2664,SbDiv 2025,2,PI 656057
16,91,2737,SbDiv 2025,2,PI 576361
17,91,2764,SbDiv 2025,2,PI 655986
18,91,2837,SbDiv 2025,2,PI 533985
19,91,2864,SbDiv 2025,2,PI 534125
20,91,2937,SbDiv 2025,2,SC0400
21,91,2964,SbDiv 2025,2,Check
22,91,6037,Mural ExPVP 2025,2,Fill
23,91,9453,Border,Border,Border
1,92,9220,Border,Border,Border
2,92,2038,SbDiv 2025,2,PI 533848
3,92,2063,SbDiv 2025,2,PI 534150
4,92,2138,SbDiv 2025,2,PI 534163
5,92,2163,SbDiv 2025,2,PI 576431
6,92,2238,SbDiv 2025,2,PI 533951
7,92,2263,SbDiv 2025,2,PI 534014
8,92,2338,SbDiv 2025,2,PI 576404
9,92,2363,SbDiv 2025,2,PI 534119
10,92,2438,SbDiv 2025,2,PI 533966
11,92,2463,SbDiv 2025,2,PI 534156
12,92,2538,SbDiv 2025,2,PI 533950
13,92,2563,SbDiv 2025,2,PI 533924
14,92,2638,SbDiv 2025,2,PI 533746
15,92,2663,SbDiv 2025,2,PI 656061
16,92,2738,SbDiv 2025,2,PI 533747
17,92,2763,SbDiv 2025,2,PI 534072
18,92,2838,SbDiv 2025,2,PI 576341
19,92,2863,SbDiv 2025,2,PI 534083
20,92,2938,SbDiv 2025,2,SC1023
21,92,2963,SbDiv 2025,2,PI 576430
22,92,6038,Mural ExPVP 2025,2,PI 613613
23,92,9454,Border,Border,Border
1,93,9221,Border,Border,Border
2,93,2039,SbDiv 2025,2,PI 534107
3,93,2062,SbDiv 2025,2,Check
4,93,2139,SbDiv 2025,2,PI 656087
5,93,2162,SbDiv 2025,2,PI 552861
6,93,2239,SbDiv 2025,2,PI 533934
7,93,2262,SbDiv 2025,2,PI 533798
8,93,2339,SbDiv 2025,2,PI 597958
9,93,2362,SbDiv 2025,2,PI 533961
10,93,2439,SbDiv 2025,2,PI 534165
11,93,2462,SbDiv 2025,2,PI 656071
12,93,2539,SbDiv 2025,2,Check
13,93,2562,SbDiv 2025,2,PI 533816
14,93,2639,SbDiv 2025,2,PI 533800
15,93,2662,SbDiv 2025,2,PI 576356
16,93,2739,SbDiv 2025,2,PI 533759
17,93,2762,SbDiv 2025,2,PI 533852
18,93,2839,SbDiv 2025,2,Check
19,93,2862,SbDiv 2025,2,PI 595728
20,93,2939,SbDiv 2025,2,PI 533987
21,93,2962,SbDiv 2025,2,PI 576336
22,93,6039,Mural ExPVP 2025,2,PI 554646
23,93,9455,Border,Border,Border
1,94,9222,Border,Border,Border
2,94,2040,SbDiv 2025,2,PI 533958
3,94,2061,SbDiv 2025,2,PI 534037
4,94,2140,SbDiv 2025,2,PI 534088
5,94,2161,SbDiv 2025,2,SC0371
6,94,2240,SbDiv 2025,2,PI 576398
7,94,2261,SbDiv 2025,2,PI 534161
8,94,2340,SbDiv 2025,2,PI 656110
9,94,2361,SbDiv 2025,2,PI 595720
10,94,2440,SbDiv 2025,2,PI 576421
11,94,2461,SbDiv 2025,2,PI 533933
12,94,2540,SbDiv 2025,2,SC1120
13,94,2561,SbDiv 2025,2,PI 655982
14,94,2640,SbDiv 2025,2,PI 533943
15,94,2661,SbDiv 2025,2,PI 595700
16,94,2740,SbDiv 2025,2,SC0864
17,94,2761,SbDiv 2025,2,SC0463
18,94,2840,SbDiv 2025,2,PI 534154
19,94,2861,SbDiv 2025,2,SC0092
20,94,2940,SbDiv 2025,2,PI 533913
21,94,2961,SbDiv 2025,2,PI 533955
22,94,6040,Mural ExPVP 2025,2,PI 613612
23,94,9456,Border,Border,Border
1,95,9223,Border,Border,Border
2,95,2041,SbDiv 2025,2,PI 533751
3,95,2060,SbDiv 2025,2,PI 534167
4,95,2141,SbDiv 2025,2,PI 576332
5,95,2160,SbDiv 2025,2,PI 597976
6,95,2241,SbDiv 2025,2,SC0179
7,95,2260,SbDiv 2025,2,PI 534134
8,95,2341,SbDiv 2025,2,PI 656011
9,95,2360,SbDiv 2025,2,PI 656096
10,95,2441,SbDiv 2025,2,PI 533821
11,95,2460,SbDiv 2025,2,PI 659753
12,95,2541,SbDiv 2025,2,PI 534095
13,95,2560,SbDiv 2025,2,PI 656070
14,95,2641,SbDiv 2025,2,Check
15,95,2660,SbDiv 2025,2,SC1193
16,95,2741,SbDiv 2025,2,PI 598070
17,95,2760,SbDiv 2025,2,PI 576369
18,95,2841,SbDiv 2025,2,SC0314
19,95,2860,SbDiv 2025,2,Check
20,95,2941,SbDiv 2025,2,Check
21,95,2960,SbDiv 2025,2,PI 576329
22,95,6041,Mural ExPVP 2025,2,PI 602599
23,95,9457,Border,Border,Border
1,96,9224,Border,Border,Border
2,96,2042,SbDiv 2025,2,PI 534110
3,96,2059,SbDiv 2025,2,PI 595732
4,96,2142,SbDiv 2025,2,Check
5,96,2159,SbDiv 2025,2,PI 533770
6,96,2242,SbDiv 2025,2,PI 656081
7,96,2259,SbDiv 2025,2,Check
8,96,2342,SbDiv 2025,2,PI 534052
9,96,2359,SbDiv 2025,2,PI 534078
10,96,2442,SbDiv 2025,2,Check
11,96,2459,SbDiv 2025,2,PI 533870
12,96,2542,SbDiv 2025,2,PI 597977
13,96,2559,SbDiv 2025,2,PI 533881
14,96,2642,SbDiv 2025,2,PI 534075
15,96,2659,SbDiv 2025,2,PI 656053
16,96,2742,SbDiv 2025,2,PI 576405
17,96,2759,SbDiv 2025,2,PI 533851
18,96,2842,SbDiv 2025,2,PI 595699
19,96,2859,SbDiv 2025,2,SC0921
20,96,2942,SbDiv 2025,2,PI 533828
21,96,2959,SbDiv 2025,2,PI 576418
22,96,6042,Mural ExPVP 2025,2,PI 554649
23,96,9458,Border,Border,Border
1,97,9225,Border,Border,Border
2,97,2043,SbDiv 2025,2,SC0860
3,97,2058,SbDiv 2025,2,PI 533904
4,97,2143,SbDiv 2025,2,PI 576376
5,97,2158,SbDiv 2025,2,PI 534103
6,97,2243,SbDiv 2025,2,PI 534129
7,97,2258,SbDiv 2025,2,PI 533901
8,97,2343,SbDiv 2025,2,SC0479
9,97,2358,SbDiv 2025,2,PI 655991
10,97,2443,SbDiv 2025,2,PI 533980
11,97,2458,SbDiv 2025,2,SC0542
12,97,2543,SbDiv 2025,2,PI 533896
13,97,2558,SbDiv 2025,2,PI 566819
14,97,2643,SbDiv 2025,2,SC1058
15,97,2658,SbDiv 2025,2,PI 656032
16,97,2743,SbDiv 2025,2,SC0540
17,97,2758,SbDiv 2025,2,PI 534137
18,97,2843,SbDiv 2025,2,PI 576367
19,97,2858,SbDiv 2025,2,PI 534112
20,97,2943,SbDiv 2025,2,PI 22326
21,97,2958,SbDiv 2025,2,PI 576393
22,97,6043,Mural ExPVP 2025,2,PI 605724
23,97,9459,Border,Border,Border
1,98,9226,Border,Border,Border
2,98,2044,SbDiv 2025,2,SC0456
3,98,2057,SbDiv 2025,2,PI 533814
4,98,2144,SbDiv 2025,2,PI 533902
5,98,2157,SbDiv 2025,2,PI 659692
6,98,2244,SbDiv 2025,2,PI 533994
7,98,2257,SbDiv 2025,2,PI 595740
8,98,2344,SbDiv 2025,2,PI 152651
9,98,2357,SbDiv 2025,2,PI 656068
10,98,2444,SbDiv 2025,2,PI 534084
11,98,2457,SbDiv 2025,2,PI 597946
12,98,2544,SbDiv 2025,2,PI 533976
13,98,2557,SbDiv 2025,2,Check
14,98,2644,SbDiv 2025,2,PI 534106
15,98,2657,SbDiv 2025,2,PI 533952
16,98,2744,SbDiv 2025,2,PI 533984
17,98,2757,SbDiv 2025,2,PI 534121
18,98,2844,SbDiv 2025,2,PI 534006
19,98,2857,SbDiv 2025,2,PI 576403
20,98,2944,SbDiv 2025,2,SC0287
21,98,2957,SbDiv 2025,2,PI 534139
22,98,6044,Mural ExPVP 2025,2,PI 601557
23,98,9460,Border,Border,Border
1,99,9227,Border,Border,Border
2,99,2045,SbDiv 2025,2,PI 576428
3,99,2056,SbDiv 2025,2,PI 533903
4,99,2145,SbDiv 2025,2,PI 656014
5,99,2156,SbDiv 2025,2,PI 533778
6,99,2245,SbDiv 2025,2,PI 533897
7,99,2256,SbDiv 2025,2,PI 533772
8,99,2345,SbDiv 2025,2,PI 533812
9,99,2356,SbDiv 2025,2,PI 576408
10,99,2445,SbDiv 2025,2,PI 534157
11,99,2456,SbDiv 2025,2,PI 656019
12,99,2545,SbDiv 2025,2,PI 576355
13,99,2556,SbDiv 2025,2,PI 656097
14,99,2645,SbDiv 2025,2,PI 656052
15,99,2656,SbDiv 2025,2,PI 533991
16,99,2745,SbDiv 2025,2,PI 597955
17,99,2756,SbDiv 2025,2,PI 656055
18,99,2845,SbDiv 2025,2,PI 656117
19,99,2856,SbDiv 2025,2,PI 533765
20,99,2945,SbDiv 2025,2,PI 534017
21,99,2956,SbDiv 2025,2,PI 655997
22,99,6045,Mural ExPVP 2025,2,PI 613611
23,99,9461,Border,Border,Border
1,100,9228,Border,Border,Border
2,100,2046,SbDiv 2025,2,PI 576383
3,100,2055,SbDiv 2025,2,PI 534038
4,100,2146,SbDiv 2025,2,SC0201
5,100,2155,SbDiv 2025,2,PI 656062
6,100,2246,SbDiv 2025,2,PI 533916
7,100,2255,SbDiv 2025,2,SC0741
8,100,2346,SbDiv 2025,2,Check
9,100,2355,SbDiv 2025,2,PI 656030
10,100,2446,SbDiv 2025,2,PI 533925
11,100,2455,SbDiv 2025,2,PI 534142
12,100,2546,SbDiv 2025,2,PI 533864
13,100,2555,SbDiv 2025,2,PI 534002
14,100,2646,SbDiv 2025,2,PI 595723
15,100,2655,SbDiv 2025,2,PI 655988
16,100,2746,SbDiv 2025,2,Check
17,100,2755,SbDiv 2025,2,PI 533929
18,100,2846,SbDiv 2025,2,PI 533988
19,100,2855,SbDiv 2025,2,PI 533923
20,100,2946,SbDiv 2025,2,PI 533769
21,100,2955,SbDiv 2025,2,Check
22,100,6046,Mural ExPVP 2025,2,PI 554654
23,100,9462,Border,Border,Border
1,101,9229,Border,Border,Border
2,101,2047,SbDiv 2025,2,PI 576417
3,101,2054,SbDiv 2025,2,PI 534046
4,101,2147,SbDiv 2025,2,PI 533941
5,101,2154,SbDiv 2025,2,PI 534086
6,101,2247,SbDiv 2025,2,PI 534140
7,101,2254,SbDiv 2025,2,PI 533890
8,101,2347,SbDiv 2025,2,PI 656020
9,101,2354,SbDiv 2025,2,PI 533956
10,101,2447,SbDiv 2025,2,PI 576401
11,101,2454,SbDiv 2025,2,PI 656105
12,101,2547,SbDiv 2025,2,PI 656078
13,101,2554,SbDiv 2025,2,PI 534032
14,101,2647,SbDiv 2025,2,PI 641824
15,101,2654,SbDiv 2025,2,PI 597975
16,101,2747,SbDiv 2025,2,PI 534122
17,101,2754,SbDiv 2025,2,PI 595718
18,101,2847,SbDiv 2025,2,PI 533756
19,101,2854,SbDiv 2025,2,PI 576339
20,101,2947,SbDiv 2025,2,SC0582
21,101,2954,SbDiv 2025,2,PI 656098
22,101,6047,Mural ExPVP 2025,2,PI 594355
23,101,9463,Border,Border,Border
1,102,9230,Border,Border,Border
2,102,2048,SbDiv 2025,2,PI 576364
3,102,2053,SbDiv 2025,2,PI 576419
4,102,2148,SbDiv 2025,2,PI 576348
5,102,2153,SbDiv 2025,2,PI 534013
6,102,2248,SbDiv 2025,2,SC0868
7,102,2253,SbDiv 2025,2,Fill
8,102,2348,SbDiv 2025,2,PI 597952
9,102,2353,SbDiv 2025,2,PI 595705
10,102,2448,SbDiv 2025,2,PI 656041
11,102,2453,SbDiv 2025,2,PI 607931
12,102,2548,SbDiv 2025,2,PI 576350
13,102,2553,SbDiv 2025,2,PI 656001
14,102,2648,SbDiv 2025,2,PI 534131
15,102,2653,SbDiv 2025,2,PI 533768
16,102,2748,SbDiv 2025,2,PI 595731
17,102,2753,SbDiv 2025,2,Check
18,102,2848,SbDiv 2025,2,SC0458
19,102,2853,SbDiv 2025,2,PI 656002
20,102,2948,SbDiv 2025,2,PI 533834
21,102,2953,SbDiv 2025,2,PI 534128
22,102,6048,Mural ExPVP 2025,2,PI 574398
23,102,9464,Border,Border,Border
1,103,9231,Border,Border,Border
2,103,2049,SbDiv 2025,2,PI 656060
3,103,2052,SbDiv 2025,2,PI 534164
4,103,2149,SbDiv 2025,2,PI 533835
5,103,2152,SbDiv 2025,2,Check
6,103,2249,SbDiv 2025,2,PI 534114
7,103,2252,SbDiv 2025,2,PI 585295
8,103,2349,SbDiv 2025,2,PI 534030
9,103,2352,SbDiv 2025,2,PI 534130
10,103,2449,SbDiv 2025,2,SC1021
11,103,2452,SbDiv 2025,2,PI 534089
12,103,2549,SbDiv 2025,2,Check
13,103,2552,SbDiv 2025,2,SC1114
14,103,2649,SbDiv 2025,2,PI 656077
15,103,2652,SbDiv 2025,2,PI 329440
16,103,2749,SbDiv 2025,2,PI 576415
17,103,2752,SbDiv 2025,2,PI 534113
18,103,2849,SbDiv 2025,2,PI 533936
19,103,2852,SbDiv 2025,2,PI 655999
20,103,2949,SbDiv 2025,2,PI 533969
21,103,2952,SbDiv 2025,2,PI 533997
22,103,6049,Mural ExPVP 2025,2,PI 561926
23,103,9465,Border,Border,Border
1,104,9232,Border,Border,Border
2,104,2050,SbDiv 2025,2,Check
3,104,2051,SbDiv 2025,2,PI 533763
4,104,2150,SbDiv 2025,2,PI 533801
5,104,2151,SbDiv 2025,2,PI 533935
6,104,2250,SbDiv 2025,2,PI 534109
7,104,2251,SbDiv 2025,2,PI 533793
8,104,2350,SbDiv 2025,2,PI 655985
9,104,2351,SbDiv 2025,2,PI 609456
10,104,2450,SbDiv 2025,2,PI 533957
11,104,2451,SbDiv 2025,2,PI 576351
12,104,2550,SbDiv 2025,2,PI 656028
13,104,2551,SbDiv 2025,2,PI 576354
14,104,2650,SbDiv 2025,2,PI 534045
15,104,2651,SbDiv 2025,2,PI 656063
16,104,2750,SbDiv 2025,2,PI 656010
17,104,2751,SbDiv 2025,2,PI 533996
18,104,2850,SbDiv 2025,2,PI 576344
19,104,2851,SbDiv 2025,2,PI 656119
20,104,2950,SbDiv 2025,2,PI 576338
21,104,2951,SbDiv 2025,2,PI 534061
22,104,6050,Mural ExPVP 2025,2,PI 601756
23,104,9466,Border,Border,Border
1,105,9233,Border,Border,Border
2,105,9236,Border,Border,Border
3,105,9245,Border,Border,Border
4,105,9248,Border,Border,Border
5,105,9257,Border,Border,Border
6,105,9260,Border,Border,Border
7,105,9269,Border,Border,Border
8,105,9272,Border,Border,Border
9,105,9281,Border,Border,Border
10,105,9284,Border,Border,Border
11,105,9293,Border,Border,Border
12,105,9296,Border,Border,Border
13,105,9305,Border,Border,Border
14,105,9308,Border,Border,Border
15,105,9317,Border,Border,Border
16,105,9320,Border,Border,Border
17,105,9329,Border,Border,Border
18,105,9332,Border,Border,Border
19,105,9341,Border,Border,Border
20,105,9344,Border,Border,Border
21,105,9355,Border,Border,Border
22,105,9358,Border,Border,Border
23,105,9467,Border,Border,Border
1,106,9234,Border,Border,Border
2,106,9235,Border,Border,Border
3,106,9246,Border,Border,Border
4,106,9247,Border,Border,Border
5,106,9258,Border,Border,Border
6,106,9259,Border,Border,Border
7,106,9270,Border,Border,Border
8,106,9271,Border,Border,Border
9,106,9282,Border,Border,Border
10,106,9283,Border,Border,Border
11,106,9294,Border,Border,Border
12,106,9295,Border,Border,Border
13,106,9306,Border,Border,Border
14,106,9307,Border,Border,Border
15,106,9318,Border,Border,Border
16,106,9319,Border,Border,Border
17,106,9330,Border,Border,Border
18,106,9331,Border,Border,Border
19,106,9342,Border,Border,Border
20,106,9343,Border,Border,Border
21,106,9356,Border,Border,Border
22,106,9357,Border,Border,Border
23,106,9468,Border,Border,Border
